customer_id,email,country,signup_date,acquisition_channel,age_group,is_premium
CUST_00001,williamsjeffrey@example.net,IN,2024-05-11,direct,35-44,False
CUST_00002,mgriffith@example.com,US,2023-04-19,direct,55+,True
CUST_00003,jason94@example.org,IN,2023-11-24,organic,25-34,False
CUST_00004,leslie66@example.com,IN,2024-04-12,paid_search,55+,False
CUST_00005,uvaldez@example.org,SG,2023-12-15,organic,25-34,False
CUST_00006,wburke@example.com,IN,2023-09-22,paid_search,35-44,True
CUST_00007,xneal@example.org,IN,2023-10-23,email,55+,False
CUST_00008,amandamccoy@example.org,US,2023-02-03,referral,18-24,False
CUST_00009,wroman@example.org,IN,2023-10-22,email,55+,False
CUST_00010,zriley@example.net,SG,2023-10-08,direct,18-24,True
CUST_00011,frederickkrista@example.net,US,2023-06-27,organic,25-34,False
CUST_00012,elizabeth12@example.org,IN,2023-10-23,direct,35-44,True
CUST_00013,wendysantos@example.net,IN,2023-10-03,email,18-24,False
CUST_00014,dunlapjerry@example.com,SG,2023-05-13,paid_search,25-34,False
CUST_00015,tbates@example.org,AU,2023-07-29,direct,55+,False
CUST_00016,taraschneider@example.com,GB,2023-09-09,organic,25-34,False
CUST_00017,millsaustin@example.org,SG,2023-09-03,organic,25-34,False
CUST_00018,gonzalezroy@example.org,GB,2024-03-16,email,25-34,False
CUST_00019,carsonrobert@example.com,GB,2023-11-04,direct,45-54,True
CUST_00020,jason31@example.net,IN,2023-04-19,referral,55+,False
CUST_00021,robinfaulkner@example.net,SG,2024-03-30,referral,45-54,False
CUST_00022,zhangbarbara@example.com,SG,2023-04-18,organic,18-24,False
CUST_00023,portiz@example.com,US,2023-04-29,direct,45-54,False
CUST_00024,danielblake@example.com,IN,2023-10-26,social,55+,False
CUST_00025,samuel38@example.com,GB,2024-03-05,organic,18-24,False
CUST_00026,joshuawilliamson@example.net,US,2024-02-22,direct,35-44,True
CUST_00027,igutierrez@example.net,IN,2023-12-04,organic,35-44,False
CUST_00028,fhernandez@example.com,SG,2023-05-19,organic,35-44,False
CUST_00029,joshua99@example.com,US,2024-01-30,paid_search,35-44,False
CUST_00030,paigedonaldson@example.net,AU,2024-02-23,referral,18-24,False
CUST_00031,nguyenmichelle@example.org,IN,2024-01-15,email,35-44,False
CUST_00032,owendiane@example.com,GB,2023-07-07,organic,18-24,False
CUST_00033,abishop@example.org,AU,2023-02-23,referral,25-34,True
CUST_00034,cmendez@example.com,AU,2024-01-05,paid_search,35-44,False
CUST_00035,michelle42@example.com,SG,2024-04-16,paid_search,55+,False
CUST_00036,leonmanuel@example.org,IN,2024-06-19,email,45-54,False
CUST_00037,kim84@example.org,IN,2024-05-19,referral,45-54,True
CUST_00038,garciamaria@example.org,IN,2023-06-24,organic,55+,False
CUST_00039,jacob33@example.com,IN,2024-04-02,organic,18-24,False
CUST_00040,tracy51@example.org,GB,2023-01-25,organic,55+,False
CUST_00041,floresjames@example.net,SG,2024-06-03,referral,25-34,False
CUST_00042,josephrogers@example.org,SG,2024-03-19,paid_search,45-54,False
CUST_00043,cortezsteven@example.com,IN,2023-05-28,direct,45-54,False
CUST_00044,luis32@example.net,SG,2023-11-16,direct,18-24,False
CUST_00045,zfowler@example.net,IN,2024-05-16,social,35-44,False
CUST_00046,amy63@example.net,IN,2023-03-26,paid_search,55+,False
CUST_00047,moorejanet@example.com,IN,2023-11-24,social,25-34,False
CUST_00048,dillonbenjamin@example.net,SG,2023-02-28,referral,18-24,True
CUST_00049,martinjoseph@example.org,GB,2024-02-24,organic,25-34,True
CUST_00050,cmurray@example.org,SG,2024-01-13,social,18-24,True
CUST_00051,christopheredwards@example.com,AU,2023-01-02,email,45-54,False
CUST_00052,ballkenneth@example.com,AU,2024-06-25,referral,45-54,True
CUST_00053,kingdouglas@example.net,IN,2023-08-19,organic,55+,False
CUST_00054,holtryan@example.com,US,2023-02-17,organic,18-24,False
CUST_00055,villarrealtanya@example.net,AU,2024-01-26,referral,25-34,True
CUST_00056,tmayer@example.com,IN,2024-01-30,paid_search,18-24,False
CUST_00057,melaniepoole@example.org,GB,2024-06-08,social,18-24,False
CUST_00058,patrickburke@example.org,IN,2024-03-18,referral,18-24,False
CUST_00059,vincentatkins@example.com,US,2023-11-22,referral,55+,False
CUST_00060,greenetracy@example.net,IN,2023-07-22,direct,35-44,False
CUST_00061,christopher49@example.com,IN,2023-11-04,direct,35-44,False
CUST_00062,isaacchapman@example.com,IN,2023-02-26,referral,55+,False
CUST_00063,torressarah@example.org,SG,2023-02-26,referral,35-44,True
CUST_00064,hollywebb@example.org,GB,2023-09-29,paid_search,35-44,False
CUST_00065,lunaerik@example.com,GB,2023-12-07,direct,35-44,False
CUST_00066,robertschristina@example.net,SG,2024-05-22,direct,55+,False
CUST_00067,staceycohen@example.org,IN,2024-05-30,paid_search,35-44,True
CUST_00068,tiffanyperez@example.org,US,2023-03-25,paid_search,35-44,False
CUST_00069,sheila96@example.net,US,2023-06-13,paid_search,35-44,False
CUST_00070,hillcassidy@example.net,AU,2023-07-15,organic,18-24,False
CUST_00071,perezteresa@example.net,IN,2023-08-03,email,25-34,False
CUST_00072,ztorres@example.net,IN,2023-07-23,social,55+,False
CUST_00073,frederick44@example.com,IN,2024-03-11,organic,25-34,False
CUST_00074,yjones@example.net,SG,2023-10-14,paid_search,45-54,True
CUST_00075,brian66@example.net,IN,2023-08-28,organic,35-44,False
CUST_00076,marvinhouse@example.com,US,2023-07-13,email,55+,False
CUST_00077,calvin39@example.net,AU,2023-11-12,direct,25-34,False
CUST_00078,belleric@example.net,GB,2023-07-03,paid_search,45-54,True
CUST_00079,calvinfisher@example.net,US,2023-09-16,social,25-34,False
CUST_00080,gonzalezchristine@example.net,IN,2024-06-28,organic,45-54,False
CUST_00081,ybecker@example.net,IN,2023-12-24,paid_search,25-34,True
CUST_00082,washingtonandrea@example.com,IN,2023-05-31,email,18-24,False
CUST_00083,michelle92@example.com,IN,2023-08-05,referral,45-54,False
CUST_00084,gleonard@example.org,IN,2024-02-21,organic,18-24,False
CUST_00085,jennifersanchez@example.org,IN,2023-07-22,email,18-24,True
CUST_00086,etran@example.net,IN,2023-12-04,email,45-54,False
CUST_00087,daniel70@example.com,IN,2024-02-02,referral,25-34,False
CUST_00088,collinslori@example.net,IN,2023-12-05,referral,25-34,False
CUST_00089,cochranelizabeth@example.com,AU,2023-02-24,email,55+,False
CUST_00090,debrataylor@example.org,US,2023-04-07,email,55+,False
CUST_00091,clarkejerry@example.net,IN,2023-11-14,direct,35-44,False
CUST_00092,ibryant@example.org,SG,2023-05-30,social,25-34,False
CUST_00093,christopher92@example.org,SG,2023-08-22,organic,35-44,False
CUST_00094,russell75@example.org,US,2023-11-30,referral,35-44,False
CUST_00095,murphywhitney@example.net,US,2023-12-10,referral,45-54,False
CUST_00096,ianwelch@example.net,US,2023-05-12,email,55+,False
CUST_00097,christopher14@example.com,IN,2024-04-25,paid_search,35-44,False
CUST_00098,mary78@example.net,IN,2023-06-04,organic,25-34,False
CUST_00099,tammie12@example.com,GB,2024-04-19,organic,45-54,False
CUST_00100,otodd@example.com,SG,2024-05-04,direct,45-54,False
CUST_00101,alvaradoemily@example.net,IN,2023-07-09,direct,18-24,False
CUST_00102,xanderson@example.com,US,2023-03-24,paid_search,25-34,False
CUST_00103,steelevirginia@example.org,SG,2024-06-24,organic,55+,False
CUST_00104,jimharrell@example.net,SG,2023-04-05,social,55+,False
CUST_00105,townsendlarry@example.net,IN,2024-04-07,social,55+,False
CUST_00106,erika00@example.org,SG,2024-01-28,referral,45-54,False
CUST_00107,michaelvasquez@example.com,SG,2024-01-04,paid_search,35-44,False
CUST_00108,arnolddavid@example.net,SG,2024-02-09,paid_search,35-44,False
CUST_00109,barrettmichael@example.com,IN,2023-08-10,email,35-44,False
CUST_00110,elizabeth69@example.org,IN,2023-03-04,paid_search,45-54,False
CUST_00111,haleyvonne@example.org,IN,2023-06-16,social,35-44,False
CUST_00112,ztaylor@example.org,IN,2023-11-19,social,45-54,False
CUST_00113,norrisjustin@example.org,AU,2024-03-29,organic,55+,False
CUST_00114,ystout@example.org,AU,2023-01-05,email,45-54,False
CUST_00115,kristinwells@example.com,SG,2023-11-22,direct,55+,False
CUST_00116,ohernandez@example.org,SG,2023-06-21,email,45-54,False
CUST_00117,kmcguire@example.org,IN,2023-10-30,direct,45-54,False
CUST_00118,shafferashley@example.net,AU,2023-12-30,referral,55+,True
CUST_00119,hjones@example.org,SG,2023-11-03,direct,18-24,True
CUST_00120,michael45@example.org,IN,2023-11-29,social,25-34,True
CUST_00121,hawkinssean@example.org,IN,2023-10-22,social,35-44,False
CUST_00122,kelly60@example.net,IN,2023-10-22,social,35-44,False
CUST_00123,mariosmith@example.org,IN,2024-01-01,referral,18-24,False
CUST_00124,kirk88@example.org,IN,2023-09-29,organic,18-24,False
CUST_00125,victoriamendoza@example.com,IN,2023-07-12,organic,55+,True
CUST_00126,ggarcia@example.org,SG,2023-04-09,organic,55+,False
CUST_00127,tkane@example.net,US,2023-12-28,email,25-34,False
CUST_00128,hevans@example.org,US,2023-03-30,paid_search,35-44,True
CUST_00129,hendersonsamantha@example.net,AU,2023-01-20,referral,45-54,False
CUST_00130,ghines@example.net,IN,2023-06-04,direct,25-34,True
CUST_00131,slane@example.com,GB,2023-08-23,referral,18-24,False
CUST_00132,kgutierrez@example.net,US,2024-03-15,email,55+,False
CUST_00133,reedalexander@example.com,IN,2023-10-15,direct,35-44,True
CUST_00134,shelley16@example.org,GB,2023-11-23,organic,45-54,False
CUST_00135,amy36@example.net,GB,2024-05-08,social,25-34,False
CUST_00136,underwoodnicole@example.net,AU,2024-02-10,email,55+,False
CUST_00137,williamsamanda@example.com,US,2024-02-23,social,45-54,False
CUST_00138,markcoleman@example.org,IN,2024-04-05,paid_search,18-24,False
CUST_00139,fuentesjake@example.org,IN,2023-12-17,social,55+,False
CUST_00140,orozcochristopher@example.net,IN,2023-10-22,social,35-44,True
CUST_00141,maxsolomon@example.net,IN,2023-06-14,email,35-44,False
CUST_00142,patricia49@example.com,US,2024-04-08,email,55+,True
CUST_00143,thomas08@example.com,IN,2023-05-29,direct,45-54,False
CUST_00144,camachobrandon@example.org,US,2023-07-06,direct,45-54,False
CUST_00145,jfreeman@example.com,IN,2023-01-14,paid_search,45-54,False
CUST_00146,cynthiaherrera@example.net,US,2023-08-26,email,45-54,False
CUST_00147,curtis40@example.com,SG,2023-09-25,direct,55+,False
CUST_00148,lwalters@example.org,SG,2024-06-29,email,35-44,False
CUST_00149,susan38@example.com,IN,2023-05-30,direct,55+,False
CUST_00150,frederickcarla@example.com,IN,2024-06-20,paid_search,45-54,False
CUST_00151,charlescastillo@example.net,AU,2024-04-02,referral,55+,False
CUST_00152,heather53@example.com,GB,2023-03-20,email,25-34,False
CUST_00153,gordonhall@example.net,IN,2023-08-23,referral,25-34,False
CUST_00154,reesesamantha@example.com,SG,2023-02-12,direct,25-34,False
CUST_00155,cford@example.net,IN,2024-01-17,organic,55+,False
CUST_00156,dbates@example.org,SG,2024-01-07,paid_search,18-24,False
CUST_00157,kpetersen@example.com,IN,2024-01-07,organic,45-54,False
CUST_00158,ohaynes@example.com,US,2024-03-24,organic,25-34,True
CUST_00159,jeremy85@example.net,AU,2024-03-13,organic,25-34,True
CUST_00160,jtyler@example.net,US,2023-11-20,referral,25-34,False
CUST_00161,susanjames@example.org,SG,2023-10-23,social,35-44,False
CUST_00162,gary95@example.net,IN,2023-11-30,referral,18-24,False
CUST_00163,angela70@example.net,AU,2023-03-19,paid_search,25-34,False
CUST_00164,pageelizabeth@example.com,IN,2023-03-05,paid_search,55+,True
CUST_00165,potterchristine@example.org,SG,2023-01-03,direct,55+,False
CUST_00166,cynthia89@example.com,IN,2023-01-26,direct,35-44,False
CUST_00167,mercadopaul@example.com,IN,2023-12-19,paid_search,35-44,False
CUST_00168,kjenkins@example.net,SG,2024-04-30,paid_search,45-54,True
CUST_00169,briannielsen@example.org,US,2023-06-24,email,25-34,True
CUST_00170,matthewmiller@example.org,US,2023-05-09,referral,55+,False
CUST_00171,martinezholly@example.com,IN,2023-12-08,direct,35-44,False
CUST_00172,garrett99@example.com,SG,2023-07-31,social,45-54,True
CUST_00173,sandragray@example.com,GB,2023-01-31,direct,35-44,False
CUST_00174,stacey23@example.com,IN,2023-01-21,direct,55+,False
CUST_00175,foleyjennifer@example.org,AU,2023-01-17,direct,35-44,False
CUST_00176,christy33@example.net,SG,2023-05-17,direct,45-54,False
CUST_00177,jordanjackson@example.com,AU,2023-05-21,social,45-54,False
CUST_00178,paula65@example.net,IN,2024-01-01,email,35-44,False
CUST_00179,kennethbrown@example.net,IN,2023-05-05,direct,45-54,False
CUST_00180,brittany83@example.com,GB,2023-11-08,referral,18-24,False
CUST_00181,garyavila@example.net,IN,2023-09-02,organic,45-54,False
CUST_00182,denise93@example.org,US,2023-01-01,referral,45-54,False
CUST_00183,richardlarson@example.org,SG,2023-05-26,referral,45-54,False
CUST_00184,sparksbrittney@example.net,IN,2023-02-10,referral,25-34,False
CUST_00185,james72@example.net,GB,2023-12-07,social,18-24,True
CUST_00186,vgreen@example.com,US,2024-05-04,paid_search,25-34,False
CUST_00187,lauramoore@example.com,SG,2023-01-11,organic,25-34,False
CUST_00188,ylam@example.com,SG,2023-03-30,organic,25-34,False
CUST_00189,wcarr@example.net,SG,2023-08-15,email,45-54,False
CUST_00190,jeremygray@example.net,IN,2024-01-02,referral,25-34,False
CUST_00191,lgray@example.org,SG,2024-04-10,paid_search,18-24,False
CUST_00192,olsenbradley@example.net,IN,2023-11-19,referral,35-44,False
CUST_00193,laurenthompson@example.org,US,2023-08-08,referral,55+,False
CUST_00194,garciakaren@example.com,GB,2024-01-16,social,55+,False
CUST_00195,james48@example.net,SG,2023-09-16,referral,45-54,False
CUST_00196,elizabethwilliams@example.com,GB,2023-09-07,direct,25-34,False
CUST_00197,kathleen39@example.org,GB,2023-07-01,social,18-24,False
CUST_00198,landrydeborah@example.net,US,2024-01-03,social,45-54,False
CUST_00199,nelsonjulian@example.org,AU,2024-05-21,social,18-24,True
CUST_00200,aaronsawyer@example.com,IN,2024-04-03,organic,45-54,True
CUST_00201,halldebbie@example.net,IN,2023-12-21,paid_search,45-54,False
CUST_00202,novakcynthia@example.com,IN,2023-04-30,email,35-44,False
CUST_00203,mgarcia@example.org,US,2023-11-05,email,55+,False
CUST_00204,meyerjorge@example.org,US,2023-09-03,social,55+,True
CUST_00205,turnerray@example.com,IN,2023-02-23,direct,35-44,False
CUST_00206,mitchelldebra@example.net,SG,2023-03-12,organic,18-24,False
CUST_00207,rchase@example.org,IN,2024-06-23,organic,18-24,False
CUST_00208,allisonpacheco@example.org,IN,2023-02-13,email,45-54,True
CUST_00209,shawrachel@example.org,SG,2024-02-17,direct,25-34,True
CUST_00210,fperry@example.net,US,2023-03-03,social,55+,False
CUST_00211,jasongibson@example.org,AU,2024-01-22,paid_search,25-34,False
CUST_00212,justin02@example.com,SG,2023-07-17,direct,18-24,False
CUST_00213,denise87@example.com,AU,2023-12-28,direct,55+,True
CUST_00214,vfrank@example.net,AU,2023-12-10,referral,35-44,False
CUST_00215,francisrichard@example.net,US,2023-11-26,social,35-44,True
CUST_00216,brendavasquez@example.net,GB,2023-10-26,organic,25-34,False
CUST_00217,amyburton@example.net,SG,2023-10-06,direct,35-44,True
CUST_00218,hughesamy@example.net,IN,2024-05-26,organic,55+,False
CUST_00219,smithmegan@example.org,AU,2023-02-08,direct,45-54,False
CUST_00220,rickyjohnson@example.org,US,2023-08-11,paid_search,55+,False
CUST_00221,wbell@example.com,US,2023-06-20,referral,35-44,False
CUST_00222,pricekatherine@example.net,US,2024-05-27,paid_search,18-24,False
CUST_00223,laurameza@example.com,IN,2024-05-17,social,18-24,False
CUST_00224,walshchristopher@example.net,IN,2023-04-13,email,35-44,False
CUST_00225,marshallgabriela@example.org,IN,2023-05-17,referral,35-44,False
CUST_00226,obailey@example.org,GB,2023-07-31,email,45-54,False
CUST_00227,matthewmoore@example.org,US,2023-08-18,email,18-24,False
CUST_00228,michellewagner@example.net,IN,2023-02-28,paid_search,45-54,False
CUST_00229,ialvarez@example.net,IN,2024-03-08,social,18-24,False
CUST_00230,susan76@example.net,SG,2023-04-06,direct,35-44,False
CUST_00231,sjones@example.net,AU,2024-05-10,organic,25-34,False
CUST_00232,graymiranda@example.net,GB,2024-04-26,referral,35-44,False
CUST_00233,christie89@example.net,US,2023-06-21,direct,45-54,False
CUST_00234,dawn19@example.org,US,2023-08-23,organic,25-34,True
CUST_00235,annegarner@example.org,IN,2023-01-29,social,18-24,True
CUST_00236,wayneallen@example.com,IN,2024-02-22,social,35-44,False
CUST_00237,sbryan@example.com,AU,2024-06-24,social,55+,False
CUST_00238,christiedavis@example.com,GB,2023-05-01,direct,18-24,False
CUST_00239,laurenvaughn@example.net,SG,2024-04-23,email,18-24,False
CUST_00240,smithtiffany@example.org,SG,2023-06-18,paid_search,35-44,True
CUST_00241,joshuaosborne@example.org,IN,2024-06-16,direct,35-44,True
CUST_00242,simmonsashley@example.net,IN,2023-08-03,organic,45-54,True
CUST_00243,josephrose@example.net,US,2023-06-14,referral,18-24,True
CUST_00244,smithjerry@example.net,IN,2023-09-17,paid_search,55+,False
CUST_00245,zwatkins@example.net,IN,2024-03-06,paid_search,25-34,False
CUST_00246,robert39@example.org,US,2023-04-25,referral,18-24,False
CUST_00247,josereyes@example.org,AU,2023-04-23,referral,35-44,False
CUST_00248,munozjack@example.net,US,2023-03-27,organic,25-34,True
CUST_00249,tara20@example.org,SG,2023-07-04,organic,25-34,False
CUST_00250,vjohnson@example.net,US,2023-04-09,referral,18-24,False
CUST_00251,emilyle@example.org,SG,2024-01-05,email,55+,False
CUST_00252,alexanderjuarez@example.org,SG,2023-12-18,referral,18-24,False
CUST_00253,kelleymary@example.com,SG,2024-05-26,social,18-24,True
CUST_00254,beardkyle@example.com,GB,2024-01-08,social,18-24,False
CUST_00255,christinacarroll@example.org,IN,2023-12-11,organic,35-44,False
CUST_00256,charles81@example.com,IN,2023-02-21,referral,55+,False
CUST_00257,nicoleshaw@example.org,IN,2023-09-10,referral,55+,False
CUST_00258,walkersusan@example.net,US,2024-01-28,organic,18-24,False
CUST_00259,melissabyrd@example.net,GB,2024-05-20,referral,25-34,False
CUST_00260,kimberlydawson@example.net,SG,2023-06-27,social,45-54,False
CUST_00261,bonnie54@example.org,IN,2023-03-15,email,35-44,False
CUST_00262,christopherhaas@example.org,US,2023-04-29,social,18-24,True
CUST_00263,christopher99@example.net,IN,2023-03-08,organic,35-44,False
CUST_00264,sara49@example.com,IN,2024-03-08,referral,55+,False
CUST_00265,lisa71@example.net,SG,2023-04-05,direct,45-54,False
CUST_00266,sandra34@example.org,AU,2023-02-09,referral,35-44,False
CUST_00267,christinepalmer@example.com,SG,2024-03-24,paid_search,45-54,False
CUST_00268,eaguilar@example.net,IN,2023-03-26,referral,35-44,True
CUST_00269,ycunningham@example.com,SG,2023-08-05,social,55+,False
CUST_00270,hwilliamson@example.org,US,2024-04-27,direct,55+,True
CUST_00271,sarah87@example.org,GB,2024-05-25,email,18-24,True
CUST_00272,tayloralison@example.org,US,2024-06-29,email,35-44,True
CUST_00273,wjohnson@example.org,SG,2023-04-22,social,18-24,True
CUST_00274,richardsgabrielle@example.org,AU,2024-05-06,organic,55+,False
CUST_00275,teverett@example.net,SG,2023-11-23,paid_search,35-44,False
CUST_00276,patrickramos@example.com,US,2023-09-09,referral,55+,True
CUST_00277,estesbrian@example.org,IN,2023-02-10,referral,18-24,False
CUST_00278,parellano@example.org,SG,2023-07-31,social,45-54,False
CUST_00279,tiffany34@example.net,IN,2023-11-18,referral,18-24,False
CUST_00280,sandrafreeman@example.com,IN,2023-03-28,direct,55+,False
CUST_00281,hollyfernandez@example.com,IN,2024-06-02,paid_search,45-54,False
CUST_00282,jamescastro@example.org,IN,2023-02-12,email,25-34,False
CUST_00283,donald36@example.com,IN,2023-07-18,organic,18-24,False
CUST_00284,craig61@example.com,IN,2023-12-01,social,55+,False
CUST_00285,ypearson@example.org,SG,2024-01-24,direct,35-44,True
CUST_00286,allenjames@example.org,SG,2023-02-02,social,18-24,False
CUST_00287,lmoody@example.com,SG,2024-03-23,social,45-54,False
CUST_00288,longmaria@example.org,IN,2023-11-11,email,25-34,False
CUST_00289,andrewlarsen@example.com,SG,2024-04-25,direct,35-44,True
CUST_00290,salaslauren@example.net,IN,2023-03-24,referral,45-54,False
CUST_00291,henryobrien@example.org,GB,2023-11-04,direct,35-44,False
CUST_00292,fhughes@example.com,IN,2023-05-11,direct,18-24,False
CUST_00293,zwillis@example.com,AU,2023-05-31,email,35-44,False
CUST_00294,mary75@example.net,GB,2024-05-16,paid_search,18-24,True
CUST_00295,nrodriguez@example.net,IN,2023-06-03,paid_search,18-24,True
CUST_00296,christopher33@example.org,SG,2024-05-02,referral,55+,False
CUST_00297,steven59@example.com,US,2024-03-14,referral,35-44,False
CUST_00298,melissajohnson@example.org,IN,2024-05-02,social,18-24,False
CUST_00299,paula29@example.com,IN,2024-05-05,email,55+,True
CUST_00300,vevans@example.org,IN,2024-01-30,social,45-54,True
CUST_00301,qriley@example.org,GB,2023-10-14,organic,18-24,False
CUST_00302,courtneygibbs@example.net,IN,2024-01-29,referral,55+,False
CUST_00303,tara17@example.com,SG,2023-02-01,referral,25-34,False
CUST_00304,brian30@example.com,SG,2024-01-05,organic,45-54,True
CUST_00305,christy11@example.com,AU,2023-09-24,organic,55+,False
CUST_00306,rebekah10@example.net,IN,2023-01-31,social,45-54,False
CUST_00307,rubioisaiah@example.org,IN,2024-04-18,email,35-44,False
CUST_00308,amanda01@example.org,US,2023-09-20,organic,35-44,True
CUST_00309,smithpreston@example.com,SG,2023-03-15,social,35-44,False
CUST_00310,brownsteven@example.org,AU,2024-05-24,referral,25-34,False
CUST_00311,alexis57@example.org,US,2024-03-28,email,35-44,False
CUST_00312,lbuchanan@example.org,US,2024-06-26,paid_search,55+,False
CUST_00313,david40@example.org,IN,2023-03-07,social,35-44,False
CUST_00314,albert14@example.net,US,2024-06-04,direct,55+,True
CUST_00315,popedavid@example.net,SG,2024-06-04,email,18-24,False
CUST_00316,justinmoore@example.com,AU,2023-05-21,email,45-54,True
CUST_00317,lopezcathy@example.org,IN,2023-04-17,email,18-24,False
CUST_00318,reginalddiaz@example.net,GB,2024-02-24,referral,18-24,False
CUST_00319,sheila89@example.net,IN,2024-04-25,social,25-34,True
CUST_00320,hoconnor@example.net,US,2024-06-22,paid_search,45-54,True
CUST_00321,marksjohn@example.org,US,2023-10-10,paid_search,45-54,False
CUST_00322,henryjimmy@example.com,IN,2023-12-15,paid_search,35-44,False
CUST_00323,ashley61@example.net,AU,2023-12-31,paid_search,35-44,False
CUST_00324,robertryan@example.org,AU,2024-03-19,social,35-44,False
CUST_00325,adamwilson@example.com,SG,2024-01-26,paid_search,25-34,False
CUST_00326,iwang@example.org,GB,2023-04-18,organic,45-54,False
CUST_00327,wudestiny@example.net,AU,2024-03-06,direct,55+,False
CUST_00328,smithheather@example.net,IN,2023-08-10,paid_search,35-44,False
CUST_00329,rzimmerman@example.com,IN,2024-02-03,social,18-24,False
CUST_00330,amanda11@example.net,GB,2023-06-22,email,18-24,False
CUST_00331,gsanders@example.net,SG,2023-11-04,paid_search,45-54,False
CUST_00332,davidsims@example.net,IN,2023-10-19,email,18-24,False
CUST_00333,jennifer51@example.com,IN,2024-05-19,paid_search,25-34,True
CUST_00334,cookjames@example.org,US,2024-01-02,paid_search,45-54,False
CUST_00335,thurley@example.com,AU,2023-01-05,organic,35-44,False
CUST_00336,james55@example.org,SG,2023-04-27,direct,55+,False
CUST_00337,asantos@example.net,US,2023-03-28,paid_search,35-44,True
CUST_00338,potterkatherine@example.net,SG,2023-07-05,referral,45-54,True
CUST_00339,vasquezkiara@example.org,SG,2024-01-24,organic,55+,False
CUST_00340,barrettmary@example.com,IN,2023-04-22,organic,55+,False
CUST_00341,timothy56@example.net,SG,2024-03-19,direct,18-24,False
CUST_00342,pstafford@example.net,IN,2023-10-08,referral,55+,False
CUST_00343,hlewis@example.org,SG,2024-01-30,social,45-54,True
CUST_00344,qriley@example.net,AU,2023-10-28,email,18-24,False
CUST_00345,carpentermichael@example.com,IN,2023-02-22,direct,18-24,False
CUST_00346,elliottmatthew@example.net,IN,2023-09-16,email,55+,False
CUST_00347,karencrawford@example.org,IN,2024-05-14,direct,45-54,False
CUST_00348,rgoodman@example.net,US,2024-01-07,paid_search,18-24,False
CUST_00349,wilsonsteven@example.org,IN,2023-12-22,paid_search,18-24,False
CUST_00350,raymond51@example.org,IN,2023-02-02,email,55+,False
CUST_00351,martinmegan@example.com,SG,2024-02-26,organic,25-34,False
CUST_00352,jennaflores@example.com,GB,2023-02-07,email,35-44,True
CUST_00353,wrightteresa@example.org,SG,2023-10-13,social,45-54,False
CUST_00354,frivers@example.com,IN,2023-10-28,paid_search,45-54,False
CUST_00355,uclark@example.com,AU,2023-10-13,referral,35-44,False
CUST_00356,petersontyler@example.org,IN,2023-11-26,referral,25-34,False
CUST_00357,brenda08@example.com,IN,2023-09-07,email,35-44,False
CUST_00358,lisa43@example.net,US,2024-04-13,paid_search,45-54,False
CUST_00359,john82@example.com,US,2023-02-02,email,55+,False
CUST_00360,scott88@example.net,US,2023-08-02,organic,18-24,False
CUST_00361,matthew54@example.net,IN,2023-11-12,direct,25-34,False
CUST_00362,lreed@example.com,GB,2023-04-21,direct,45-54,True
CUST_00363,evansbenjamin@example.net,IN,2023-02-22,direct,35-44,False
CUST_00364,hubbardjuan@example.org,IN,2024-03-16,paid_search,45-54,False
CUST_00365,toddedwards@example.org,SG,2023-10-16,organic,55+,True
CUST_00366,cmoss@example.org,IN,2023-10-13,direct,35-44,False
CUST_00367,deanbrown@example.net,IN,2023-03-30,paid_search,45-54,False
CUST_00368,klewis@example.com,IN,2024-03-12,email,45-54,False
CUST_00369,ejimenez@example.net,IN,2024-04-20,social,25-34,True
CUST_00370,olivia22@example.com,SG,2023-02-27,direct,45-54,False
CUST_00371,rhanson@example.net,AU,2024-06-13,email,35-44,False
CUST_00372,leejane@example.com,SG,2024-03-03,email,25-34,False
CUST_00373,david10@example.net,US,2024-06-27,email,55+,False
CUST_00374,glewis@example.org,US,2023-06-06,paid_search,45-54,True
CUST_00375,janet93@example.org,SG,2024-03-06,social,55+,True
CUST_00376,susanwilliams@example.com,IN,2023-03-08,social,45-54,False
CUST_00377,kim10@example.com,GB,2023-11-15,organic,25-34,False
CUST_00378,tayloramanda@example.net,IN,2024-05-13,social,55+,False
CUST_00379,gcummings@example.org,US,2024-03-04,paid_search,25-34,False
CUST_00380,janice10@example.org,GB,2023-02-13,referral,25-34,False
CUST_00381,jgolden@example.org,IN,2023-05-06,direct,25-34,False
CUST_00382,jacobwilliams@example.org,GB,2024-02-08,organic,35-44,True
CUST_00383,rivasjeremy@example.net,IN,2024-03-03,direct,35-44,False
CUST_00384,edwin46@example.net,SG,2023-03-14,paid_search,55+,False
CUST_00385,roberta45@example.com,IN,2023-04-30,referral,55+,False
CUST_00386,kjarvis@example.com,IN,2024-03-13,organic,18-24,True
CUST_00387,armstrongkarl@example.com,US,2024-05-13,email,25-34,False
CUST_00388,rodneysteele@example.net,US,2023-11-20,organic,45-54,False
CUST_00389,pettyamanda@example.org,IN,2024-02-28,email,45-54,False
CUST_00390,pruitttiffany@example.net,SG,2024-06-16,social,18-24,False
CUST_00391,melliott@example.net,SG,2023-05-03,social,45-54,False
CUST_00392,wsimmons@example.org,IN,2024-04-16,direct,35-44,False
CUST_00393,alexismacdonald@example.org,AU,2023-09-26,paid_search,35-44,False
CUST_00394,hwilliams@example.org,IN,2023-03-24,social,18-24,False
CUST_00395,hernandezpriscilla@example.net,IN,2023-07-12,organic,35-44,False
CUST_00396,hcruz@example.com,SG,2024-04-22,paid_search,35-44,False
CUST_00397,meganmartinez@example.com,IN,2023-08-31,paid_search,45-54,False
CUST_00398,tiffany78@example.net,SG,2023-12-29,email,45-54,True
CUST_00399,lyonscynthia@example.com,SG,2023-11-02,paid_search,25-34,False
CUST_00400,margaretgay@example.com,IN,2023-02-07,social,55+,False
CUST_00401,jcarr@example.com,US,2024-05-23,email,55+,True
CUST_00402,christopherjackson@example.org,SG,2023-03-25,email,35-44,False
CUST_00403,fullerkenneth@example.net,IN,2023-10-12,organic,55+,False
CUST_00404,daniel01@example.com,SG,2023-10-09,organic,45-54,False
CUST_00405,hendersonamanda@example.net,IN,2024-03-03,referral,55+,True
CUST_00406,davischarles@example.com,IN,2023-03-17,email,55+,False
CUST_00407,oshaffer@example.com,IN,2023-04-23,referral,45-54,False
CUST_00408,andersonalexander@example.org,IN,2023-02-05,direct,35-44,False
CUST_00409,rmyers@example.net,SG,2024-02-08,referral,55+,True
CUST_00410,michaelsilva@example.net,IN,2024-04-21,social,55+,False
CUST_00411,kwilson@example.net,SG,2023-08-21,referral,55+,False
CUST_00412,stephen12@example.com,IN,2024-03-13,organic,35-44,False
CUST_00413,stevenryan@example.net,AU,2023-03-27,referral,35-44,False
CUST_00414,warrenmolly@example.net,US,2024-06-18,referral,45-54,False
CUST_00415,david34@example.net,US,2024-05-24,referral,55+,False
CUST_00416,wkirby@example.org,SG,2023-02-09,paid_search,55+,False
CUST_00417,lbarnes@example.net,US,2024-04-26,social,25-34,False
CUST_00418,lopezdavid@example.org,IN,2023-07-08,direct,18-24,True
CUST_00419,bradleypatel@example.org,IN,2023-12-09,paid_search,45-54,False
CUST_00420,jacob88@example.net,SG,2023-11-15,referral,45-54,False
CUST_00421,jeremydavis@example.com,US,2023-02-18,referral,25-34,False
CUST_00422,hernandezjustin@example.com,SG,2024-05-29,social,35-44,False
CUST_00423,penadanielle@example.org,AU,2023-12-24,email,55+,False
CUST_00424,claychristopher@example.net,US,2024-06-12,direct,35-44,False
CUST_00425,uchapman@example.net,AU,2023-05-30,email,55+,False
CUST_00426,lucas67@example.org,US,2023-08-20,direct,25-34,False
CUST_00427,lorigriffith@example.org,IN,2024-01-15,email,55+,False
CUST_00428,laurapennington@example.org,IN,2023-08-01,referral,55+,False
CUST_00429,jonesluke@example.net,GB,2023-11-03,paid_search,35-44,True
CUST_00430,craiglee@example.com,IN,2023-03-03,social,35-44,False
CUST_00431,breanna04@example.org,IN,2023-06-16,referral,35-44,False
CUST_00432,johnstonkevin@example.net,IN,2024-06-24,organic,55+,False
CUST_00433,shannon24@example.com,IN,2023-07-05,direct,55+,False
CUST_00434,donnaweber@example.com,IN,2023-06-30,social,35-44,False
CUST_00435,dunnshawn@example.com,US,2023-03-20,paid_search,18-24,False
CUST_00436,nicholas56@example.org,SG,2023-05-03,social,45-54,False
CUST_00437,patricknunez@example.org,IN,2023-08-12,direct,18-24,False
CUST_00438,jennifer09@example.org,US,2023-03-11,paid_search,55+,False
CUST_00439,imcgee@example.net,AU,2023-01-29,paid_search,45-54,False
CUST_00440,sharon54@example.com,AU,2023-05-17,organic,45-54,False
CUST_00441,tammyflynn@example.net,AU,2023-05-25,email,18-24,True
CUST_00442,james83@example.org,US,2024-03-17,email,35-44,False
CUST_00443,eperry@example.com,SG,2024-05-13,social,25-34,False
CUST_00444,fstewart@example.org,IN,2023-12-30,organic,35-44,True
CUST_00445,lwhite@example.com,US,2023-12-23,direct,25-34,True
CUST_00446,rrivera@example.org,US,2023-09-19,referral,25-34,True
CUST_00447,umunoz@example.org,GB,2024-05-11,social,55+,False
CUST_00448,james99@example.com,US,2023-11-08,paid_search,25-34,False
CUST_00449,jodi98@example.net,IN,2023-07-12,social,25-34,False
CUST_00450,kristopherholmes@example.net,AU,2023-07-27,email,55+,False
CUST_00451,wardchristina@example.com,IN,2023-01-09,email,25-34,True
CUST_00452,adamortiz@example.org,SG,2023-04-02,paid_search,45-54,False
CUST_00453,ocooke@example.net,US,2023-08-30,direct,35-44,False
CUST_00454,sanchezkristine@example.com,IN,2023-06-21,paid_search,45-54,True
CUST_00455,mark93@example.org,IN,2024-04-15,direct,55+,False
CUST_00456,rogerssean@example.net,GB,2024-02-22,paid_search,25-34,False
CUST_00457,christopherhickman@example.net,GB,2024-04-07,organic,55+,False
CUST_00458,stephanie90@example.org,IN,2023-10-09,referral,18-24,True
CUST_00459,hwalker@example.net,AU,2024-03-01,paid_search,55+,False
CUST_00460,jeffery53@example.com,IN,2023-05-08,referral,45-54,True
CUST_00461,dlewis@example.net,US,2023-06-09,social,18-24,False
CUST_00462,agonzalez@example.org,GB,2023-12-13,social,25-34,False
CUST_00463,lfitzgerald@example.org,SG,2023-12-21,referral,45-54,False
CUST_00464,obailey@example.com,US,2023-08-28,social,35-44,False
CUST_00465,bernardroberts@example.com,SG,2023-06-19,organic,45-54,False
CUST_00466,lpotter@example.net,SG,2023-02-19,organic,18-24,False
CUST_00467,miguelgaines@example.net,IN,2024-01-02,social,25-34,False
CUST_00468,rblack@example.org,AU,2024-05-13,direct,45-54,False
CUST_00469,valdezdiana@example.org,SG,2023-10-25,social,45-54,True
CUST_00470,aweiss@example.com,GB,2024-05-29,paid_search,35-44,True
CUST_00471,ambergamble@example.net,IN,2024-02-22,paid_search,25-34,False
CUST_00472,thomasdavid@example.org,AU,2023-01-18,social,55+,False
CUST_00473,ygarcia@example.org,GB,2023-10-22,paid_search,45-54,False
CUST_00474,wileyjacob@example.com,IN,2023-08-03,direct,18-24,True
CUST_00475,rschultz@example.org,SG,2024-05-27,organic,25-34,False
CUST_00476,pvega@example.net,SG,2023-03-20,social,55+,False
CUST_00477,patrick35@example.com,IN,2023-02-07,organic,45-54,False
CUST_00478,maria99@example.org,IN,2024-02-24,organic,25-34,False
CUST_00479,campbellthomas@example.com,IN,2023-08-13,direct,55+,False
CUST_00480,efoster@example.com,US,2024-04-09,email,25-34,False
CUST_00481,dblankenship@example.com,AU,2023-04-22,referral,25-34,False
CUST_00482,qwebb@example.org,IN,2023-08-02,referral,25-34,False
CUST_00483,curtisbrooks@example.net,SG,2023-11-28,organic,35-44,False
CUST_00484,sgoodman@example.com,IN,2024-06-05,referral,35-44,False
CUST_00485,patrickdavis@example.com,IN,2023-11-14,social,25-34,False
CUST_00486,hjackson@example.net,IN,2024-01-03,paid_search,35-44,False
CUST_00487,nhernandez@example.com,GB,2023-04-23,organic,55+,False
CUST_00488,darrell95@example.com,SG,2023-11-20,paid_search,45-54,False
CUST_00489,carlaochoa@example.net,IN,2023-06-07,organic,45-54,False
CUST_00490,rileysteven@example.net,SG,2023-03-13,paid_search,18-24,False
CUST_00491,pmarsh@example.net,US,2024-06-07,organic,18-24,True
CUST_00492,qcampbell@example.com,US,2024-04-01,referral,25-34,False
CUST_00493,popealec@example.org,IN,2023-09-16,organic,25-34,False
CUST_00494,johnnymartin@example.org,US,2023-04-02,social,25-34,False
CUST_00495,dhernandez@example.org,IN,2023-06-08,paid_search,55+,False
CUST_00496,taylormullins@example.net,IN,2023-08-08,referral,35-44,False
CUST_00497,villanuevamichael@example.com,SG,2023-10-07,social,45-54,True
CUST_00498,mahoneydavid@example.net,US,2023-12-31,email,25-34,False
CUST_00499,stephanie75@example.com,IN,2023-11-18,paid_search,25-34,True
CUST_00500,hernandezkevin@example.com,AU,2024-03-05,referral,45-54,False
CUST_00501,samueljohnson@example.net,IN,2023-06-02,social,55+,False
CUST_00502,gary76@example.com,SG,2024-01-23,direct,35-44,False
CUST_00503,lawrencetownsend@example.com,AU,2024-01-15,direct,45-54,False
CUST_00504,cameronjennifer@example.org,IN,2023-10-01,direct,55+,False
CUST_00505,danielle42@example.com,AU,2024-02-26,organic,55+,True
CUST_00506,justinmiller@example.org,AU,2023-02-27,direct,18-24,False
CUST_00507,walter94@example.org,IN,2023-11-17,direct,25-34,True
CUST_00508,gabriel91@example.com,IN,2023-04-28,referral,45-54,False
CUST_00509,alexandriaroberts@example.com,US,2024-04-24,referral,45-54,False
CUST_00510,benjaminglover@example.net,IN,2023-01-13,referral,45-54,True
CUST_00511,llindsey@example.org,US,2024-02-16,referral,35-44,True
CUST_00512,lozanojustin@example.com,US,2024-06-26,paid_search,18-24,False
CUST_00513,rcampos@example.org,IN,2024-02-12,paid_search,55+,False
CUST_00514,reneethompson@example.com,IN,2023-10-03,social,18-24,False
CUST_00515,johnsonsusan@example.org,SG,2023-11-12,paid_search,25-34,False
CUST_00516,danaosborn@example.org,US,2023-03-04,direct,18-24,True
CUST_00517,carriejones@example.net,IN,2023-10-22,social,18-24,False
CUST_00518,nburns@example.com,IN,2024-06-29,social,45-54,False
CUST_00519,crussell@example.net,SG,2023-09-15,organic,55+,False
CUST_00520,matthewstammie@example.com,IN,2023-06-28,direct,55+,False
CUST_00521,deannasaunders@example.net,AU,2023-02-06,direct,35-44,False
CUST_00522,vhuff@example.net,US,2024-03-13,paid_search,35-44,True
CUST_00523,tammysweeney@example.org,SG,2023-06-10,direct,45-54,False
CUST_00524,ewatts@example.com,IN,2023-08-21,paid_search,55+,False
CUST_00525,rmills@example.net,US,2023-10-30,referral,35-44,False
CUST_00526,rebeccagates@example.net,US,2023-04-19,direct,18-24,False
CUST_00527,jeremy65@example.org,IN,2023-09-26,social,25-34,False
CUST_00528,edwardhunt@example.net,US,2023-09-22,referral,55+,False
CUST_00529,danieljohnson@example.net,IN,2023-09-11,email,45-54,False
CUST_00530,rodriguezmary@example.com,SG,2023-10-04,social,45-54,True
CUST_00531,kellymassey@example.org,US,2024-03-31,organic,55+,False
CUST_00532,zbrooks@example.com,US,2023-07-11,organic,35-44,True
CUST_00533,emily30@example.com,IN,2024-05-07,social,35-44,False
CUST_00534,vparks@example.net,IN,2023-03-13,email,45-54,False
CUST_00535,jrodriguez@example.net,IN,2023-07-29,organic,25-34,False
CUST_00536,annarogers@example.org,SG,2024-03-08,social,18-24,True
CUST_00537,uford@example.com,SG,2023-10-02,referral,55+,False
CUST_00538,laura05@example.net,IN,2023-10-27,social,45-54,False
CUST_00539,wilsonchristopher@example.org,AU,2024-03-10,paid_search,55+,False
CUST_00540,tmooney@example.com,IN,2024-06-16,paid_search,35-44,False
CUST_00541,katherine01@example.com,IN,2024-01-19,paid_search,45-54,False
CUST_00542,townsendshannon@example.net,SG,2023-08-21,organic,35-44,False
CUST_00543,gonzalezjesus@example.org,US,2023-07-11,social,55+,False
CUST_00544,erinwoods@example.com,IN,2023-12-22,email,18-24,False
CUST_00545,victoria84@example.org,GB,2023-09-16,social,35-44,False
CUST_00546,samuel45@example.org,GB,2023-12-01,direct,55+,True
CUST_00547,everettsandy@example.org,US,2023-09-07,direct,25-34,False
CUST_00548,kimberly30@example.com,AU,2023-05-18,email,35-44,False
CUST_00549,uhill@example.com,SG,2024-05-06,referral,25-34,False
CUST_00550,tiffany46@example.com,GB,2023-08-06,social,35-44,True
CUST_00551,claire03@example.com,IN,2024-03-13,referral,25-34,False
CUST_00552,lmartinez@example.org,IN,2024-03-03,direct,45-54,False
CUST_00553,nicholsonmichele@example.com,SG,2023-06-12,email,18-24,False
CUST_00554,pkelly@example.org,US,2023-11-14,paid_search,35-44,False
CUST_00555,regina56@example.org,IN,2024-05-26,social,45-54,True
CUST_00556,brianna28@example.org,SG,2024-04-09,social,55+,False
CUST_00557,jonathan14@example.org,SG,2024-06-21,organic,35-44,False
CUST_00558,hogankatherine@example.com,SG,2024-02-22,organic,18-24,False
CUST_00559,rodney99@example.com,US,2024-05-25,paid_search,55+,True
CUST_00560,scottvictoria@example.com,US,2024-05-16,social,35-44,False
CUST_00561,pamelaellis@example.net,IN,2023-12-01,organic,35-44,False
CUST_00562,qhumphrey@example.net,SG,2024-02-07,direct,55+,False
CUST_00563,njoseph@example.org,IN,2023-10-18,direct,55+,False
CUST_00564,teresa91@example.net,IN,2023-04-28,organic,45-54,True
CUST_00565,steven79@example.net,AU,2023-11-20,organic,18-24,False
CUST_00566,lewislaura@example.com,IN,2023-04-21,email,45-54,False
CUST_00567,unicholson@example.org,SG,2024-02-09,social,18-24,False
CUST_00568,cindy55@example.net,SG,2024-06-25,organic,35-44,True
CUST_00569,karen52@example.net,IN,2023-03-31,email,18-24,False
CUST_00570,xevans@example.org,AU,2023-05-08,direct,25-34,False
CUST_00571,cochranlaura@example.net,IN,2024-03-04,referral,45-54,False
CUST_00572,isaac70@example.org,US,2023-06-30,direct,25-34,True
CUST_00573,coleryan@example.org,SG,2024-05-25,organic,55+,False
CUST_00574,brianmoran@example.com,SG,2023-12-16,social,18-24,False
CUST_00575,nicoleortiz@example.net,IN,2023-06-09,direct,18-24,False
CUST_00576,ashley01@example.net,IN,2024-02-22,email,25-34,False
CUST_00577,tanya07@example.com,US,2023-07-23,social,55+,False
CUST_00578,shannon99@example.com,SG,2023-09-01,referral,45-54,False
CUST_00579,dwillis@example.org,IN,2023-09-28,social,55+,True
CUST_00580,ohubbard@example.com,US,2024-06-07,email,55+,False
CUST_00581,xwilson@example.com,IN,2024-06-06,organic,25-34,False
CUST_00582,nguzman@example.net,IN,2023-05-23,paid_search,55+,False
CUST_00583,zdickson@example.com,IN,2024-04-08,social,45-54,True
CUST_00584,ryan23@example.com,SG,2024-05-08,direct,25-34,False
CUST_00585,iallison@example.com,IN,2024-01-16,paid_search,35-44,False
CUST_00586,bruce45@example.net,IN,2024-04-26,email,18-24,False
CUST_00587,lmorris@example.org,GB,2023-06-01,referral,55+,False
CUST_00588,michaelfriedman@example.com,US,2023-11-14,social,45-54,False
CUST_00589,katiehughes@example.org,SG,2023-03-06,paid_search,35-44,True
CUST_00590,davidjarvis@example.org,SG,2023-06-24,paid_search,45-54,False
CUST_00591,kimberly37@example.com,SG,2024-01-20,organic,55+,True
CUST_00592,ywheeler@example.net,GB,2024-02-26,email,55+,False
CUST_00593,amandarobinson@example.net,US,2023-02-02,social,55+,False
CUST_00594,loripena@example.net,IN,2023-11-27,direct,25-34,False
CUST_00595,vrobinson@example.net,SG,2023-01-26,email,18-24,False
CUST_00596,dtorres@example.org,US,2023-04-02,paid_search,25-34,False
CUST_00597,kevin06@example.com,US,2024-04-01,direct,55+,False
CUST_00598,seth84@example.net,US,2023-05-09,paid_search,25-34,False
CUST_00599,michael28@example.org,IN,2024-03-18,email,55+,False
CUST_00600,nburch@example.org,AU,2023-09-09,email,35-44,False
CUST_00601,jessica43@example.org,AU,2024-02-04,direct,18-24,True
CUST_00602,cholmes@example.com,AU,2023-11-16,email,25-34,False
CUST_00603,muellerdavid@example.net,IN,2023-04-14,direct,35-44,False
CUST_00604,hartkatie@example.com,IN,2024-06-09,paid_search,55+,False
CUST_00605,browe@example.org,SG,2024-05-02,social,18-24,False
CUST_00606,ingramsean@example.com,SG,2023-03-14,direct,35-44,False
CUST_00607,adamsjason@example.org,SG,2023-10-14,social,35-44,False
CUST_00608,calderonjoseph@example.org,US,2023-03-14,social,35-44,False
CUST_00609,urivera@example.org,IN,2024-02-20,social,25-34,False
CUST_00610,stevenmorris@example.net,GB,2023-09-08,email,55+,False
CUST_00611,sgraves@example.com,GB,2024-03-15,email,18-24,True
CUST_00612,nicoleaguirre@example.net,US,2024-05-01,social,18-24,True
CUST_00613,adam21@example.com,SG,2023-05-03,organic,45-54,False
CUST_00614,raycameron@example.com,AU,2024-06-18,direct,35-44,True
CUST_00615,katieacosta@example.net,IN,2023-08-01,email,35-44,True
CUST_00616,ledwards@example.com,AU,2024-05-31,paid_search,18-24,False
CUST_00617,zhood@example.org,US,2023-08-26,paid_search,45-54,False
CUST_00618,iknight@example.net,IN,2023-03-15,social,18-24,True
CUST_00619,ronnie50@example.net,SG,2023-06-25,social,18-24,True
CUST_00620,bryanrogers@example.net,GB,2023-09-24,social,25-34,False
CUST_00621,joshuawatkins@example.com,IN,2023-06-27,direct,18-24,True
CUST_00622,dcobb@example.com,GB,2023-10-13,paid_search,45-54,False
CUST_00623,mcdanielsamantha@example.org,US,2023-04-14,direct,25-34,True
CUST_00624,wbruce@example.org,IN,2024-03-13,direct,25-34,False
CUST_00625,grodriguez@example.org,US,2023-06-15,paid_search,45-54,False
CUST_00626,zking@example.com,GB,2023-12-10,organic,18-24,True
CUST_00627,alexis80@example.com,SG,2023-04-06,social,35-44,False
CUST_00628,berryjeffrey@example.org,US,2023-09-02,paid_search,35-44,False
CUST_00629,brownandre@example.com,SG,2023-07-12,referral,55+,False
CUST_00630,cindy74@example.net,IN,2024-06-20,direct,35-44,False
CUST_00631,riggsmarissa@example.com,SG,2024-04-16,direct,45-54,False
CUST_00632,susankeller@example.com,US,2023-02-12,paid_search,45-54,False
CUST_00633,gcalderon@example.net,SG,2023-07-07,referral,18-24,False
CUST_00634,brownerica@example.org,AU,2023-01-10,email,25-34,False
CUST_00635,tbrown@example.org,SG,2024-03-17,referral,25-34,False
CUST_00636,craig11@example.org,IN,2023-02-26,organic,18-24,False
CUST_00637,vangmanuel@example.net,AU,2023-01-31,social,55+,False
CUST_00638,wtaylor@example.org,US,2024-01-25,social,45-54,True
CUST_00639,wesleygonzales@example.org,SG,2024-02-21,paid_search,35-44,True
CUST_00640,michael55@example.net,SG,2023-03-03,paid_search,25-34,False
CUST_00641,thompsonmanuel@example.com,SG,2023-10-31,direct,18-24,False
CUST_00642,ydixon@example.com,US,2023-12-06,paid_search,18-24,False
CUST_00643,jessewebb@example.net,IN,2023-12-04,referral,55+,True
CUST_00644,jflynn@example.org,US,2024-06-01,direct,25-34,True
CUST_00645,gatesedward@example.net,US,2023-04-17,paid_search,45-54,False
CUST_00646,fanderson@example.com,SG,2024-02-11,direct,35-44,True
CUST_00647,lyonstonya@example.net,US,2023-04-09,email,18-24,False
CUST_00648,cochranmichael@example.net,IN,2023-01-23,social,35-44,False
CUST_00649,jack18@example.org,US,2023-07-24,referral,18-24,False
CUST_00650,philipwhite@example.net,IN,2024-02-01,social,55+,True
CUST_00651,molly08@example.net,IN,2023-05-03,organic,55+,False
CUST_00652,browningsharon@example.com,IN,2023-03-31,referral,18-24,True
CUST_00653,phillipsjennifer@example.com,IN,2023-01-10,social,35-44,False
CUST_00654,peggycarter@example.org,IN,2023-04-27,organic,55+,False
CUST_00655,mnorman@example.com,SG,2024-05-24,email,25-34,False
CUST_00656,waltonjoseph@example.org,IN,2023-09-06,organic,55+,False
CUST_00657,lmoore@example.com,US,2024-01-25,organic,25-34,False
CUST_00658,skent@example.org,AU,2024-02-05,social,18-24,False
CUST_00659,ihawkins@example.org,US,2023-08-08,email,35-44,True
CUST_00660,pamelariley@example.com,IN,2023-12-21,paid_search,35-44,False
CUST_00661,rileywilliams@example.org,US,2023-08-25,paid_search,45-54,False
CUST_00662,sandra47@example.org,AU,2024-01-19,paid_search,55+,False
CUST_00663,christopherwilson@example.org,IN,2023-07-10,social,18-24,False
CUST_00664,lholmes@example.com,US,2023-09-27,direct,18-24,False
CUST_00665,ynelson@example.com,US,2023-01-02,social,35-44,True
CUST_00666,chumphrey@example.net,AU,2024-02-16,social,45-54,False
CUST_00667,andersonrobert@example.net,US,2023-04-21,organic,18-24,False
CUST_00668,harrisedward@example.net,SG,2024-02-08,email,45-54,False
CUST_00669,shannon24@example.net,SG,2023-03-07,referral,25-34,False
CUST_00670,chernandez@example.org,IN,2023-11-03,referral,18-24,False
CUST_00671,williamcopeland@example.org,IN,2023-04-12,email,35-44,False
CUST_00672,jackiewoods@example.net,US,2023-11-02,direct,35-44,False
CUST_00673,jeremy36@example.net,IN,2023-07-31,paid_search,25-34,False
CUST_00674,woodkenneth@example.org,IN,2024-03-30,organic,25-34,False
CUST_00675,gabriellejohnson@example.net,SG,2023-09-01,referral,35-44,False
CUST_00676,timothy58@example.org,SG,2023-06-11,social,35-44,False
CUST_00677,sarahpayne@example.org,IN,2023-03-12,direct,35-44,False
CUST_00678,chavezashley@example.org,US,2024-06-25,paid_search,35-44,True
CUST_00679,blake96@example.net,AU,2023-07-12,social,55+,True
CUST_00680,allisonmendoza@example.net,IN,2023-08-21,paid_search,18-24,False
CUST_00681,savannah41@example.org,SG,2023-12-18,referral,25-34,True
CUST_00682,madison99@example.net,GB,2023-03-21,paid_search,18-24,True
CUST_00683,clintonmorgan@example.com,IN,2023-06-22,social,35-44,False
CUST_00684,rogerwilliams@example.net,IN,2024-05-15,referral,35-44,False
CUST_00685,ashley61@example.net,IN,2023-02-28,organic,25-34,False
CUST_00686,mark24@example.com,GB,2023-12-11,organic,35-44,True
CUST_00687,matthewtaylor@example.org,IN,2023-12-25,referral,45-54,False
CUST_00688,zacharysilva@example.net,SG,2023-11-03,social,45-54,True
CUST_00689,sandra04@example.com,AU,2023-06-16,email,35-44,False
CUST_00690,wangnicholas@example.com,IN,2023-04-26,referral,55+,False
CUST_00691,xnelson@example.net,SG,2023-08-18,referral,45-54,True
CUST_00692,astewart@example.net,IN,2023-08-06,social,25-34,False
CUST_00693,velazquezhunter@example.org,IN,2024-02-13,referral,18-24,False
CUST_00694,michaelgonzalez@example.org,SG,2023-10-06,social,35-44,False
CUST_00695,diana82@example.org,IN,2024-01-26,email,25-34,True
CUST_00696,cookmelinda@example.org,IN,2024-04-08,email,18-24,False
CUST_00697,piercesydney@example.com,SG,2024-01-02,referral,25-34,False
CUST_00698,floydtheresa@example.org,IN,2023-03-19,paid_search,35-44,False
CUST_00699,sextonkaren@example.org,US,2023-02-13,paid_search,55+,False
CUST_00700,kwyatt@example.org,IN,2023-10-29,paid_search,25-34,False
CUST_00701,adriana44@example.net,GB,2023-09-05,direct,35-44,False
CUST_00702,brian19@example.net,US,2023-01-22,email,55+,False
CUST_00703,vangjoshua@example.net,AU,2024-03-13,social,55+,False
CUST_00704,kristine75@example.net,IN,2024-01-16,organic,25-34,False
CUST_00705,troberson@example.org,SG,2023-01-16,organic,35-44,False
CUST_00706,marcusbaker@example.net,GB,2023-06-06,email,25-34,False
CUST_00707,jewing@example.net,IN,2023-09-09,paid_search,55+,False
CUST_00708,danielklein@example.com,US,2023-04-21,referral,35-44,False
CUST_00709,russelljessica@example.net,US,2023-10-18,direct,45-54,False
CUST_00710,oharper@example.com,IN,2023-09-19,paid_search,25-34,False
CUST_00711,zfisher@example.com,US,2023-12-06,social,35-44,True
CUST_00712,victoriahopkins@example.net,US,2024-03-12,referral,35-44,False
CUST_00713,tuckercourtney@example.net,GB,2024-04-02,social,35-44,False
CUST_00714,brettdavis@example.net,IN,2023-08-17,direct,18-24,False
CUST_00715,frysergio@example.net,IN,2024-03-20,referral,18-24,True
CUST_00716,colleen50@example.org,AU,2023-09-05,referral,25-34,False
CUST_00717,samanthaschultz@example.net,AU,2023-03-22,paid_search,35-44,False
CUST_00718,james50@example.net,IN,2023-07-04,email,25-34,False
CUST_00719,nhoward@example.net,GB,2023-03-10,direct,35-44,False
CUST_00720,john92@example.net,IN,2023-07-25,direct,18-24,False
CUST_00721,jessicawilliams@example.org,US,2023-03-25,organic,45-54,False
CUST_00722,martindominique@example.net,AU,2023-11-22,social,45-54,False
CUST_00723,vegasamuel@example.org,SG,2023-09-30,organic,45-54,False
CUST_00724,gmurphy@example.org,US,2024-03-24,direct,25-34,True
CUST_00725,rebecca64@example.com,US,2023-02-27,organic,35-44,True
CUST_00726,henryclayton@example.net,AU,2023-07-22,organic,35-44,True
CUST_00727,ahale@example.com,IN,2023-10-19,organic,55+,False
CUST_00728,danielsullivan@example.net,IN,2023-03-14,referral,45-54,False
CUST_00729,laura77@example.org,AU,2023-12-02,paid_search,55+,False
CUST_00730,davidperez@example.org,IN,2023-05-03,email,25-34,False
CUST_00731,rodneywilliams@example.com,US,2023-11-14,direct,55+,False
CUST_00732,penastephanie@example.org,IN,2023-08-07,organic,18-24,False
CUST_00733,william50@example.com,GB,2024-03-02,paid_search,18-24,False
CUST_00734,annettesuarez@example.org,IN,2023-11-29,direct,55+,False
CUST_00735,hillerin@example.com,IN,2023-03-17,paid_search,35-44,False
CUST_00736,jguzman@example.com,GB,2024-01-03,email,45-54,False
CUST_00737,kevin93@example.net,IN,2024-05-28,direct,55+,False
CUST_00738,rogersjulie@example.com,GB,2023-10-16,email,25-34,False
CUST_00739,troyclark@example.org,SG,2023-07-24,email,25-34,False
CUST_00740,jason27@example.net,IN,2024-03-14,direct,18-24,True
CUST_00741,sanchezroger@example.org,GB,2023-09-25,social,55+,False
CUST_00742,sherri17@example.org,GB,2023-02-17,referral,45-54,False
CUST_00743,melindawalker@example.com,GB,2024-06-17,social,55+,False
CUST_00744,sharmon@example.net,IN,2024-01-05,social,18-24,False
CUST_00745,jeffreysantiago@example.com,GB,2024-02-06,direct,55+,True
CUST_00746,loganricky@example.org,IN,2023-12-15,paid_search,25-34,False
CUST_00747,elizabeth11@example.org,IN,2023-04-09,organic,45-54,False
CUST_00748,pamelabenson@example.com,IN,2024-05-02,referral,35-44,False
CUST_00749,bchambers@example.net,IN,2023-02-22,referral,45-54,False
CUST_00750,cooperalexandria@example.net,SG,2023-08-03,organic,55+,False
CUST_00751,jgoodman@example.org,IN,2023-11-22,paid_search,25-34,False
CUST_00752,pross@example.net,US,2024-03-28,organic,18-24,False
CUST_00753,kristiholmes@example.org,US,2023-03-20,referral,35-44,False
CUST_00754,camachojeremiah@example.org,IN,2023-07-25,social,55+,False
CUST_00755,ghill@example.com,IN,2023-01-30,social,25-34,False
CUST_00756,stephanie72@example.net,US,2024-06-12,organic,45-54,False
CUST_00757,amandadoyle@example.net,US,2023-09-15,organic,45-54,False
CUST_00758,dholden@example.com,IN,2023-10-17,email,35-44,False
CUST_00759,xdunn@example.com,GB,2024-01-17,direct,18-24,False
CUST_00760,zescobar@example.org,IN,2023-06-27,direct,45-54,False
CUST_00761,fjones@example.org,IN,2023-09-07,social,55+,False
CUST_00762,joshua94@example.org,SG,2023-05-26,social,45-54,False
CUST_00763,stephanie29@example.net,GB,2023-10-18,referral,25-34,True
CUST_00764,lopeztracy@example.com,SG,2024-01-29,referral,55+,True
CUST_00765,danielbartlett@example.com,GB,2023-05-30,paid_search,18-24,False
CUST_00766,ashleyjoseph@example.org,IN,2023-12-21,email,25-34,False
CUST_00767,theodorewilson@example.org,SG,2023-12-27,direct,18-24,False
CUST_00768,cwilson@example.org,IN,2023-07-07,referral,45-54,True
CUST_00769,warrenpaul@example.net,SG,2024-01-04,email,35-44,True
CUST_00770,reyescolin@example.org,US,2023-07-20,direct,18-24,False
CUST_00771,cjohnson@example.com,IN,2023-10-28,referral,25-34,False
CUST_00772,tware@example.org,IN,2024-05-17,paid_search,35-44,False
CUST_00773,hollowaybrittney@example.net,IN,2024-02-03,direct,18-24,False
CUST_00774,andrew16@example.com,US,2023-04-13,referral,18-24,False
CUST_00775,lunasarah@example.com,GB,2024-04-17,email,35-44,False
CUST_00776,tanya01@example.net,GB,2023-10-20,social,35-44,False
CUST_00777,lisadavis@example.org,US,2023-08-23,referral,45-54,False
CUST_00778,taylor23@example.com,SG,2023-01-06,direct,35-44,False
CUST_00779,yhunter@example.net,US,2024-04-06,email,18-24,False
CUST_00780,qgriffin@example.org,AU,2023-09-19,direct,35-44,False
CUST_00781,swalsh@example.org,US,2023-07-22,direct,35-44,True
CUST_00782,hfletcher@example.com,US,2024-02-06,organic,55+,False
CUST_00783,troytaylor@example.net,US,2023-09-06,direct,18-24,False
CUST_00784,huertageorge@example.net,IN,2023-08-18,social,45-54,False
CUST_00785,bryan36@example.net,SG,2023-01-28,referral,25-34,False
CUST_00786,charles30@example.org,US,2023-06-22,direct,45-54,False
CUST_00787,andrewwade@example.com,IN,2024-06-05,email,25-34,False
CUST_00788,lynngarcia@example.org,IN,2024-03-09,organic,45-54,True
CUST_00789,michael74@example.net,US,2023-07-20,referral,25-34,False
CUST_00790,ywolfe@example.net,US,2023-09-18,paid_search,35-44,False
CUST_00791,rrichards@example.org,SG,2023-08-27,email,35-44,False
CUST_00792,edwardsholly@example.org,SG,2023-08-17,organic,45-54,True
CUST_00793,jhill@example.net,SG,2024-05-07,referral,18-24,False
CUST_00794,josephalex@example.org,SG,2023-06-01,direct,45-54,False
CUST_00795,penadanielle@example.com,IN,2023-11-17,paid_search,25-34,False
CUST_00796,jorge18@example.net,SG,2023-09-24,referral,45-54,True
CUST_00797,sarahbradshaw@example.net,US,2023-05-21,social,35-44,False
CUST_00798,justin94@example.org,IN,2023-05-18,organic,18-24,False
CUST_00799,janegreen@example.net,US,2023-06-12,paid_search,55+,False
CUST_00800,williamsjasmine@example.net,US,2024-01-16,organic,25-34,False
CUST_00801,matthewharper@example.net,SG,2024-05-07,social,45-54,False
CUST_00802,jennifermendoza@example.net,SG,2023-01-30,direct,35-44,False
CUST_00803,unixon@example.com,US,2023-09-08,referral,25-34,True
CUST_00804,carlos49@example.com,US,2023-01-04,paid_search,25-34,False
CUST_00805,icarter@example.net,IN,2023-09-25,organic,45-54,False
CUST_00806,kingteresa@example.net,IN,2023-08-26,organic,35-44,False
CUST_00807,hfrye@example.net,US,2023-12-21,referral,55+,False
CUST_00808,michelle55@example.com,AU,2024-06-17,email,45-54,False
CUST_00809,yeverett@example.org,IN,2023-05-27,social,18-24,False
CUST_00810,christopherlyons@example.com,IN,2023-04-12,organic,55+,False
CUST_00811,josemeyer@example.com,IN,2023-04-06,direct,18-24,False
CUST_00812,charlesfletcher@example.net,IN,2024-05-12,referral,55+,True
CUST_00813,johnsonnicole@example.com,US,2023-02-07,direct,18-24,True
CUST_00814,jpowell@example.net,SG,2023-03-31,social,18-24,False
CUST_00815,richard48@example.com,US,2024-01-04,paid_search,18-24,False
CUST_00816,tsmith@example.com,IN,2024-05-28,referral,35-44,False
CUST_00817,jacksonsarah@example.org,IN,2024-06-28,organic,55+,False
CUST_00818,ecampbell@example.org,IN,2023-04-02,organic,45-54,True
CUST_00819,anthony70@example.com,US,2023-06-05,referral,25-34,False
CUST_00820,robinsonchristopher@example.org,IN,2023-11-15,organic,55+,False
CUST_00821,sotothomas@example.net,US,2023-06-11,social,35-44,False
CUST_00822,wwest@example.com,US,2023-01-10,organic,55+,False
CUST_00823,phelpsangela@example.com,AU,2023-04-26,referral,18-24,False
CUST_00824,padillajames@example.org,AU,2023-03-20,direct,25-34,False
CUST_00825,goodmandenise@example.com,IN,2023-08-18,organic,18-24,False
CUST_00826,heatherbartlett@example.net,GB,2023-01-31,email,35-44,False
CUST_00827,candice33@example.net,IN,2023-04-01,organic,18-24,False
CUST_00828,manningsheila@example.net,US,2024-05-30,email,35-44,False
CUST_00829,pbartlett@example.com,IN,2024-04-27,direct,18-24,False
CUST_00830,gwhite@example.net,IN,2023-09-24,social,45-54,False
CUST_00831,murphybarbara@example.net,GB,2023-07-31,direct,45-54,False
CUST_00832,vaughndiana@example.org,GB,2024-05-18,paid_search,18-24,True
CUST_00833,oliverjacqueline@example.net,AU,2023-02-15,paid_search,18-24,False
CUST_00834,bowmannicole@example.net,SG,2024-04-03,referral,45-54,True
CUST_00835,matthew83@example.com,US,2023-10-22,referral,18-24,False
CUST_00836,cathy89@example.com,SG,2023-04-12,social,18-24,False
CUST_00837,todd59@example.net,IN,2023-12-09,email,35-44,True
CUST_00838,aaron99@example.org,SG,2024-06-10,direct,55+,False
CUST_00839,gscott@example.org,AU,2023-06-23,direct,35-44,False
CUST_00840,tanderson@example.org,US,2024-06-18,organic,45-54,False
CUST_00841,robert80@example.com,SG,2023-07-13,direct,45-54,True
CUST_00842,jasonbaker@example.org,GB,2024-03-09,referral,18-24,True
CUST_00843,nross@example.net,SG,2023-05-02,social,45-54,False
CUST_00844,juliaporter@example.net,US,2023-02-28,email,25-34,False
CUST_00845,lewistimothy@example.com,IN,2023-08-05,paid_search,55+,False
CUST_00846,gutierrezemily@example.net,GB,2023-11-10,organic,45-54,False
CUST_00847,richard99@example.org,SG,2024-03-21,social,45-54,False
CUST_00848,harrisonmichelle@example.com,US,2024-01-22,organic,18-24,False
CUST_00849,miranda15@example.com,SG,2023-01-28,organic,18-24,False
CUST_00850,cbautista@example.org,US,2024-04-25,referral,55+,False
CUST_00851,amber75@example.org,SG,2024-06-05,email,35-44,False
CUST_00852,heathheidi@example.org,GB,2023-06-23,email,55+,False
CUST_00853,opayne@example.net,SG,2024-04-10,direct,35-44,False
CUST_00854,shepherdtina@example.net,IN,2023-03-30,direct,25-34,True
CUST_00855,xboone@example.com,GB,2023-10-03,email,55+,False
CUST_00856,tylersmith@example.net,IN,2024-06-29,paid_search,45-54,True
CUST_00857,bjones@example.org,IN,2023-11-14,referral,25-34,True
CUST_00858,cfields@example.net,IN,2023-11-02,paid_search,35-44,True
CUST_00859,teresa70@example.net,IN,2023-11-18,direct,55+,True
CUST_00860,patrick04@example.com,SG,2023-12-16,referral,55+,True
CUST_00861,xpowell@example.org,IN,2024-01-23,direct,18-24,False
CUST_00862,bgibson@example.org,GB,2023-12-03,social,55+,False
CUST_00863,howeangela@example.com,US,2023-05-18,paid_search,25-34,True
CUST_00864,renee56@example.com,US,2024-05-25,email,55+,False
CUST_00865,jjenkins@example.com,AU,2023-11-22,direct,25-34,False
CUST_00866,mejiasamuel@example.org,AU,2023-09-24,social,25-34,True
CUST_00867,davidpearson@example.com,US,2024-04-12,direct,55+,False
CUST_00868,jennifer77@example.com,SG,2024-06-28,email,55+,False
CUST_00869,garymarshall@example.com,IN,2023-06-06,direct,35-44,False
CUST_00870,kanesamuel@example.net,IN,2024-06-06,direct,25-34,False
CUST_00871,crystalwoodard@example.net,US,2024-06-23,direct,18-24,False
CUST_00872,cookangel@example.com,SG,2024-03-12,referral,45-54,False
CUST_00873,barbaraconner@example.com,IN,2024-02-19,social,18-24,False
CUST_00874,kellyhardin@example.net,IN,2023-01-20,organic,18-24,True
CUST_00875,thodge@example.com,AU,2023-05-06,direct,35-44,True
CUST_00876,alexander63@example.org,US,2023-02-18,email,25-34,False
CUST_00877,rachel87@example.net,IN,2023-01-26,social,18-24,False
CUST_00878,ubaker@example.net,US,2024-06-08,paid_search,55+,False
CUST_00879,dkent@example.net,US,2024-02-01,direct,35-44,False
CUST_00880,tyler79@example.com,AU,2023-02-06,social,45-54,False
CUST_00881,kimberly30@example.net,IN,2024-06-16,referral,18-24,True
CUST_00882,doylejulie@example.com,IN,2023-07-15,social,25-34,False
CUST_00883,michaelacarter@example.org,IN,2024-05-18,referral,55+,False
CUST_00884,eugenehill@example.com,US,2023-06-02,paid_search,35-44,False
CUST_00885,jill88@example.net,IN,2024-06-14,paid_search,55+,True
CUST_00886,yherring@example.com,SG,2023-02-01,referral,35-44,True
CUST_00887,millercatherine@example.org,GB,2024-03-29,organic,35-44,False
CUST_00888,keithpadilla@example.org,IN,2023-05-01,email,55+,True
CUST_00889,james55@example.net,US,2024-04-30,direct,35-44,False
CUST_00890,phillipsrose@example.org,SG,2024-03-20,organic,35-44,False
CUST_00891,nicholasjohnson@example.org,SG,2023-05-23,referral,25-34,False
CUST_00892,patrick79@example.org,SG,2024-02-22,email,25-34,False
CUST_00893,ayerstyler@example.com,IN,2024-05-30,email,35-44,False
CUST_00894,nphillips@example.net,SG,2024-04-25,referral,18-24,True
CUST_00895,rwhite@example.net,SG,2023-09-26,direct,55+,False
CUST_00896,jenniferstafford@example.com,AU,2023-07-09,direct,35-44,False
CUST_00897,bushchristie@example.org,IN,2023-03-30,referral,35-44,True
CUST_00898,dgonzalez@example.com,GB,2024-02-06,email,55+,False
CUST_00899,stacy78@example.org,SG,2023-12-13,email,25-34,False
CUST_00900,maureen11@example.net,AU,2023-03-05,paid_search,55+,False
CUST_00901,garciaanthony@example.com,IN,2024-05-01,direct,25-34,False
CUST_00902,patelhenry@example.org,GB,2023-11-26,paid_search,55+,False
CUST_00903,yhall@example.com,US,2023-12-05,organic,25-34,True
CUST_00904,rebecca51@example.org,IN,2023-09-15,organic,18-24,True
CUST_00905,ljones@example.com,SG,2023-07-15,referral,25-34,False
CUST_00906,zpowell@example.org,IN,2023-11-13,direct,45-54,False
CUST_00907,pschaefer@example.com,IN,2023-01-14,organic,55+,True
CUST_00908,popejennifer@example.com,IN,2024-04-25,direct,55+,True
CUST_00909,groberts@example.org,IN,2023-02-26,referral,18-24,False
CUST_00910,khicks@example.net,IN,2024-06-16,organic,35-44,False
CUST_00911,creed@example.com,IN,2023-12-06,direct,18-24,False
CUST_00912,parkerkelly@example.net,IN,2024-02-19,direct,45-54,False
CUST_00913,ogonzalez@example.com,IN,2024-02-28,direct,25-34,False
CUST_00914,stevenclark@example.org,IN,2024-05-18,organic,55+,False
CUST_00915,mschwartz@example.org,IN,2023-04-20,organic,55+,False
CUST_00916,leachmichael@example.net,SG,2024-02-22,organic,35-44,False
CUST_00917,arich@example.net,IN,2023-09-25,direct,55+,True
CUST_00918,jennifer85@example.org,IN,2023-05-23,email,25-34,True
CUST_00919,orozcoelizabeth@example.org,US,2024-06-05,organic,55+,False
CUST_00920,tiffany36@example.com,IN,2024-03-02,direct,18-24,False
CUST_00921,kburke@example.net,US,2023-06-03,social,35-44,False
CUST_00922,robertlarson@example.com,US,2024-06-05,organic,35-44,False
CUST_00923,petersjoe@example.org,IN,2023-05-31,social,35-44,False
CUST_00924,macksarah@example.net,US,2023-08-26,paid_search,55+,False
CUST_00925,scottmartinez@example.org,AU,2023-09-03,paid_search,18-24,False
CUST_00926,aaronjones@example.net,US,2023-06-22,direct,45-54,False
CUST_00927,sdavid@example.org,IN,2023-10-07,direct,35-44,False
CUST_00928,pbarajas@example.org,SG,2023-12-26,email,45-54,False
CUST_00929,sarah09@example.com,US,2023-05-17,organic,35-44,False
CUST_00930,zlucas@example.com,GB,2023-04-19,paid_search,35-44,False
CUST_00931,victoriajones@example.com,IN,2024-05-01,organic,18-24,False
CUST_00932,anthonychristensen@example.org,IN,2024-05-05,referral,55+,False
CUST_00933,kleinmarc@example.net,IN,2024-04-03,organic,55+,False
CUST_00934,jameswolf@example.net,SG,2024-02-24,paid_search,35-44,False
CUST_00935,lhill@example.com,US,2024-04-02,email,25-34,False
CUST_00936,brightnicolas@example.com,IN,2024-02-01,email,55+,True
CUST_00937,kjackson@example.net,GB,2023-07-05,referral,25-34,False
CUST_00938,matkinson@example.net,SG,2023-04-20,paid_search,55+,False
CUST_00939,qhowell@example.com,GB,2024-05-27,paid_search,45-54,False
CUST_00940,kclark@example.com,IN,2023-02-01,social,25-34,True
CUST_00941,scottamber@example.com,IN,2023-10-14,direct,25-34,False
CUST_00942,scottbilly@example.com,IN,2023-10-08,social,18-24,True
CUST_00943,perrycaroline@example.net,IN,2024-05-18,direct,55+,False
CUST_00944,tiffanylucas@example.net,GB,2023-08-01,email,55+,False
CUST_00945,linda89@example.net,IN,2023-05-16,social,35-44,False
CUST_00946,alan51@example.com,SG,2023-03-02,social,25-34,False
CUST_00947,vcooper@example.net,GB,2023-10-02,email,45-54,False
CUST_00948,zdunlap@example.net,IN,2024-04-14,paid_search,45-54,True
CUST_00949,rodgersmaria@example.net,SG,2023-03-01,email,25-34,True
CUST_00950,karenallen@example.com,IN,2023-05-03,direct,18-24,False
CUST_00951,laura09@example.org,GB,2023-11-19,direct,18-24,False
CUST_00952,christopher90@example.com,SG,2024-01-07,referral,25-34,False
CUST_00953,michellejones@example.org,IN,2023-11-16,organic,25-34,False
CUST_00954,kevin68@example.org,IN,2023-05-06,referral,18-24,False
CUST_00955,megan24@example.com,IN,2023-04-25,email,25-34,False
CUST_00956,billy40@example.com,SG,2023-11-11,referral,18-24,False
CUST_00957,seancook@example.net,GB,2024-05-28,organic,25-34,False
CUST_00958,stacey67@example.net,GB,2024-01-02,paid_search,25-34,False
CUST_00959,imedina@example.net,IN,2024-04-11,referral,25-34,False
CUST_00960,jonesdavid@example.com,IN,2024-02-01,direct,35-44,False
CUST_00961,nwilliams@example.net,SG,2024-04-08,paid_search,45-54,False
CUST_00962,thomasortiz@example.com,IN,2023-03-26,referral,55+,False
CUST_00963,johncampbell@example.org,US,2023-04-27,paid_search,45-54,False
CUST_00964,aaronmorgan@example.org,IN,2024-04-10,referral,55+,False
CUST_00965,garrisonmatthew@example.org,SG,2023-03-14,paid_search,55+,False
CUST_00966,sethmclaughlin@example.com,GB,2023-01-01,direct,45-54,False
CUST_00967,juan98@example.com,GB,2023-10-15,direct,55+,False
CUST_00968,mckeestephanie@example.org,US,2024-01-10,social,35-44,False
CUST_00969,alicia24@example.net,SG,2024-06-25,social,25-34,False
CUST_00970,michellejackson@example.com,AU,2023-06-30,organic,35-44,False
CUST_00971,melissa09@example.org,SG,2024-02-27,paid_search,18-24,False
CUST_00972,coltonharris@example.net,SG,2023-01-06,organic,55+,True
CUST_00973,mckayjonathan@example.org,IN,2024-05-23,email,45-54,False
CUST_00974,iellis@example.com,SG,2023-05-01,referral,35-44,False
CUST_00975,anthony39@example.org,SG,2024-02-21,email,55+,False
CUST_00976,robert12@example.net,IN,2024-06-12,paid_search,45-54,False
CUST_00977,smithtony@example.net,SG,2024-03-09,email,55+,False
CUST_00978,bmccarthy@example.net,AU,2023-07-17,referral,35-44,False
CUST_00979,fernandezshawn@example.org,US,2023-11-06,direct,18-24,False
CUST_00980,tgonzalez@example.org,US,2023-12-13,paid_search,18-24,False
CUST_00981,alexanderbenson@example.net,US,2023-11-08,referral,55+,False
CUST_00982,burnettjennifer@example.net,IN,2023-02-10,direct,18-24,False
CUST_00983,morrispaul@example.net,SG,2023-04-23,referral,45-54,True
CUST_00984,wendylevine@example.net,IN,2023-07-24,organic,55+,True
CUST_00985,clarkkelly@example.net,AU,2023-10-26,social,55+,False
CUST_00986,leediana@example.net,US,2023-08-11,referral,18-24,False
CUST_00987,alvaradocindy@example.com,US,2023-05-17,social,18-24,False
CUST_00988,ashleymalone@example.org,AU,2024-05-25,referral,35-44,True
CUST_00989,cjohnson@example.org,SG,2024-04-10,direct,25-34,False
CUST_00990,halldouglas@example.com,IN,2024-06-07,paid_search,18-24,False
CUST_00991,karenmurray@example.net,AU,2023-03-09,social,35-44,False
CUST_00992,liuoscar@example.org,SG,2023-11-11,referral,18-24,False
CUST_00993,louis26@example.net,AU,2023-02-23,referral,35-44,False
CUST_00994,alan87@example.org,AU,2024-03-10,email,35-44,False
CUST_00995,miguel10@example.com,IN,2023-08-03,paid_search,45-54,False
CUST_00996,raymondgonzalez@example.com,IN,2024-03-22,paid_search,45-54,False
CUST_00997,jack33@example.org,IN,2024-03-09,email,35-44,False
CUST_00998,lawrence96@example.net,AU,2024-02-03,referral,55+,False
CUST_00999,theresaorozco@example.net,AU,2023-12-10,referral,45-54,False
CUST_01000,justinmiller@example.org,AU,2023-09-21,social,45-54,False
CUST_01001,millerfrances@example.com,SG,2023-01-22,email,18-24,False
CUST_01002,estradabrittany@example.org,US,2023-06-21,paid_search,35-44,False
CUST_01003,oglover@example.org,SG,2023-10-02,organic,35-44,False
CUST_01004,saralarson@example.com,IN,2023-03-14,direct,35-44,True
CUST_01005,kmorris@example.org,SG,2023-05-19,email,25-34,False
CUST_01006,nashapril@example.com,IN,2023-07-28,direct,25-34,False
CUST_01007,vwebb@example.com,IN,2023-06-05,paid_search,35-44,False
CUST_01008,dkrueger@example.com,GB,2023-06-07,referral,35-44,True
CUST_01009,qkennedy@example.net,IN,2023-03-24,organic,45-54,False
CUST_01010,watsonjoshua@example.org,AU,2024-02-25,social,35-44,False
CUST_01011,mdiaz@example.net,GB,2024-01-18,referral,35-44,False
CUST_01012,williamsanna@example.org,IN,2024-02-02,paid_search,55+,True
CUST_01013,brownchristopher@example.com,US,2024-02-13,social,55+,True
CUST_01014,joannperry@example.com,IN,2023-09-27,direct,25-34,False
CUST_01015,baxterroger@example.com,US,2023-04-04,social,35-44,False
CUST_01016,adam77@example.org,US,2023-01-10,social,55+,True
CUST_01017,hjohnson@example.com,US,2023-10-08,email,25-34,False
CUST_01018,ojohnson@example.com,IN,2023-07-04,referral,35-44,False
CUST_01019,urodriguez@example.com,SG,2024-01-23,social,35-44,False
CUST_01020,johnlawrence@example.com,IN,2023-11-08,paid_search,55+,True
CUST_01021,robert35@example.net,US,2024-03-23,organic,35-44,False
CUST_01022,andrewmurray@example.net,SG,2024-03-07,social,25-34,True
CUST_01023,lisa17@example.com,SG,2023-04-27,organic,25-34,False
CUST_01024,katrina97@example.net,AU,2023-04-15,direct,55+,False
CUST_01025,stevenryan@example.com,US,2023-09-03,email,35-44,False
CUST_01026,welchheather@example.org,IN,2024-03-17,organic,25-34,True
CUST_01027,epage@example.org,SG,2023-07-17,direct,18-24,False
CUST_01028,davidrichardson@example.com,IN,2023-09-17,email,55+,False
CUST_01029,shannon01@example.net,IN,2023-07-20,social,18-24,False
CUST_01030,mario48@example.net,AU,2024-06-11,paid_search,55+,False
CUST_01031,gwatts@example.com,SG,2024-05-19,email,35-44,False
CUST_01032,eferguson@example.net,SG,2024-02-01,direct,45-54,False
CUST_01033,aaron92@example.org,US,2023-10-23,social,25-34,False
CUST_01034,perezwendy@example.org,GB,2024-05-12,email,45-54,False
CUST_01035,khensley@example.net,SG,2024-03-20,organic,18-24,True
CUST_01036,doughertypaula@example.com,IN,2023-06-27,direct,35-44,False
CUST_01037,davidsullivan@example.com,US,2024-04-15,email,45-54,False
CUST_01038,paul87@example.com,US,2023-10-10,referral,45-54,False
CUST_01039,darrell29@example.com,GB,2023-05-23,paid_search,25-34,False
CUST_01040,scottdoris@example.net,US,2024-06-28,paid_search,25-34,False
CUST_01041,joannabaker@example.org,IN,2023-03-16,social,55+,True
CUST_01042,fowlertristan@example.org,SG,2023-11-05,organic,18-24,False
CUST_01043,suttonbenjamin@example.org,IN,2023-05-01,social,35-44,False
CUST_01044,brandy30@example.com,SG,2023-08-09,paid_search,25-34,False
CUST_01045,kferguson@example.org,IN,2023-05-13,direct,35-44,False
CUST_01046,ryanrose@example.net,GB,2023-09-10,social,55+,False
CUST_01047,lindaschroeder@example.net,SG,2024-03-02,direct,55+,True
CUST_01048,nguyenjeremy@example.net,SG,2024-04-09,direct,55+,False
CUST_01049,mcarter@example.com,US,2024-05-11,email,35-44,False
CUST_01050,johnsonangela@example.org,GB,2023-06-26,social,35-44,False
CUST_01051,ericksonryan@example.org,IN,2023-07-21,organic,18-24,False
CUST_01052,stonekelly@example.org,IN,2023-04-16,social,55+,True
CUST_01053,lorimartinez@example.net,AU,2024-01-18,social,35-44,True
CUST_01054,caitlyn61@example.org,US,2023-12-01,referral,25-34,False
CUST_01055,andrew56@example.com,IN,2024-03-01,social,55+,False
CUST_01056,camerongonzalez@example.org,IN,2023-07-14,direct,45-54,False
CUST_01057,qwhite@example.net,IN,2023-06-21,social,25-34,False
CUST_01058,mary19@example.net,GB,2024-04-21,direct,35-44,False
CUST_01059,lfreeman@example.com,GB,2024-02-18,social,25-34,False
CUST_01060,pnguyen@example.com,IN,2023-05-22,organic,45-54,False
CUST_01061,amber12@example.com,US,2023-07-31,social,25-34,False
CUST_01062,srodriguez@example.com,IN,2023-04-29,referral,18-24,True
CUST_01063,ellenrichardson@example.org,IN,2023-03-21,paid_search,45-54,False
CUST_01064,jasminepatel@example.com,IN,2023-06-30,organic,45-54,False
CUST_01065,scottlee@example.org,IN,2023-11-23,social,35-44,False
CUST_01066,sreyes@example.net,IN,2023-01-25,paid_search,18-24,False
CUST_01067,iclark@example.org,IN,2023-11-01,social,25-34,True
CUST_01068,daltonmitchell@example.org,GB,2023-07-14,organic,18-24,False
CUST_01069,scott77@example.com,IN,2023-07-13,social,25-34,False
CUST_01070,larrygarcia@example.net,IN,2023-01-27,direct,18-24,False
CUST_01071,kwright@example.net,SG,2023-06-11,direct,35-44,False
CUST_01072,jessicamartin@example.org,US,2023-05-04,organic,55+,False
CUST_01073,wdavis@example.com,SG,2023-07-16,email,25-34,False
CUST_01074,bushdavid@example.net,GB,2023-02-10,paid_search,18-24,False
CUST_01075,yjacobs@example.org,IN,2023-12-04,paid_search,35-44,False
CUST_01076,andrea98@example.com,US,2023-11-04,organic,18-24,False
CUST_01077,bbrock@example.org,SG,2024-06-20,referral,25-34,False
CUST_01078,carrielewis@example.net,IN,2023-03-11,social,18-24,False
CUST_01079,guerrakathryn@example.com,AU,2023-09-20,direct,18-24,True
CUST_01080,mitchellchristina@example.com,IN,2024-05-15,referral,18-24,True
CUST_01081,holly31@example.org,IN,2023-06-30,referral,35-44,False
CUST_01082,christopherjohnson@example.net,US,2023-12-07,organic,45-54,False
CUST_01083,jonesdaniel@example.org,IN,2023-04-15,organic,45-54,False
CUST_01084,brichardson@example.org,IN,2024-03-10,direct,45-54,True
CUST_01085,carterandrea@example.net,SG,2023-05-25,email,45-54,False
CUST_01086,dpatel@example.org,AU,2024-04-10,referral,25-34,True
CUST_01087,brendanwagner@example.com,SG,2023-05-01,email,55+,False
CUST_01088,dana75@example.net,US,2023-01-01,referral,45-54,False
CUST_01089,nwalton@example.com,US,2023-01-15,email,55+,False
CUST_01090,angela17@example.net,US,2023-02-19,referral,45-54,True
CUST_01091,adambrown@example.com,SG,2024-06-14,referral,25-34,False
CUST_01092,frankburke@example.net,SG,2023-09-08,email,18-24,True
CUST_01093,osandoval@example.com,IN,2024-05-26,paid_search,25-34,False
CUST_01094,baileytracy@example.com,IN,2023-06-06,paid_search,18-24,True
CUST_01095,meyersarah@example.net,GB,2024-05-13,direct,45-54,False
CUST_01096,claytonnancy@example.org,SG,2024-06-28,organic,35-44,False
CUST_01097,langmichele@example.net,IN,2023-02-25,paid_search,45-54,False
CUST_01098,denisefisher@example.org,SG,2023-03-04,direct,18-24,False
CUST_01099,margaretmartinez@example.org,GB,2023-11-20,direct,18-24,False
CUST_01100,ppatterson@example.org,SG,2023-07-26,direct,18-24,False
CUST_01101,mooresharon@example.net,AU,2023-03-02,referral,18-24,True
CUST_01102,qnelson@example.com,SG,2023-06-29,paid_search,25-34,False
CUST_01103,tiffany66@example.org,SG,2023-07-13,paid_search,55+,False
CUST_01104,dherrera@example.org,US,2023-11-19,direct,55+,False
CUST_01105,traci79@example.org,US,2023-12-23,social,18-24,True
CUST_01106,jamesrhonda@example.com,SG,2023-05-21,referral,35-44,False
CUST_01107,sharon44@example.net,AU,2024-02-19,social,35-44,False
CUST_01108,nmartinez@example.net,AU,2024-03-03,email,35-44,False
CUST_01109,stronglaura@example.com,SG,2024-05-06,direct,35-44,False
CUST_01110,emckay@example.org,SG,2024-03-13,social,55+,False
CUST_01111,brodriguez@example.com,IN,2023-07-17,social,45-54,False
CUST_01112,jesus06@example.net,US,2023-01-01,email,55+,True
CUST_01113,josephhanson@example.com,AU,2023-04-15,email,18-24,False
CUST_01114,mark34@example.org,IN,2023-06-22,email,18-24,False
CUST_01115,hhouse@example.org,GB,2024-06-19,referral,55+,False
CUST_01116,mcfarlandbrian@example.org,IN,2024-03-19,organic,45-54,False
CUST_01117,vle@example.net,IN,2023-04-18,referral,25-34,False
CUST_01118,alexandrasanchez@example.net,IN,2023-08-22,social,55+,False
CUST_01119,laura95@example.org,US,2023-03-01,social,25-34,False
CUST_01120,ryanthompson@example.com,US,2024-06-19,organic,55+,False
CUST_01121,deanandrea@example.com,US,2023-01-30,referral,45-54,True
CUST_01122,anthonylang@example.net,AU,2023-02-13,email,35-44,False
CUST_01123,johnwhite@example.net,SG,2023-12-04,organic,25-34,False
CUST_01124,nancy69@example.net,AU,2024-04-12,direct,45-54,True
CUST_01125,hughesgarrett@example.org,IN,2024-02-12,referral,55+,True
CUST_01126,david36@example.net,US,2024-01-26,paid_search,18-24,False
CUST_01127,kimberlyhowell@example.org,AU,2023-11-02,referral,55+,False
CUST_01128,qjohnston@example.net,SG,2023-06-22,social,25-34,True
CUST_01129,sanchezdan@example.net,SG,2023-03-06,direct,18-24,False
CUST_01130,nturner@example.org,IN,2023-07-23,referral,45-54,False
CUST_01131,michael54@example.net,US,2023-04-12,social,55+,True
CUST_01132,eric37@example.net,US,2023-11-04,paid_search,55+,False
CUST_01133,chandlercynthia@example.org,IN,2024-02-12,organic,35-44,False
CUST_01134,molly35@example.net,US,2023-09-09,referral,18-24,True
CUST_01135,bruceyoung@example.com,SG,2023-11-18,email,25-34,False
CUST_01136,vwalker@example.net,US,2024-04-06,email,25-34,False
CUST_01137,karenstrickland@example.net,GB,2024-04-23,social,55+,True
CUST_01138,raymondadams@example.net,AU,2023-02-04,paid_search,25-34,False
CUST_01139,daniel07@example.org,US,2023-05-02,organic,18-24,False
CUST_01140,espencer@example.com,AU,2023-07-08,paid_search,35-44,True
CUST_01141,jordan41@example.net,GB,2024-06-22,email,45-54,False
CUST_01142,hernandezkevin@example.org,IN,2023-09-15,referral,25-34,False
CUST_01143,fcunningham@example.com,US,2024-02-11,referral,45-54,False
CUST_01144,reyesmegan@example.net,US,2023-04-20,direct,18-24,False
CUST_01145,jamesrandall@example.net,SG,2024-05-30,email,25-34,True
CUST_01146,browncaitlin@example.net,US,2023-06-05,referral,35-44,True
CUST_01147,barbara09@example.org,AU,2024-05-23,organic,45-54,False
CUST_01148,johnstonyolanda@example.net,GB,2024-05-29,direct,35-44,False
CUST_01149,brian58@example.org,IN,2023-01-15,direct,45-54,False
CUST_01150,danielleclark@example.org,SG,2023-10-23,direct,18-24,False
CUST_01151,mannlaura@example.org,GB,2024-01-12,referral,18-24,True
CUST_01152,floresjeremy@example.org,AU,2024-01-24,referral,18-24,True
CUST_01153,edwinstanton@example.net,IN,2024-02-16,social,45-54,False
CUST_01154,crystalflynn@example.org,IN,2023-01-15,email,35-44,False
CUST_01155,richardadams@example.org,AU,2023-07-03,referral,35-44,False
CUST_01156,michael97@example.org,IN,2024-05-01,social,18-24,False
CUST_01157,joshua20@example.com,IN,2023-08-06,email,45-54,False
CUST_01158,wmaddox@example.com,US,2023-03-10,referral,55+,False
CUST_01159,prhodes@example.org,IN,2024-06-17,paid_search,55+,True
CUST_01160,delgadojay@example.net,AU,2023-08-31,email,45-54,False
CUST_01161,richardsonmarcus@example.org,US,2023-06-10,referral,55+,False
CUST_01162,gonzalezryan@example.org,GB,2023-06-07,email,55+,False
CUST_01163,rhondawhitaker@example.net,AU,2023-12-01,paid_search,55+,False
CUST_01164,clarksara@example.net,IN,2023-09-04,referral,18-24,True
CUST_01165,austin40@example.com,US,2023-04-24,email,45-54,False
CUST_01166,wilsonandre@example.org,SG,2023-08-24,direct,35-44,True
CUST_01167,robertspaula@example.org,IN,2023-05-26,paid_search,18-24,False
CUST_01168,vcarroll@example.com,US,2024-04-20,referral,55+,False
CUST_01169,jeremiah29@example.com,IN,2024-04-08,direct,18-24,False
CUST_01170,laurenrogers@example.org,US,2024-06-18,paid_search,55+,False
CUST_01171,martinezandrew@example.com,US,2023-12-31,email,25-34,False
CUST_01172,pcrawford@example.net,SG,2024-01-17,paid_search,25-34,False
CUST_01173,whitephillip@example.net,US,2023-11-14,organic,35-44,False
CUST_01174,ihenry@example.com,US,2023-06-22,paid_search,25-34,True
CUST_01175,escobarandrew@example.org,GB,2023-12-08,social,35-44,False
CUST_01176,jessica38@example.com,SG,2023-07-11,organic,55+,False
CUST_01177,martincarrie@example.org,US,2023-10-23,social,55+,False
CUST_01178,jacobmorgan@example.net,SG,2024-03-20,referral,18-24,False
CUST_01179,colemantodd@example.com,SG,2023-12-17,organic,25-34,False
CUST_01180,andrea69@example.net,AU,2023-11-04,organic,55+,False
CUST_01181,scottalexandra@example.net,AU,2024-05-04,paid_search,35-44,False
CUST_01182,littlefrancisco@example.net,US,2023-08-25,email,45-54,True
CUST_01183,reedjoseph@example.net,US,2023-08-17,organic,55+,False
CUST_01184,collinsdeborah@example.net,GB,2023-12-27,social,18-24,False
CUST_01185,fturner@example.net,IN,2023-03-29,referral,55+,True
CUST_01186,snelson@example.org,IN,2023-11-18,organic,25-34,False
CUST_01187,peter76@example.net,GB,2023-06-06,organic,35-44,False
CUST_01188,fcook@example.net,AU,2024-05-18,paid_search,18-24,True
CUST_01189,loveelizabeth@example.net,US,2023-12-16,organic,55+,False
CUST_01190,timothy56@example.org,US,2024-02-02,paid_search,45-54,False
CUST_01191,matthewyates@example.org,US,2023-02-04,email,55+,False
CUST_01192,armstrongjeffrey@example.net,IN,2023-04-27,paid_search,25-34,False
CUST_01193,tinafreeman@example.org,SG,2023-02-09,email,45-54,False
CUST_01194,audrey11@example.com,IN,2023-05-21,paid_search,25-34,True
CUST_01195,dphillips@example.org,IN,2023-07-16,social,45-54,False
CUST_01196,wandagordon@example.org,US,2023-01-05,social,25-34,False
CUST_01197,elijahcombs@example.org,SG,2024-05-27,social,45-54,True
CUST_01198,daniel85@example.com,IN,2024-04-11,referral,35-44,False
CUST_01199,prestonpamela@example.com,GB,2024-03-09,paid_search,18-24,True
CUST_01200,hardykristen@example.net,US,2023-02-12,organic,25-34,False
CUST_01201,calebjohnson@example.org,SG,2024-06-02,referral,35-44,False
CUST_01202,zwalls@example.com,IN,2023-03-10,social,25-34,True
CUST_01203,mfreeman@example.com,US,2023-08-09,direct,55+,False
CUST_01204,patriciarobinson@example.org,IN,2024-03-12,social,55+,False
CUST_01205,xcurtis@example.org,IN,2023-01-28,email,35-44,False
CUST_01206,jdavis@example.org,GB,2023-10-22,social,55+,True
CUST_01207,traci64@example.net,IN,2024-01-01,direct,35-44,False
CUST_01208,lewistom@example.org,SG,2023-11-18,direct,25-34,False
CUST_01209,matthew25@example.net,SG,2023-03-26,direct,55+,False
CUST_01210,xmcintosh@example.org,US,2024-01-11,referral,35-44,False
CUST_01211,biancaanderson@example.com,IN,2023-09-03,referral,55+,False
CUST_01212,traci59@example.net,US,2023-04-11,social,55+,False
CUST_01213,derek89@example.com,SG,2024-01-22,paid_search,55+,False
CUST_01214,hbrown@example.com,AU,2023-08-14,organic,18-24,True
CUST_01215,ujones@example.net,US,2024-04-30,direct,25-34,False
CUST_01216,smithjames@example.net,SG,2023-11-19,email,35-44,False
CUST_01217,dylanconner@example.org,IN,2024-05-10,direct,25-34,False
CUST_01218,kchambers@example.org,US,2023-07-17,email,35-44,False
CUST_01219,ehopkins@example.com,US,2023-09-09,organic,35-44,False
CUST_01220,contreraspamela@example.com,US,2024-03-17,organic,25-34,True
CUST_01221,michael16@example.net,AU,2023-09-20,social,45-54,False
CUST_01222,froach@example.net,IN,2024-05-16,paid_search,45-54,False
CUST_01223,andrew61@example.com,GB,2024-02-22,social,45-54,False
CUST_01224,morarichard@example.com,GB,2023-02-13,email,55+,False
CUST_01225,swansonryan@example.com,SG,2023-09-03,organic,25-34,False
CUST_01226,bwoods@example.net,US,2023-09-15,email,18-24,False
CUST_01227,kristinaburke@example.com,GB,2023-08-06,email,45-54,False
CUST_01228,gamblezachary@example.com,SG,2023-05-09,social,25-34,False
CUST_01229,karabrady@example.com,US,2023-08-28,email,18-24,False
CUST_01230,whitehunter@example.org,SG,2023-03-09,paid_search,35-44,False
CUST_01231,davidolson@example.net,IN,2023-08-24,email,25-34,True
CUST_01232,sandratorres@example.com,US,2023-01-30,organic,45-54,False
CUST_01233,zbrown@example.com,AU,2024-01-10,paid_search,25-34,False
CUST_01234,tholt@example.net,US,2024-01-11,referral,35-44,False
CUST_01235,kristina87@example.com,US,2023-04-22,organic,55+,False
CUST_01236,smithjoseph@example.com,IN,2023-04-14,organic,45-54,False
CUST_01237,breannajones@example.net,IN,2024-02-10,email,18-24,False
CUST_01238,robert66@example.org,GB,2024-04-06,email,45-54,False
CUST_01239,jasonbecker@example.com,SG,2023-03-22,direct,35-44,True
CUST_01240,johnnymadden@example.org,US,2023-08-31,paid_search,35-44,False
CUST_01241,richard14@example.net,IN,2023-08-11,email,45-54,False
CUST_01242,martinezwilliam@example.com,IN,2023-07-31,email,18-24,True
CUST_01243,davischris@example.org,SG,2024-04-28,organic,25-34,False
CUST_01244,marissapeterson@example.com,IN,2024-03-02,paid_search,35-44,False
CUST_01245,smithmichael@example.org,IN,2023-05-14,referral,35-44,False
CUST_01246,yoderbradley@example.net,IN,2023-02-09,social,18-24,True
CUST_01247,darrell81@example.com,IN,2023-02-11,social,25-34,False
CUST_01248,jbenson@example.net,US,2024-04-05,direct,45-54,False
CUST_01249,edwinevans@example.org,IN,2023-08-31,paid_search,55+,True
CUST_01250,michaelsalazar@example.org,SG,2023-12-28,organic,45-54,True
CUST_01251,qjones@example.com,US,2023-08-30,direct,45-54,False
CUST_01252,christophergraves@example.com,IN,2023-06-23,referral,35-44,False
CUST_01253,christina19@example.com,IN,2023-11-01,direct,35-44,False
CUST_01254,amckinney@example.org,SG,2023-09-10,organic,18-24,False
CUST_01255,cassandra51@example.com,SG,2023-09-30,paid_search,35-44,False
CUST_01256,alexis08@example.net,SG,2024-04-14,referral,18-24,False
CUST_01257,gregory68@example.org,IN,2023-03-25,direct,18-24,False
CUST_01258,maciasrichard@example.net,SG,2024-02-18,referral,45-54,False
CUST_01259,operez@example.net,SG,2023-07-09,social,45-54,True
CUST_01260,aimeestanley@example.com,GB,2023-06-11,referral,45-54,False
CUST_01261,john55@example.net,SG,2023-12-05,email,55+,False
CUST_01262,juan35@example.net,US,2023-05-15,organic,55+,False
CUST_01263,yallen@example.net,SG,2023-03-30,social,35-44,False
CUST_01264,calvinvaughn@example.org,IN,2023-12-12,social,18-24,False
CUST_01265,andrew18@example.com,GB,2024-06-16,social,35-44,False
CUST_01266,jstone@example.org,IN,2024-05-27,paid_search,25-34,False
CUST_01267,williamkirby@example.org,GB,2024-05-09,paid_search,25-34,False
CUST_01268,mary80@example.org,IN,2023-08-15,referral,45-54,True
CUST_01269,rowemelanie@example.net,GB,2024-06-13,email,55+,False
CUST_01270,valerienelson@example.org,IN,2024-06-11,social,35-44,False
CUST_01271,ofleming@example.net,IN,2024-03-28,referral,45-54,False
CUST_01272,sarahmorrison@example.org,IN,2023-08-17,referral,18-24,True
CUST_01273,george60@example.org,GB,2024-03-10,email,18-24,False
CUST_01274,juanbutler@example.org,IN,2023-01-25,direct,55+,False
CUST_01275,jacqueline73@example.org,US,2023-09-05,social,45-54,False
CUST_01276,victoriaturner@example.org,US,2023-06-14,social,25-34,True
CUST_01277,danieldelgado@example.org,GB,2023-10-26,email,45-54,True
CUST_01278,montgomeryedward@example.com,IN,2024-06-04,organic,18-24,False
CUST_01279,vrush@example.com,US,2023-04-22,social,45-54,False
CUST_01280,nancyyoung@example.com,IN,2023-04-16,direct,45-54,False
CUST_01281,elizabeth06@example.net,US,2024-06-24,social,55+,True
CUST_01282,alicia92@example.net,SG,2024-01-31,social,45-54,False
CUST_01283,klopez@example.com,SG,2023-05-25,organic,55+,False
CUST_01284,jennifer81@example.net,US,2023-07-03,email,45-54,False
CUST_01285,vclark@example.com,IN,2024-03-23,organic,55+,False
CUST_01286,williamsonray@example.org,IN,2023-10-14,social,18-24,True
CUST_01287,wesleyreyes@example.com,AU,2024-02-13,email,45-54,False
CUST_01288,tylercisneros@example.net,GB,2024-02-11,organic,25-34,False
CUST_01289,lewiskatherine@example.net,AU,2024-05-30,organic,55+,False
CUST_01290,sheliacannon@example.org,US,2023-08-31,email,55+,False
CUST_01291,traceyjohnson@example.com,SG,2023-12-31,social,55+,False
CUST_01292,aimeebeck@example.org,IN,2023-11-24,email,35-44,True
CUST_01293,amyraymond@example.net,AU,2024-06-23,direct,35-44,False
CUST_01294,petersonkaren@example.org,IN,2024-03-13,direct,45-54,False
CUST_01295,tyler88@example.com,IN,2024-03-20,email,55+,True
CUST_01296,sjennings@example.org,IN,2024-01-12,referral,18-24,False
CUST_01297,daniel90@example.org,IN,2023-08-04,referral,35-44,False
CUST_01298,jball@example.com,IN,2023-07-19,organic,55+,True
CUST_01299,bryan05@example.org,US,2024-04-04,direct,45-54,False
CUST_01300,deborahelliott@example.com,IN,2023-05-17,direct,25-34,False
CUST_01301,ljackson@example.com,GB,2024-02-14,email,18-24,False
CUST_01302,hayescarla@example.com,AU,2024-04-07,paid_search,45-54,False
CUST_01303,daltonholly@example.org,US,2023-11-17,paid_search,45-54,False
CUST_01304,henry06@example.com,IN,2023-05-10,direct,35-44,True
CUST_01305,edward14@example.net,US,2023-07-25,organic,18-24,True
CUST_01306,matthewreynolds@example.net,SG,2023-11-06,social,55+,False
CUST_01307,hutchinsonbeverly@example.com,US,2024-06-14,social,35-44,True
CUST_01308,vfoster@example.com,IN,2023-12-04,social,45-54,False
CUST_01309,hfrancis@example.org,US,2024-02-16,organic,18-24,False
CUST_01310,lindseyvasquez@example.com,IN,2024-05-10,social,55+,False
CUST_01311,mmorales@example.net,IN,2023-07-31,email,18-24,False
CUST_01312,angelamartinez@example.net,IN,2024-03-29,direct,25-34,False
CUST_01313,dawn37@example.com,US,2024-04-02,referral,35-44,False
CUST_01314,lweaver@example.com,IN,2023-05-20,organic,18-24,False
CUST_01315,oreeves@example.org,SG,2023-01-10,referral,18-24,False
CUST_01316,nlewis@example.com,IN,2023-10-01,email,35-44,True
CUST_01317,brentwilson@example.org,US,2023-01-19,organic,55+,False
CUST_01318,michealwallace@example.org,AU,2023-06-18,direct,18-24,False
CUST_01319,danielle65@example.net,IN,2023-04-04,referral,25-34,False
CUST_01320,watsonjeffrey@example.org,SG,2024-05-18,paid_search,18-24,False
CUST_01321,alam@example.org,IN,2023-07-16,direct,18-24,False
CUST_01322,qthomas@example.com,US,2023-08-03,direct,35-44,False
CUST_01323,xmorgan@example.net,IN,2023-02-27,organic,45-54,False
CUST_01324,rossvictor@example.net,IN,2023-02-16,email,25-34,False
CUST_01325,clarkmatthew@example.net,AU,2024-01-17,paid_search,55+,False
CUST_01326,briannamurray@example.com,SG,2024-05-16,paid_search,55+,False
CUST_01327,jameschen@example.net,US,2023-06-19,organic,45-54,False
CUST_01328,jonesphillip@example.com,IN,2023-03-22,organic,55+,False
CUST_01329,xadams@example.com,IN,2023-12-13,social,25-34,False
CUST_01330,lisanorris@example.org,AU,2023-01-01,direct,45-54,False
CUST_01331,patricia99@example.org,IN,2024-06-27,social,55+,True
CUST_01332,taylorangela@example.org,SG,2024-01-17,social,18-24,False
CUST_01333,vhall@example.com,IN,2023-01-03,direct,45-54,True
CUST_01334,bjimenez@example.org,AU,2024-02-20,email,35-44,False
CUST_01335,sandralopez@example.net,IN,2023-11-08,direct,18-24,False
CUST_01336,sanchezjoseph@example.org,IN,2023-09-22,social,35-44,False
CUST_01337,yanderson@example.org,SG,2023-05-18,social,25-34,False
CUST_01338,johnsonashley@example.net,GB,2023-10-31,direct,35-44,False
CUST_01339,gscott@example.com,SG,2024-05-06,paid_search,25-34,True
CUST_01340,yhogan@example.org,US,2023-01-20,referral,25-34,False
CUST_01341,smithjeffery@example.net,US,2023-02-18,direct,35-44,False
CUST_01342,kingmichael@example.com,AU,2023-12-15,organic,18-24,False
CUST_01343,dpeters@example.org,US,2023-09-20,organic,45-54,True
CUST_01344,zhartman@example.org,US,2024-05-22,social,55+,True
CUST_01345,qvelasquez@example.com,IN,2024-03-25,organic,18-24,False
CUST_01346,bshepherd@example.net,US,2024-01-15,social,55+,True
CUST_01347,ethompson@example.org,US,2024-06-28,organic,25-34,False
CUST_01348,coryross@example.net,GB,2023-08-27,organic,45-54,False
CUST_01349,deborah78@example.net,IN,2024-04-04,organic,18-24,False
CUST_01350,leslie48@example.net,IN,2024-04-23,paid_search,45-54,False
CUST_01351,aleclong@example.com,SG,2024-06-10,organic,55+,False
CUST_01352,hartmansamuel@example.com,GB,2023-09-07,paid_search,18-24,False
CUST_01353,loriwilliams@example.org,IN,2023-09-18,email,25-34,False
CUST_01354,jo64@example.org,US,2023-05-11,referral,25-34,False
CUST_01355,pcook@example.com,IN,2024-03-28,organic,55+,False
CUST_01356,christybrown@example.net,IN,2023-05-03,social,18-24,True
CUST_01357,michael45@example.com,AU,2023-05-20,direct,55+,False
CUST_01358,michael76@example.net,US,2023-11-20,social,25-34,False
CUST_01359,emedina@example.org,IN,2024-05-11,social,45-54,False
CUST_01360,nicholsdavid@example.com,US,2023-05-16,organic,55+,True
CUST_01361,anthony21@example.com,US,2024-01-24,organic,35-44,False
CUST_01362,xalvarez@example.org,SG,2023-01-04,paid_search,18-24,False
CUST_01363,michele19@example.net,US,2023-03-16,referral,55+,False
CUST_01364,jgarner@example.com,US,2024-05-01,email,18-24,True
CUST_01365,christopherperez@example.org,US,2023-04-26,social,45-54,True
CUST_01366,zmathews@example.net,AU,2024-06-04,organic,35-44,False
CUST_01367,floreselizabeth@example.net,IN,2023-12-04,referral,45-54,True
CUST_01368,wheelercarrie@example.com,AU,2023-02-10,paid_search,25-34,False
CUST_01369,farrellkristen@example.com,SG,2024-01-12,organic,25-34,False
CUST_01370,langalison@example.com,SG,2024-04-05,social,25-34,False
CUST_01371,huntersimmons@example.net,IN,2023-09-10,organic,35-44,False
CUST_01372,davidcurtis@example.com,US,2023-07-04,paid_search,45-54,False
CUST_01373,mary94@example.com,SG,2023-02-27,social,18-24,False
CUST_01374,thodge@example.org,IN,2023-04-23,referral,45-54,True
CUST_01375,raymondhoffman@example.org,IN,2023-10-18,direct,25-34,False
CUST_01376,dakota54@example.net,IN,2023-07-29,paid_search,18-24,False
CUST_01377,sarah23@example.org,IN,2023-02-16,organic,45-54,False
CUST_01378,james64@example.net,US,2023-05-13,paid_search,35-44,False
CUST_01379,ymitchell@example.org,AU,2024-05-10,paid_search,55+,False
CUST_01380,rachel07@example.net,IN,2023-06-28,referral,45-54,False
CUST_01381,wduarte@example.com,SG,2023-06-18,social,35-44,True
CUST_01382,joycewilliams@example.net,US,2023-11-29,paid_search,25-34,False
CUST_01383,stevenmoody@example.net,IN,2024-03-26,referral,25-34,False
CUST_01384,brittany53@example.net,SG,2023-01-04,organic,18-24,False
CUST_01385,jshaffer@example.com,IN,2024-01-27,referral,45-54,False
CUST_01386,ilucero@example.org,GB,2024-06-25,social,45-54,False
CUST_01387,kristin10@example.org,US,2024-03-09,direct,45-54,False
CUST_01388,angelicaward@example.org,IN,2023-04-14,paid_search,18-24,True
CUST_01389,nicholas51@example.net,IN,2024-06-03,direct,45-54,False
CUST_01390,josephmoran@example.com,IN,2024-03-29,social,45-54,False
CUST_01391,davidmason@example.com,IN,2023-11-11,email,45-54,False
CUST_01392,danielle77@example.org,GB,2023-01-02,organic,45-54,False
CUST_01393,sandersjulie@example.com,SG,2023-09-16,email,45-54,False
CUST_01394,michelle62@example.net,AU,2024-06-26,referral,55+,False
CUST_01395,brenda20@example.net,IN,2024-06-15,email,18-24,False
CUST_01396,plarson@example.net,IN,2024-06-08,organic,18-24,False
CUST_01397,higginsrobert@example.org,US,2023-12-28,email,35-44,True
CUST_01398,cassandra93@example.net,US,2024-03-10,referral,25-34,True
CUST_01399,ashleymartin@example.org,IN,2023-09-18,organic,45-54,False
CUST_01400,jonathan36@example.com,GB,2024-03-26,direct,25-34,False
CUST_01401,nreyes@example.com,IN,2023-06-25,email,55+,False
CUST_01402,millercaroline@example.org,IN,2023-08-04,email,35-44,False
CUST_01403,cherylmorton@example.org,SG,2024-01-25,organic,45-54,False
CUST_01404,starkbrittney@example.org,GB,2024-06-10,email,45-54,False
CUST_01405,blake44@example.net,AU,2024-06-06,organic,25-34,False
CUST_01406,johnstewart@example.com,IN,2023-12-22,social,25-34,False
CUST_01407,jodi64@example.net,IN,2023-03-01,email,18-24,False
CUST_01408,abrown@example.com,IN,2024-01-21,paid_search,55+,False
CUST_01409,iharvey@example.com,IN,2023-01-18,direct,55+,False
CUST_01410,joshua28@example.org,IN,2024-01-04,social,18-24,False
CUST_01411,jessica46@example.org,IN,2023-02-18,paid_search,55+,False
CUST_01412,ewerner@example.com,SG,2023-11-16,direct,35-44,False
CUST_01413,connie30@example.net,US,2024-06-01,referral,45-54,False
CUST_01414,patriciaparker@example.com,IN,2024-03-16,email,25-34,False
CUST_01415,yolanda52@example.org,SG,2023-06-26,email,18-24,True
CUST_01416,bobcamacho@example.org,SG,2023-08-09,paid_search,55+,False
CUST_01417,dean55@example.net,IN,2024-02-20,paid_search,25-34,True
CUST_01418,john72@example.net,IN,2023-04-01,email,55+,True
CUST_01419,bankstina@example.com,IN,2023-07-22,paid_search,55+,False
CUST_01420,marygutierrez@example.org,IN,2024-05-31,email,25-34,False
CUST_01421,belindayoung@example.com,AU,2024-02-24,referral,35-44,True
CUST_01422,youngbrittany@example.com,SG,2023-01-20,social,25-34,False
CUST_01423,shanegriffith@example.net,IN,2023-09-06,direct,55+,False
CUST_01424,amy34@example.net,US,2023-09-15,email,45-54,False
CUST_01425,scottwhite@example.org,US,2024-03-21,referral,45-54,False
CUST_01426,carrcaitlin@example.org,US,2023-03-29,organic,25-34,False
CUST_01427,anthonyolson@example.org,IN,2023-04-01,social,55+,False
CUST_01428,molinamelinda@example.com,IN,2023-12-13,email,18-24,False
CUST_01429,ksingh@example.org,SG,2023-06-01,paid_search,35-44,True
CUST_01430,ronald66@example.net,SG,2023-03-06,social,18-24,False
CUST_01431,pattersonkelsey@example.com,IN,2023-11-03,email,55+,False
CUST_01432,zprince@example.org,AU,2023-02-13,email,45-54,True
CUST_01433,benjamin62@example.com,IN,2023-11-29,email,18-24,False
CUST_01434,damon49@example.com,IN,2023-09-30,social,55+,True
CUST_01435,yroman@example.net,US,2023-12-12,social,45-54,False
CUST_01436,jthomas@example.org,US,2023-11-26,social,25-34,False
CUST_01437,itrujillo@example.org,IN,2024-04-09,paid_search,35-44,False
CUST_01438,hperez@example.net,AU,2024-02-13,organic,55+,False
CUST_01439,linda68@example.org,IN,2023-03-10,direct,35-44,False
CUST_01440,monique46@example.net,SG,2024-03-07,referral,25-34,True
CUST_01441,harrisonlaurie@example.org,IN,2023-10-24,social,18-24,False
CUST_01442,jstephens@example.net,GB,2023-08-23,email,45-54,False
CUST_01443,zlewis@example.com,IN,2023-12-26,organic,25-34,False
CUST_01444,rhodescathy@example.org,GB,2024-05-12,social,18-24,False
CUST_01445,schultzsteven@example.org,SG,2023-08-12,social,25-34,True
CUST_01446,wblackwell@example.net,SG,2023-08-04,organic,55+,False
CUST_01447,nicholas44@example.net,SG,2024-03-27,social,35-44,False
CUST_01448,joshuashea@example.net,AU,2024-01-05,organic,35-44,False
CUST_01449,xpeterson@example.org,IN,2024-03-22,email,25-34,False
CUST_01450,daniellehoward@example.net,IN,2023-04-24,direct,25-34,False
CUST_01451,trobinson@example.org,IN,2023-02-11,social,35-44,True
CUST_01452,cedwards@example.org,SG,2023-08-15,organic,55+,True
CUST_01453,peterwilliams@example.org,IN,2024-05-02,organic,55+,False
CUST_01454,richardcollins@example.com,IN,2024-02-27,email,35-44,False
CUST_01455,christina51@example.net,US,2024-06-26,organic,55+,False
CUST_01456,privers@example.com,IN,2023-04-22,referral,35-44,False
CUST_01457,crystal18@example.org,SG,2024-01-12,paid_search,18-24,False
CUST_01458,patrickclark@example.com,IN,2024-01-26,paid_search,55+,False
CUST_01459,johnstonmartin@example.net,GB,2024-02-13,direct,55+,False
CUST_01460,jjames@example.com,SG,2023-03-30,organic,18-24,False
CUST_01461,debracortez@example.org,SG,2023-01-14,email,35-44,True
CUST_01462,steve14@example.net,GB,2023-12-10,referral,55+,False
CUST_01463,cherryzoe@example.net,IN,2023-09-23,email,18-24,False
CUST_01464,williamschristina@example.com,IN,2023-04-03,direct,25-34,False
CUST_01465,johnbrown@example.org,IN,2023-08-27,paid_search,18-24,False
CUST_01466,cesarsmith@example.net,IN,2023-03-28,social,45-54,True
CUST_01467,fsantos@example.net,IN,2023-03-25,direct,55+,False
CUST_01468,benjamin71@example.org,IN,2023-12-31,email,18-24,True
CUST_01469,mackemily@example.org,IN,2024-06-02,organic,18-24,False
CUST_01470,gibsonjose@example.com,SG,2023-06-09,paid_search,25-34,False
CUST_01471,bharris@example.net,IN,2023-01-23,direct,35-44,False
CUST_01472,twright@example.org,IN,2023-09-28,referral,55+,False
CUST_01473,simmonsrobert@example.org,IN,2024-03-18,referral,18-24,False
CUST_01474,jennifer23@example.net,AU,2023-05-29,paid_search,55+,True
CUST_01475,vtaylor@example.net,AU,2023-03-18,referral,45-54,False
CUST_01476,herreramarcus@example.org,IN,2024-04-02,direct,18-24,True
CUST_01477,brian06@example.net,AU,2023-10-03,social,25-34,False
CUST_01478,wwilliams@example.com,IN,2023-11-13,email,18-24,False
CUST_01479,jennifer51@example.com,IN,2024-02-08,email,35-44,False
CUST_01480,raymondmiller@example.com,IN,2023-02-01,social,18-24,False
CUST_01481,xmyers@example.net,US,2023-12-21,email,45-54,False
CUST_01482,margaret77@example.org,IN,2023-11-13,social,25-34,False
CUST_01483,ngallagher@example.org,AU,2024-01-05,email,25-34,True
CUST_01484,uschneider@example.com,SG,2024-06-07,organic,45-54,False
CUST_01485,portershannon@example.com,US,2024-05-26,organic,25-34,False
CUST_01486,jerrymorales@example.com,SG,2024-06-23,organic,25-34,True
CUST_01487,gatesjustin@example.net,IN,2023-06-04,referral,45-54,True
CUST_01488,martinezjoshua@example.com,US,2023-11-26,email,55+,False
CUST_01489,luis17@example.net,AU,2024-05-15,email,45-54,False
CUST_01490,peter41@example.org,AU,2023-11-11,referral,35-44,True
CUST_01491,tbaker@example.org,IN,2023-12-20,email,45-54,False
CUST_01492,pbradley@example.net,AU,2024-05-03,organic,18-24,False
CUST_01493,jgrimes@example.org,SG,2023-02-22,organic,25-34,False
CUST_01494,timothy97@example.org,IN,2024-06-11,email,55+,False
CUST_01495,wendy49@example.org,US,2023-03-01,referral,45-54,False
CUST_01496,wlawrence@example.net,IN,2023-06-06,social,45-54,False
CUST_01497,dlong@example.com,IN,2024-02-26,referral,55+,True
CUST_01498,catherinesullivan@example.org,AU,2023-01-25,organic,45-54,False
CUST_01499,victoriale@example.com,SG,2023-10-20,organic,18-24,True
CUST_01500,danielthomas@example.com,GB,2024-05-27,email,25-34,False
CUST_01501,ryanmunoz@example.org,IN,2023-04-15,social,45-54,False
CUST_01502,egarcia@example.net,US,2024-03-17,direct,55+,False
CUST_01503,robertpowers@example.net,SG,2024-03-20,referral,25-34,False
CUST_01504,stephanie06@example.org,IN,2023-10-31,referral,45-54,False
CUST_01505,brownmegan@example.net,US,2023-10-01,email,35-44,True
CUST_01506,alexander46@example.net,IN,2024-04-03,email,35-44,False
CUST_01507,phelpsandrew@example.org,IN,2024-03-29,direct,35-44,False
CUST_01508,morrismichael@example.org,IN,2023-11-29,email,45-54,False
CUST_01509,rogersbarbara@example.com,IN,2024-05-28,paid_search,35-44,False
CUST_01510,angeldaniel@example.org,IN,2024-06-18,email,18-24,False
CUST_01511,jonesjessica@example.net,SG,2023-01-16,organic,45-54,False
CUST_01512,elizabeth92@example.net,SG,2023-11-25,social,35-44,True
CUST_01513,michael70@example.com,SG,2023-12-31,email,45-54,False
CUST_01514,handerson@example.com,SG,2023-09-08,social,18-24,False
CUST_01515,jamescontreras@example.net,IN,2023-06-09,referral,35-44,True
CUST_01516,danielsdebra@example.net,IN,2023-08-21,social,25-34,False
CUST_01517,brianduran@example.org,GB,2023-02-28,referral,25-34,False
CUST_01518,lperry@example.net,IN,2023-02-06,referral,45-54,False
CUST_01519,cobbemily@example.net,US,2024-04-30,organic,55+,True
CUST_01520,amber47@example.org,IN,2023-09-19,referral,55+,False
CUST_01521,juancollins@example.net,IN,2023-06-12,organic,35-44,False
CUST_01522,leemegan@example.org,SG,2023-08-21,referral,35-44,False
CUST_01523,james04@example.com,IN,2023-11-09,referral,45-54,False
CUST_01524,lindamartin@example.com,IN,2024-03-01,organic,55+,False
CUST_01525,antonionewman@example.com,SG,2024-03-24,direct,45-54,False
CUST_01526,chavezbrian@example.com,SG,2024-05-10,referral,45-54,False
CUST_01527,katherinecastaneda@example.com,IN,2024-05-01,paid_search,35-44,False
CUST_01528,wilsonmary@example.org,IN,2023-07-06,direct,35-44,False
CUST_01529,rivascaitlyn@example.net,IN,2023-11-15,organic,25-34,False
CUST_01530,elizabethscott@example.net,GB,2023-07-27,direct,25-34,False
CUST_01531,elizabethbowman@example.net,IN,2024-04-11,paid_search,18-24,True
CUST_01532,zunigatimothy@example.net,IN,2023-01-22,email,45-54,False
CUST_01533,jodi12@example.net,SG,2023-12-05,organic,25-34,True
CUST_01534,robertskelly@example.org,IN,2023-04-16,email,55+,True
CUST_01535,mitchellallen@example.com,AU,2023-02-02,social,18-24,True
CUST_01536,benjamin51@example.net,IN,2023-03-07,email,18-24,False
CUST_01537,adamsalexander@example.net,GB,2023-11-13,direct,18-24,False
CUST_01538,derrick34@example.net,IN,2023-04-20,referral,55+,False
CUST_01539,gsloan@example.com,US,2024-02-10,referral,55+,False
CUST_01540,valenzuelamiranda@example.com,IN,2023-03-12,organic,35-44,False
CUST_01541,jorgevalenzuela@example.net,US,2024-03-29,direct,25-34,False
CUST_01542,qwade@example.net,IN,2023-06-19,paid_search,25-34,False
CUST_01543,canthony@example.com,SG,2023-12-08,referral,18-24,False
CUST_01544,lewisjacob@example.net,US,2023-10-19,organic,35-44,False
CUST_01545,bryan07@example.com,US,2024-01-04,email,25-34,False
CUST_01546,debbiemendoza@example.org,GB,2023-10-13,organic,55+,True
CUST_01547,thomasnicole@example.com,US,2024-05-29,organic,25-34,False
CUST_01548,roachjohn@example.com,IN,2023-10-26,direct,35-44,False
CUST_01549,jonchavez@example.org,IN,2024-06-16,paid_search,45-54,False
CUST_01550,castilloandrew@example.org,AU,2023-11-02,email,35-44,True
CUST_01551,marygraham@example.org,IN,2023-07-02,paid_search,45-54,False
CUST_01552,evanramirez@example.org,SG,2024-05-15,organic,35-44,False
CUST_01553,jbrown@example.org,SG,2024-01-17,social,35-44,False
CUST_01554,virginiawebster@example.net,GB,2023-03-19,direct,35-44,False
CUST_01555,alan63@example.net,SG,2023-10-01,direct,55+,False
CUST_01556,wesleybennett@example.com,US,2023-12-19,organic,25-34,False
CUST_01557,nmiller@example.net,IN,2024-05-12,social,25-34,False
CUST_01558,tylerabbott@example.com,SG,2023-09-01,organic,25-34,False
CUST_01559,andersondean@example.com,US,2024-05-19,referral,45-54,False
CUST_01560,uhester@example.org,SG,2023-09-06,direct,25-34,False
CUST_01561,jamesfox@example.org,SG,2024-06-17,email,35-44,True
CUST_01562,justin10@example.com,IN,2023-11-18,social,45-54,False
CUST_01563,mrowe@example.org,IN,2024-03-19,organic,55+,False
CUST_01564,amanda56@example.net,IN,2024-05-01,organic,45-54,True
CUST_01565,youngmichael@example.org,GB,2024-06-28,organic,45-54,False
CUST_01566,timothywilliams@example.org,IN,2024-04-11,organic,35-44,True
CUST_01567,hudsonamanda@example.net,IN,2024-03-16,direct,55+,False
CUST_01568,lmckenzie@example.org,GB,2023-12-19,social,18-24,False
CUST_01569,ryanmalone@example.com,IN,2023-06-07,email,35-44,False
CUST_01570,david47@example.org,IN,2023-10-24,paid_search,55+,False
CUST_01571,rogervalentine@example.com,US,2023-08-08,paid_search,45-54,True
CUST_01572,kristipark@example.net,IN,2023-04-24,email,25-34,False
CUST_01573,clairesalazar@example.net,IN,2023-07-12,direct,45-54,True
CUST_01574,wangamanda@example.net,IN,2023-12-31,email,45-54,False
CUST_01575,mckenzie53@example.org,US,2023-10-25,direct,55+,False
CUST_01576,hamiltonjessica@example.net,SG,2023-03-16,organic,35-44,False
CUST_01577,katrinasnyder@example.net,AU,2024-01-01,referral,55+,False
CUST_01578,brucecook@example.com,IN,2023-02-05,referral,55+,False
CUST_01579,baileyanthony@example.org,US,2023-11-03,paid_search,55+,True
CUST_01580,franknguyen@example.com,IN,2023-05-20,referral,45-54,False
CUST_01581,cory56@example.org,IN,2023-12-30,email,55+,False
CUST_01582,bwilliams@example.net,IN,2023-07-22,organic,25-34,False
CUST_01583,tammy52@example.org,US,2023-08-07,social,35-44,False
CUST_01584,alexander41@example.com,US,2023-07-24,email,55+,False
CUST_01585,coopershirley@example.org,IN,2023-05-09,social,25-34,False
CUST_01586,gonzaleztom@example.net,US,2024-05-25,social,18-24,True
CUST_01587,joannrussell@example.net,IN,2023-02-12,organic,45-54,False
CUST_01588,csmith@example.com,SG,2023-12-29,social,18-24,False
CUST_01589,jamiejohnson@example.net,SG,2024-03-11,social,18-24,False
CUST_01590,alankennedy@example.org,IN,2023-04-25,organic,25-34,False
CUST_01591,tonimendoza@example.org,GB,2023-05-21,direct,55+,False
CUST_01592,dana10@example.org,GB,2024-03-13,referral,25-34,False
CUST_01593,nathanielrobbins@example.net,SG,2023-01-04,referral,25-34,False
CUST_01594,taylorandre@example.org,IN,2023-03-01,social,18-24,False
CUST_01595,travisbraun@example.com,IN,2023-01-21,direct,18-24,False
CUST_01596,audreywalker@example.net,AU,2024-04-03,organic,35-44,True
CUST_01597,rangelmelody@example.com,SG,2023-03-04,direct,45-54,False
CUST_01598,gentryamanda@example.net,SG,2023-07-29,organic,35-44,False
CUST_01599,ucain@example.org,US,2024-05-24,social,35-44,False
CUST_01600,parkermonica@example.org,IN,2024-03-18,organic,35-44,False
CUST_01601,allisonvaldez@example.net,US,2023-02-13,referral,55+,False
CUST_01602,nelsoncraig@example.com,IN,2023-11-06,paid_search,45-54,True
CUST_01603,turnerdouglas@example.org,IN,2023-06-11,social,35-44,False
CUST_01604,mvega@example.org,IN,2024-05-23,email,45-54,False
CUST_01605,jasonharris@example.org,AU,2023-08-29,referral,25-34,False
CUST_01606,fliu@example.com,GB,2023-03-16,referral,25-34,False
CUST_01607,romancameron@example.com,SG,2023-10-29,referral,55+,False
CUST_01608,robertroberts@example.org,GB,2023-11-25,referral,25-34,False
CUST_01609,vaughnbrooke@example.com,IN,2023-11-27,referral,35-44,False
CUST_01610,lewisblake@example.com,IN,2024-06-09,direct,25-34,False
CUST_01611,kimberlyeverett@example.net,US,2024-02-14,referral,18-24,False
CUST_01612,curtis82@example.org,IN,2023-12-06,social,35-44,True
CUST_01613,kaylataylor@example.net,US,2023-04-10,email,25-34,False
CUST_01614,davischristopher@example.net,SG,2023-08-18,referral,18-24,False
CUST_01615,brownkatherine@example.org,IN,2024-02-03,social,45-54,True
CUST_01616,flemingbrenda@example.net,US,2024-05-28,email,35-44,False
CUST_01617,lucas55@example.org,US,2023-03-05,organic,18-24,False
CUST_01618,tammyanderson@example.org,IN,2023-12-26,paid_search,45-54,True
CUST_01619,nstafford@example.net,GB,2023-11-20,email,35-44,False
CUST_01620,vharding@example.com,US,2023-12-20,social,55+,False
CUST_01621,allentaylor@example.com,AU,2023-09-23,paid_search,25-34,True
CUST_01622,allenjohn@example.org,IN,2024-04-14,direct,18-24,False
CUST_01623,cperez@example.com,IN,2023-01-14,organic,18-24,True
CUST_01624,drew71@example.com,SG,2024-01-06,social,55+,False
CUST_01625,vcarey@example.net,US,2023-08-24,referral,35-44,False
CUST_01626,joshuarobertson@example.org,US,2024-06-20,email,18-24,True
CUST_01627,johnsonmarc@example.com,IN,2023-01-11,organic,25-34,False
CUST_01628,sherry41@example.org,SG,2023-06-12,paid_search,25-34,False
CUST_01629,cassandrawu@example.org,GB,2024-05-01,referral,25-34,True
CUST_01630,marysweeney@example.net,IN,2023-12-26,social,18-24,True
CUST_01631,zjackson@example.com,US,2023-04-29,social,45-54,False
CUST_01632,levi46@example.net,SG,2023-12-16,paid_search,35-44,False
CUST_01633,brendamatthews@example.net,IN,2023-11-01,organic,18-24,False
CUST_01634,brett30@example.com,AU,2023-12-02,social,55+,False
CUST_01635,rturner@example.org,AU,2024-03-06,organic,45-54,False
CUST_01636,tcarpenter@example.org,SG,2024-02-03,referral,45-54,False
CUST_01637,xjones@example.org,SG,2023-02-17,social,55+,False
CUST_01638,jonathon01@example.com,IN,2023-02-19,direct,45-54,False
CUST_01639,wschmitt@example.com,SG,2023-04-01,direct,35-44,False
CUST_01640,jamesflores@example.org,IN,2023-12-05,email,25-34,False
CUST_01641,wendyrosales@example.net,IN,2023-12-07,paid_search,55+,False
CUST_01642,ricebernard@example.com,AU,2023-09-21,direct,45-54,True
CUST_01643,driley@example.org,US,2023-08-16,social,45-54,False
CUST_01644,vmay@example.net,US,2024-06-06,email,45-54,False
CUST_01645,bergfrederick@example.org,US,2023-05-06,email,18-24,False
CUST_01646,kevin53@example.com,IN,2023-04-11,paid_search,55+,False
CUST_01647,kristin80@example.net,AU,2023-11-20,social,35-44,False
CUST_01648,emilybrown@example.org,IN,2024-03-08,organic,35-44,False
CUST_01649,jamessmith@example.net,US,2023-10-05,paid_search,55+,True
CUST_01650,olsonkristen@example.org,IN,2023-02-19,organic,55+,False
CUST_01651,garnerdaniel@example.com,IN,2024-03-12,email,35-44,False
CUST_01652,bhiggins@example.org,US,2023-02-06,referral,35-44,False
CUST_01653,guzmancaleb@example.org,GB,2024-06-20,referral,18-24,False
CUST_01654,benjaminmonroe@example.com,US,2023-12-07,organic,18-24,False
CUST_01655,burnscourtney@example.com,US,2024-04-18,organic,55+,True
CUST_01656,lewisdiane@example.com,IN,2023-03-23,organic,25-34,False
CUST_01657,marciarogers@example.net,US,2023-05-02,direct,45-54,False
CUST_01658,wriley@example.org,US,2024-01-23,organic,25-34,False
CUST_01659,vwilliams@example.org,GB,2023-09-17,organic,25-34,False
CUST_01660,rebekah93@example.org,US,2023-11-19,organic,25-34,False
CUST_01661,lisa42@example.org,IN,2024-01-03,referral,25-34,True
CUST_01662,denise75@example.com,US,2023-10-17,social,35-44,False
CUST_01663,ncallahan@example.com,IN,2023-07-10,referral,45-54,False
CUST_01664,kimberly17@example.net,GB,2023-04-18,social,45-54,False
CUST_01665,lisavargas@example.net,US,2024-02-05,email,18-24,False
CUST_01666,danaking@example.com,US,2023-01-08,referral,18-24,True
CUST_01667,jamesperez@example.com,SG,2023-09-02,paid_search,45-54,True
CUST_01668,clambert@example.org,US,2023-01-29,direct,25-34,False
CUST_01669,steverobles@example.org,AU,2023-02-14,direct,55+,False
CUST_01670,melissa06@example.org,SG,2023-11-22,direct,55+,False
CUST_01671,cstephens@example.net,AU,2023-09-01,organic,35-44,False
CUST_01672,pabbott@example.com,AU,2024-04-19,direct,45-54,False
CUST_01673,julie25@example.net,GB,2023-06-09,referral,55+,False
CUST_01674,nsmith@example.org,IN,2024-06-25,direct,45-54,False
CUST_01675,mark60@example.net,IN,2023-08-23,referral,35-44,False
CUST_01676,dickersonjennifer@example.com,SG,2023-04-08,referral,35-44,False
CUST_01677,timothyharvey@example.org,SG,2024-02-02,referral,35-44,False
CUST_01678,isanders@example.com,IN,2023-05-05,referral,55+,False
CUST_01679,oarroyo@example.net,US,2023-08-25,referral,18-24,False
CUST_01680,robbinsmolly@example.net,IN,2023-10-17,referral,35-44,True
CUST_01681,smithleslie@example.com,AU,2024-05-20,social,35-44,False
CUST_01682,jameshuerta@example.net,SG,2023-01-05,paid_search,55+,False
CUST_01683,fmaldonado@example.com,US,2024-05-02,referral,25-34,False
CUST_01684,ryan86@example.com,US,2023-08-10,direct,55+,False
CUST_01685,john29@example.com,SG,2023-10-21,paid_search,18-24,False
CUST_01686,qmcbride@example.org,IN,2024-03-28,email,45-54,True
CUST_01687,qtodd@example.org,GB,2023-11-27,organic,18-24,True
CUST_01688,riceantonio@example.net,SG,2023-04-12,social,18-24,False
CUST_01689,moorelinda@example.net,SG,2024-02-13,referral,55+,False
CUST_01690,erin41@example.net,SG,2023-07-24,direct,45-54,False
CUST_01691,teresalong@example.org,AU,2024-06-19,social,45-54,False
CUST_01692,rramirez@example.com,SG,2023-04-23,social,45-54,True
CUST_01693,dylanparker@example.org,GB,2024-02-03,organic,25-34,False
CUST_01694,mcbriderachel@example.com,US,2023-01-26,referral,35-44,False
CUST_01695,craigthompson@example.net,US,2023-04-03,social,18-24,True
CUST_01696,andersonjanet@example.net,IN,2024-03-20,referral,25-34,True
CUST_01697,smithkelsey@example.com,AU,2023-08-25,email,35-44,False
CUST_01698,mary32@example.org,IN,2023-04-21,referral,45-54,True
CUST_01699,olivia91@example.net,GB,2023-08-26,paid_search,25-34,False
CUST_01700,paynepaula@example.com,IN,2024-01-15,referral,35-44,True
CUST_01701,lee96@example.org,SG,2023-02-04,referral,35-44,False
CUST_01702,jeremyadams@example.net,US,2023-09-20,social,55+,True
CUST_01703,camachokaren@example.org,SG,2023-04-18,social,45-54,False
CUST_01704,blacktony@example.org,GB,2023-04-26,email,18-24,False
CUST_01705,michaelmoore@example.com,US,2024-05-31,social,25-34,False
CUST_01706,brownbrandi@example.org,SG,2023-09-21,direct,45-54,False
CUST_01707,nicholas52@example.net,IN,2024-05-16,paid_search,18-24,False
CUST_01708,garymitchell@example.com,SG,2023-08-28,organic,55+,True
CUST_01709,kevinhart@example.org,SG,2024-04-25,organic,55+,False
CUST_01710,potterfrederick@example.net,SG,2024-01-05,organic,18-24,False
CUST_01711,aporter@example.net,IN,2024-02-18,organic,35-44,False
CUST_01712,andersontammy@example.com,GB,2023-07-10,referral,45-54,True
CUST_01713,robertjones@example.org,US,2024-02-19,social,55+,True
CUST_01714,stephenharris@example.com,IN,2023-01-19,paid_search,45-54,True
CUST_01715,nhernandez@example.com,IN,2024-02-15,email,18-24,True
CUST_01716,deborah08@example.org,SG,2023-03-19,email,25-34,True
CUST_01717,sharon75@example.net,IN,2023-03-11,social,25-34,True
CUST_01718,adamsyesenia@example.com,IN,2023-09-10,direct,18-24,False
CUST_01719,abigail90@example.org,IN,2023-03-18,social,35-44,False
CUST_01720,stevengordon@example.net,IN,2023-04-04,paid_search,55+,False
CUST_01721,cruzmary@example.com,SG,2024-01-18,referral,45-54,False
CUST_01722,jsimmons@example.net,IN,2023-07-29,social,55+,False
CUST_01723,chelseaadams@example.net,IN,2024-01-12,direct,25-34,False
CUST_01724,leejames@example.net,IN,2023-01-15,referral,18-24,False
CUST_01725,etaylor@example.com,US,2024-03-06,paid_search,35-44,False
CUST_01726,jamesjohnson@example.net,IN,2023-12-13,direct,55+,False
CUST_01727,juanvang@example.com,IN,2023-04-21,paid_search,25-34,False
CUST_01728,gloriajoyce@example.org,AU,2023-11-26,referral,45-54,True
CUST_01729,eanderson@example.net,AU,2023-12-27,referral,35-44,False
CUST_01730,matthewhamilton@example.net,IN,2023-05-11,social,35-44,False
CUST_01731,douglasgriffin@example.net,IN,2024-06-12,email,25-34,False
CUST_01732,john60@example.org,IN,2024-02-01,paid_search,55+,False
CUST_01733,brendareynolds@example.net,IN,2023-08-22,direct,18-24,False
CUST_01734,paynescott@example.net,AU,2024-03-08,social,25-34,False
CUST_01735,carolyntaylor@example.com,GB,2023-09-05,email,35-44,False
CUST_01736,groach@example.com,IN,2023-12-18,direct,35-44,False
CUST_01737,melissa60@example.com,AU,2023-12-24,email,18-24,False
CUST_01738,ronaldscott@example.net,US,2023-04-14,organic,55+,False
CUST_01739,kennethluna@example.org,US,2023-01-08,social,55+,False
CUST_01740,maria13@example.com,US,2024-01-15,referral,18-24,False
CUST_01741,glen12@example.com,US,2024-05-19,referral,18-24,False
CUST_01742,omartin@example.org,SG,2024-06-05,organic,35-44,False
CUST_01743,elizabethgreen@example.net,GB,2023-10-20,email,45-54,True
CUST_01744,andrewellis@example.com,AU,2024-06-25,organic,45-54,False
CUST_01745,codykelley@example.net,SG,2023-05-30,paid_search,18-24,False
CUST_01746,christina90@example.org,AU,2024-06-12,email,25-34,True
CUST_01747,tfitzgerald@example.com,US,2024-04-21,direct,25-34,False
CUST_01748,elizabeth47@example.org,AU,2024-01-19,organic,35-44,False
CUST_01749,upark@example.net,IN,2024-04-15,paid_search,45-54,True
CUST_01750,thomas01@example.net,SG,2023-08-04,social,25-34,False
CUST_01751,ramseystephanie@example.org,US,2024-05-27,direct,55+,False
CUST_01752,dcurtis@example.net,SG,2023-02-20,direct,18-24,True
CUST_01753,rebecca96@example.com,GB,2024-03-18,referral,35-44,True
CUST_01754,amandaroach@example.net,IN,2024-06-10,direct,55+,False
CUST_01755,nicholas99@example.org,SG,2024-06-12,social,18-24,False
CUST_01756,hallalyssa@example.org,US,2024-05-12,direct,18-24,False
CUST_01757,allisonbrandon@example.com,SG,2023-09-08,social,35-44,True
CUST_01758,masseychristopher@example.net,SG,2024-02-07,email,55+,False
CUST_01759,foleylinda@example.com,IN,2023-06-24,social,55+,False
CUST_01760,anne18@example.com,IN,2023-01-05,email,18-24,False
CUST_01761,michellewilliams@example.org,AU,2023-01-20,paid_search,45-54,False
CUST_01762,yhall@example.com,IN,2023-07-14,email,35-44,True
CUST_01763,savagejennifer@example.com,IN,2024-04-30,social,45-54,False
CUST_01764,christine36@example.net,US,2024-04-05,email,35-44,False
CUST_01765,gdominguez@example.com,IN,2024-01-03,email,18-24,False
CUST_01766,stephensonmichael@example.org,US,2024-02-08,organic,55+,False
CUST_01767,kevinpratt@example.com,US,2023-03-16,referral,18-24,True
CUST_01768,hhinton@example.org,AU,2023-02-17,social,35-44,False
CUST_01769,philipsaunders@example.net,IN,2024-06-22,paid_search,18-24,False
CUST_01770,rodriguezcatherine@example.com,IN,2023-12-10,referral,45-54,True
CUST_01771,ramosdanielle@example.com,IN,2024-06-10,organic,35-44,False
CUST_01772,sherry51@example.com,IN,2023-11-08,social,25-34,False
CUST_01773,lee49@example.com,US,2024-05-27,social,45-54,False
CUST_01774,breannamoses@example.org,GB,2023-11-29,referral,18-24,False
CUST_01775,stonebecky@example.net,US,2024-06-08,social,55+,False
CUST_01776,anna00@example.org,IN,2023-05-30,organic,55+,False
CUST_01777,michellejones@example.net,US,2024-04-05,paid_search,55+,True
CUST_01778,lmcdaniel@example.net,IN,2024-01-31,social,45-54,False
CUST_01779,brianklein@example.org,IN,2023-12-12,paid_search,18-24,True
CUST_01780,bryanhopkins@example.net,SG,2023-08-31,referral,35-44,False
CUST_01781,rross@example.org,US,2024-02-25,paid_search,45-54,False
CUST_01782,fuentesleslie@example.org,IN,2023-09-24,organic,55+,False
CUST_01783,smithdavid@example.org,IN,2024-06-10,paid_search,55+,False
CUST_01784,ybishop@example.com,GB,2024-03-10,social,35-44,True
CUST_01785,nicoleross@example.org,US,2023-06-05,paid_search,18-24,False
CUST_01786,ashley97@example.org,SG,2024-06-02,direct,45-54,False
CUST_01787,jenna11@example.org,GB,2023-09-15,referral,35-44,False
CUST_01788,hobbsveronica@example.org,IN,2023-11-22,organic,45-54,False
CUST_01789,zgarner@example.com,SG,2023-02-02,organic,25-34,False
CUST_01790,philipdixon@example.net,US,2023-12-29,paid_search,45-54,False
CUST_01791,kdean@example.com,GB,2023-09-15,social,25-34,False
CUST_01792,nguerra@example.org,IN,2023-01-06,organic,35-44,True
CUST_01793,vrodriguez@example.org,IN,2023-03-31,social,25-34,False
CUST_01794,kevin96@example.net,IN,2023-10-07,organic,25-34,True
CUST_01795,ibrown@example.com,IN,2023-05-16,email,25-34,False
CUST_01796,copelandtyler@example.org,IN,2024-03-06,paid_search,18-24,True
CUST_01797,jason63@example.org,AU,2023-07-23,organic,25-34,False
CUST_01798,doughertychelsea@example.com,IN,2023-03-28,paid_search,35-44,False
CUST_01799,sean73@example.net,GB,2023-10-15,direct,25-34,False
CUST_01800,zlee@example.com,GB,2024-04-29,direct,18-24,True
CUST_01801,jclarke@example.org,US,2023-04-12,paid_search,55+,False
CUST_01802,brownjose@example.net,IN,2023-10-18,social,25-34,False
CUST_01803,chaneykayla@example.org,SG,2024-04-23,referral,35-44,False
CUST_01804,jamie05@example.com,IN,2023-09-12,direct,35-44,False
CUST_01805,stacy92@example.net,AU,2024-01-30,social,25-34,False
CUST_01806,karen90@example.org,US,2024-01-01,referral,18-24,True
CUST_01807,mowens@example.com,US,2023-10-29,direct,55+,False
CUST_01808,wendy27@example.org,SG,2024-02-08,email,35-44,False
CUST_01809,theresaorozco@example.org,US,2024-01-11,social,45-54,False
CUST_01810,scott52@example.com,US,2023-11-08,referral,18-24,False
CUST_01811,jenniferowens@example.net,SG,2023-06-07,paid_search,45-54,False
CUST_01812,awyatt@example.net,GB,2023-11-27,referral,25-34,False
CUST_01813,melissakeller@example.com,IN,2023-10-18,organic,25-34,False
CUST_01814,morrowrobin@example.org,SG,2023-08-18,email,25-34,False
CUST_01815,ewalker@example.net,SG,2023-12-28,email,45-54,False
CUST_01816,lynchchristian@example.net,SG,2023-12-02,social,35-44,False
CUST_01817,grobinson@example.net,IN,2023-01-20,paid_search,35-44,False
CUST_01818,carrnicholas@example.org,AU,2023-10-06,email,55+,False
CUST_01819,ramirezjonathan@example.com,IN,2024-05-14,email,25-34,True
CUST_01820,mcfarlandpaul@example.com,IN,2023-02-25,referral,25-34,False
CUST_01821,vincent04@example.com,IN,2024-06-08,email,35-44,True
CUST_01822,george20@example.com,AU,2024-04-14,direct,55+,False
CUST_01823,samantha58@example.net,US,2023-01-07,email,35-44,False
CUST_01824,rsanchez@example.net,AU,2023-11-10,referral,18-24,False
CUST_01825,juliemartinez@example.com,AU,2024-02-03,paid_search,45-54,False
CUST_01826,jjackson@example.net,SG,2023-06-13,referral,55+,False
CUST_01827,murraysteven@example.net,US,2023-12-31,social,35-44,False
CUST_01828,reyesnicole@example.net,GB,2023-09-01,social,45-54,False
CUST_01829,kadams@example.org,GB,2023-12-16,organic,35-44,True
CUST_01830,zkrause@example.org,IN,2023-04-10,direct,18-24,False
CUST_01831,wcharles@example.org,GB,2024-05-26,email,25-34,False
CUST_01832,amanda76@example.com,US,2024-06-16,direct,55+,False
CUST_01833,kristinaclark@example.org,IN,2024-03-31,organic,25-34,True
CUST_01834,christine39@example.net,SG,2023-09-14,referral,55+,False
CUST_01835,chloemullen@example.com,AU,2023-10-31,paid_search,45-54,True
CUST_01836,brenda58@example.org,IN,2023-10-28,organic,35-44,False
CUST_01837,anthonybarnes@example.com,US,2023-12-17,email,18-24,True
CUST_01838,jonesmitchell@example.com,SG,2024-06-08,organic,55+,False
CUST_01839,hmartinez@example.org,IN,2023-05-26,social,35-44,False
CUST_01840,patricia18@example.org,US,2023-08-15,organic,45-54,True
CUST_01841,derek98@example.com,IN,2024-02-07,email,45-54,False
CUST_01842,spena@example.net,IN,2023-03-28,social,45-54,False
CUST_01843,mcdonalddakota@example.org,AU,2023-10-30,paid_search,25-34,False
CUST_01844,robertlivingston@example.net,SG,2023-08-29,direct,45-54,True
CUST_01845,stephanie63@example.net,AU,2024-03-22,referral,25-34,False
CUST_01846,jasonrobinson@example.org,SG,2024-06-15,paid_search,18-24,False
CUST_01847,anne27@example.org,IN,2023-12-13,social,55+,False
CUST_01848,perezjoann@example.org,IN,2024-02-13,referral,45-54,False
CUST_01849,davischad@example.net,IN,2024-03-23,organic,35-44,False
CUST_01850,tammy44@example.net,IN,2023-12-21,direct,35-44,False
CUST_01851,michelleallen@example.org,SG,2023-05-17,paid_search,55+,False
CUST_01852,dpeters@example.net,IN,2023-12-22,direct,25-34,False
CUST_01853,riceandrea@example.com,IN,2023-03-16,organic,25-34,False
CUST_01854,cphillips@example.org,IN,2023-05-03,direct,55+,False
CUST_01855,thomasjones@example.com,US,2023-02-21,direct,25-34,False
CUST_01856,harrismarc@example.net,AU,2023-11-16,referral,18-24,False
CUST_01857,marcia51@example.com,US,2023-03-01,referral,35-44,False
CUST_01858,sandra36@example.com,IN,2023-05-09,referral,18-24,False
CUST_01859,jamiegarza@example.org,US,2023-02-26,direct,45-54,False
CUST_01860,robinbowers@example.net,GB,2023-11-07,social,18-24,True
CUST_01861,jason83@example.net,US,2023-03-31,paid_search,35-44,False
CUST_01862,philip63@example.com,SG,2023-12-27,organic,18-24,False
CUST_01863,jared63@example.net,US,2023-07-08,social,25-34,False
CUST_01864,yhamilton@example.net,GB,2023-08-05,paid_search,18-24,False
CUST_01865,taylorsarah@example.org,IN,2023-05-18,referral,45-54,True
CUST_01866,rtran@example.net,US,2024-06-05,direct,35-44,True
CUST_01867,brian90@example.com,IN,2023-10-06,direct,18-24,False
CUST_01868,tmoses@example.org,IN,2024-02-18,direct,18-24,False
CUST_01869,kvargas@example.org,US,2024-02-11,direct,18-24,False
CUST_01870,cheryljohnson@example.net,SG,2023-08-28,referral,18-24,True
CUST_01871,hmendez@example.net,US,2023-10-21,paid_search,35-44,False
CUST_01872,ejohnson@example.org,IN,2023-06-05,social,18-24,False
CUST_01873,kaitlyn66@example.com,GB,2023-09-19,direct,18-24,False
CUST_01874,mariowarren@example.org,US,2023-03-17,direct,25-34,False
CUST_01875,kevinbutler@example.org,SG,2023-02-04,organic,35-44,False
CUST_01876,barbarabowman@example.com,IN,2024-05-01,paid_search,55+,False
CUST_01877,michaelmichael@example.com,IN,2023-11-29,paid_search,18-24,False
CUST_01878,martinsusan@example.net,IN,2023-05-15,direct,35-44,True
CUST_01879,pflores@example.org,SG,2023-06-15,organic,35-44,False
CUST_01880,twatson@example.com,IN,2023-10-14,paid_search,45-54,False
CUST_01881,dawsonsamuel@example.org,SG,2024-04-10,organic,55+,False
CUST_01882,kennethking@example.org,IN,2024-03-18,organic,55+,False
CUST_01883,woodaaron@example.com,US,2024-05-05,direct,25-34,False
CUST_01884,bridget52@example.net,US,2024-05-08,direct,35-44,False
CUST_01885,pagemichael@example.com,SG,2024-06-01,email,18-24,False
CUST_01886,markmitchell@example.net,SG,2024-03-30,referral,25-34,False
CUST_01887,wrighterin@example.org,IN,2023-01-11,referral,18-24,False
CUST_01888,ljackson@example.com,US,2023-11-29,referral,18-24,True
CUST_01889,bethjohnson@example.net,SG,2023-10-18,paid_search,25-34,False
CUST_01890,johnsoncasey@example.net,IN,2024-05-13,direct,55+,False
CUST_01891,summerskimberly@example.org,US,2023-12-11,email,25-34,False
CUST_01892,jesselawrence@example.net,US,2024-05-14,organic,55+,False
CUST_01893,likelly@example.com,US,2023-11-19,email,18-24,False
CUST_01894,rodneyreeves@example.net,IN,2023-09-15,paid_search,55+,True
CUST_01895,james98@example.org,AU,2024-05-31,direct,25-34,False
CUST_01896,peterseric@example.net,SG,2023-10-24,paid_search,45-54,False
CUST_01897,samantha89@example.com,GB,2023-02-20,organic,25-34,True
CUST_01898,edward59@example.org,AU,2023-04-20,paid_search,18-24,True
CUST_01899,angeljackson@example.net,GB,2024-03-02,paid_search,25-34,False
CUST_01900,juanbennett@example.org,US,2023-11-28,email,25-34,False
CUST_01901,lisadavis@example.com,SG,2023-07-10,referral,25-34,False
CUST_01902,pnorman@example.net,SG,2024-03-23,direct,25-34,False
CUST_01903,watkinsamy@example.org,IN,2024-01-09,email,45-54,False
CUST_01904,dawncampbell@example.com,SG,2024-01-01,referral,55+,False
CUST_01905,robertpeterson@example.com,GB,2023-05-02,social,18-24,False
CUST_01906,cheryl23@example.net,GB,2023-11-28,email,55+,False
CUST_01907,wwiley@example.net,US,2024-03-05,email,45-54,False
CUST_01908,wvelazquez@example.net,IN,2023-12-19,referral,55+,False
CUST_01909,bmercado@example.com,IN,2023-09-16,social,25-34,True
CUST_01910,gomezkimberly@example.net,IN,2023-05-28,referral,35-44,False
CUST_01911,chadstephens@example.org,AU,2023-11-19,direct,35-44,False
CUST_01912,uford@example.com,US,2023-08-28,referral,18-24,False
CUST_01913,timothy27@example.org,AU,2023-01-31,organic,45-54,False
CUST_01914,adam29@example.com,IN,2023-05-07,social,35-44,False
CUST_01915,kevin73@example.net,SG,2023-09-28,social,35-44,False
CUST_01916,ashley35@example.net,IN,2024-05-20,social,25-34,False
CUST_01917,reneewilliams@example.com,AU,2023-01-27,email,18-24,False
CUST_01918,mariah46@example.com,IN,2024-05-16,referral,45-54,False
CUST_01919,paul55@example.net,IN,2023-04-25,referral,55+,False
CUST_01920,lcolon@example.net,IN,2023-05-06,organic,45-54,False
CUST_01921,snowfrank@example.net,AU,2024-03-31,organic,55+,False
CUST_01922,nathanfrederick@example.org,IN,2023-11-25,social,35-44,False
CUST_01923,coxbrandon@example.org,AU,2024-01-24,direct,45-54,False
CUST_01924,richard00@example.org,US,2023-11-16,direct,18-24,True
CUST_01925,frederick72@example.net,US,2024-03-20,email,25-34,False
CUST_01926,darrellhenderson@example.com,AU,2023-06-12,social,35-44,True
CUST_01927,daymargaret@example.org,GB,2023-05-11,organic,18-24,True
CUST_01928,jeffrey03@example.net,SG,2024-06-24,social,35-44,False
CUST_01929,jonathanbradford@example.org,IN,2023-05-13,paid_search,25-34,True
CUST_01930,clinecolton@example.org,SG,2023-05-22,organic,45-54,False
CUST_01931,eugenedean@example.net,IN,2023-06-15,organic,25-34,False
CUST_01932,ehester@example.org,IN,2023-05-30,social,45-54,False
CUST_01933,weissdanielle@example.net,IN,2024-04-30,direct,25-34,True
CUST_01934,kimberly84@example.com,IN,2023-03-08,email,18-24,False
CUST_01935,beltranbryan@example.net,IN,2024-03-30,social,18-24,True
CUST_01936,williemiller@example.org,US,2023-07-26,organic,55+,False
CUST_01937,krodriguez@example.com,IN,2023-02-02,referral,18-24,False
CUST_01938,kristen04@example.net,AU,2024-02-08,email,45-54,False
CUST_01939,lisa80@example.net,US,2023-09-19,email,35-44,False
CUST_01940,lynchsarah@example.org,AU,2023-09-24,paid_search,35-44,False
CUST_01941,janicehopkins@example.com,US,2023-10-21,email,35-44,False
CUST_01942,robin58@example.org,SG,2023-01-03,direct,45-54,False
CUST_01943,andrew15@example.org,IN,2023-04-18,organic,55+,False
CUST_01944,josephtucker@example.org,US,2024-06-27,paid_search,35-44,False
CUST_01945,mcdanielcasey@example.net,US,2024-06-16,social,55+,False
CUST_01946,stephensanchez@example.com,IN,2023-05-26,direct,35-44,True
CUST_01947,zjohnson@example.org,GB,2023-10-07,direct,35-44,False
CUST_01948,marisa12@example.org,US,2023-07-01,social,55+,False
CUST_01949,cody26@example.net,SG,2023-09-28,social,18-24,False
CUST_01950,randall52@example.org,US,2023-08-17,direct,25-34,False
CUST_01951,carl37@example.net,US,2024-03-20,direct,55+,True
CUST_01952,kristen06@example.com,US,2024-01-22,email,55+,False
CUST_01953,lgutierrez@example.com,IN,2023-12-29,social,18-24,False
CUST_01954,baldwinrobert@example.net,IN,2024-02-24,paid_search,25-34,False
CUST_01955,maureenphillips@example.com,US,2024-05-27,organic,45-54,False
CUST_01956,xatkinson@example.com,IN,2023-01-23,email,45-54,False
CUST_01957,fordbrenda@example.net,US,2023-06-21,direct,45-54,False
CUST_01958,zrogers@example.net,IN,2024-06-04,paid_search,55+,False
CUST_01959,cynthia70@example.org,IN,2024-01-18,direct,35-44,False
CUST_01960,lauren20@example.org,US,2024-03-23,referral,18-24,False
CUST_01961,james16@example.org,AU,2023-10-20,direct,45-54,False
CUST_01962,alvinlarson@example.net,AU,2024-03-12,social,25-34,False
CUST_01963,wmarshall@example.org,IN,2023-03-31,organic,18-24,False
CUST_01964,jatkinson@example.org,AU,2024-04-04,direct,18-24,False
CUST_01965,kaitlincoleman@example.net,GB,2023-04-09,social,55+,False
CUST_01966,ufernandez@example.net,IN,2023-08-30,referral,25-34,False
CUST_01967,linda46@example.com,IN,2023-11-26,email,25-34,False
CUST_01968,leah68@example.org,SG,2024-04-12,organic,45-54,True
CUST_01969,thomaspowell@example.com,IN,2023-12-24,email,25-34,False
CUST_01970,eriktorres@example.org,IN,2023-12-21,email,25-34,False
CUST_01971,cuevasbrandon@example.com,SG,2023-01-27,email,55+,False
CUST_01972,frussell@example.com,IN,2023-04-06,direct,55+,False
CUST_01973,ashleycruz@example.net,SG,2023-06-17,direct,45-54,True
CUST_01974,samuel71@example.net,IN,2023-09-16,direct,25-34,False
CUST_01975,tramirez@example.net,US,2023-06-24,organic,25-34,False
CUST_01976,nataliemyers@example.net,IN,2023-11-01,direct,25-34,False
CUST_01977,terridiaz@example.org,IN,2024-03-01,social,45-54,False
CUST_01978,georgemary@example.com,IN,2023-10-31,referral,35-44,False
CUST_01979,lmoore@example.org,US,2023-06-01,referral,45-54,True
CUST_01980,bgreen@example.com,US,2023-09-09,referral,18-24,False
CUST_01981,apennington@example.net,SG,2023-08-25,paid_search,55+,True
CUST_01982,fwhite@example.net,SG,2024-06-24,paid_search,25-34,False
CUST_01983,bryce80@example.org,US,2023-06-01,organic,35-44,False
CUST_01984,jboyd@example.net,IN,2024-03-23,paid_search,45-54,False
CUST_01985,odonnellmegan@example.com,US,2023-11-28,paid_search,18-24,True
CUST_01986,kathybowen@example.com,IN,2024-01-04,organic,18-24,False
CUST_01987,washingtonzachary@example.org,IN,2024-05-19,social,25-34,False
CUST_01988,donnakim@example.org,IN,2023-11-10,organic,25-34,False
CUST_01989,krystalhernandez@example.org,US,2023-08-24,paid_search,45-54,False
CUST_01990,knightsydney@example.com,US,2024-06-04,social,45-54,False
CUST_01991,heather18@example.org,SG,2024-05-22,organic,18-24,True
CUST_01992,jrusso@example.net,SG,2023-04-05,direct,55+,False
CUST_01993,urobbins@example.net,SG,2024-03-31,referral,45-54,False
CUST_01994,tfarrell@example.org,US,2023-03-15,paid_search,45-54,False
CUST_01995,mitchelljessica@example.com,US,2024-05-15,email,55+,True
CUST_01996,ppowers@example.net,IN,2023-09-10,referral,25-34,False
CUST_01997,zacharymurphy@example.org,IN,2024-06-28,referral,55+,False
CUST_01998,cherylfuller@example.com,SG,2024-02-16,referral,55+,False
CUST_01999,whitemary@example.org,IN,2024-05-21,paid_search,18-24,True
CUST_02000,xavierlee@example.com,US,2024-04-10,organic,55+,False
