order_id,customer_id,order_date,category,quantity,unit_price,total_amount,status,payment_method
ORD_0000001,CUST_00644,2024-06-06,Apparel,1,73.11,73.11,completed,card
ORD_0000002,CUST_01152,2024-03-13,Electronics,1,51.45,51.45,completed,netbanking
ORD_0000003,CUST_01979,2023-10-12,Beauty,4,488.77,1955.08,completed,netbanking
ORD_0000004,CUST_00095,2024-06-28,Books,3,332.98,998.94,completed,wallet
ORD_0000005,CUST_01424,2024-01-14,Home & Kitchen,5,456.27,2281.35,completed,upi
ORD_0000006,CUST_01409,2023-04-04,Apparel,1,126.17,126.17,completed,upi
ORD_0000007,CUST_01961,2023-12-11,Sports,5,280.5,1402.5,completed,upi
ORD_0000008,CUST_01494,2024-06-26,Home & Kitchen,4,46.43,185.72,completed,upi
ORD_0000009,CUST_00820,2024-05-10,Beauty,1,472.91,472.91,completed,upi
ORD_0000010,CUST_01098,2023-08-09,Home & Kitchen,1,318.48,318.48,cancelled,upi
ORD_0000011,CUST_01464,2024-01-17,Sports,5,332.08,1660.4,completed,wallet
ORD_0000012,CUST_01683,2024-05-16,Books,3,496.29,1488.87,completed,upi
ORD_0000013,CUST_00159,2024-05-04,Beauty,1,270.41,270.41,completed,card
ORD_0000014,CUST_00675,2024-05-06,Home & Kitchen,1,187.77,187.77,completed,upi
ORD_0000015,CUST_01780,2023-11-26,Books,3,14.82,44.46,cancelled,upi
ORD_0000016,CUST_00776,2023-11-29,Beauty,1,96.1,96.1,returned,wallet
ORD_0000017,CUST_00196,2024-03-30,Home & Kitchen,3,353.21,1059.63,completed,card
ORD_0000018,CUST_01837,2024-01-04,Books,2,165.81,331.62,completed,wallet
ORD_0000019,CUST_00977,2024-04-02,Sports,3,14.64,43.92,completed,upi
ORD_0000020,CUST_00293,2024-03-20,Electronics,5,370.35,1851.75,returned,netbanking
ORD_0000021,CUST_01449,2024-05-09,Books,5,214.93,1074.65,completed,netbanking
ORD_0000022,CUST_01636,2024-05-04,Books,5,150.53,752.65,completed,upi
ORD_0000023,CUST_00626,2024-01-12,Home & Kitchen,3,209.18,627.54,returned,card
ORD_0000024,CUST_00158,2024-05-09,Electronics,1,90.9,90.9,completed,netbanking
ORD_0000025,CUST_01135,2024-05-27,Books,1,481.45,481.45,completed,upi
ORD_0000026,CUST_00983,2024-05-13,Beauty,5,345.7,1728.5,returned,card
ORD_0000027,CUST_00831,2023-08-05,Beauty,5,103.18,515.9,completed,wallet
ORD_0000028,CUST_01439,2024-04-28,Beauty,3,129.66,388.98,completed,card
ORD_0000029,CUST_01244,2024-05-28,Sports,2,340.51,681.02,returned,upi
ORD_0000030,CUST_00154,2023-11-24,Electronics,2,261.7,523.4,completed,wallet
ORD_0000031,CUST_00350,2023-11-18,Beauty,1,175.59,175.59,completed,card
ORD_0000032,CUST_00595,2023-09-15,Apparel,4,153.83,615.32,completed,wallet
ORD_0000033,CUST_00446,2024-01-15,Electronics,5,414.6,2073.0,cancelled,wallet
ORD_0000034,CUST_00118,2024-03-08,Home & Kitchen,1,311.6,311.6,completed,card
ORD_0000035,CUST_00011,2023-11-09,Electronics,2,207.0,414.0,completed,wallet
ORD_0000036,CUST_00405,2024-03-19,Apparel,5,262.01,1310.05,completed,wallet
ORD_0000037,CUST_00015,2023-09-27,Books,3,120.78,362.34,completed,netbanking
ORD_0000038,CUST_00878,2024-06-29,Home & Kitchen,2,272.84,545.68,completed,wallet
ORD_0000039,CUST_01345,2024-06-14,Home & Kitchen,4,89.29,357.16,completed,card
ORD_0000040,CUST_00736,2024-06-22,Home & Kitchen,2,64.22,128.44,completed,wallet
ORD_0000041,CUST_00863,2024-01-30,Apparel,1,88.54,88.54,cancelled,netbanking
ORD_0000042,CUST_00244,2024-02-27,Beauty,4,279.55,1118.2,completed,netbanking
ORD_0000043,CUST_01539,2024-04-27,Beauty,5,365.73,1828.65,returned,wallet
ORD_0000044,CUST_00270,2024-05-07,Apparel,1,398.42,398.42,completed,card
ORD_0000045,CUST_01572,2023-10-24,Home & Kitchen,1,342.36,342.36,completed,card
ORD_0000046,CUST_00890,2024-06-21,Electronics,3,148.28,444.84,completed,upi
ORD_0000047,CUST_01265,2024-06-19,Home & Kitchen,5,101.55,507.75,completed,netbanking
ORD_0000048,CUST_01436,2024-03-01,Beauty,4,107.21,428.84,completed,card
ORD_0000049,CUST_01436,2024-06-08,Sports,5,98.77,493.85,completed,upi
ORD_0000050,CUST_00470,2024-06-03,Home & Kitchen,2,206.62,413.24,cancelled,upi
ORD_0000051,CUST_00874,2023-02-02,Electronics,5,107.82,539.1,completed,netbanking
ORD_0000052,CUST_01434,2024-06-01,Books,2,118.66,237.32,completed,wallet
ORD_0000053,CUST_01319,2023-05-14,Home & Kitchen,3,63.92,191.76,completed,netbanking
ORD_0000054,CUST_01458,2024-04-16,Electronics,2,166.71,333.42,completed,card
ORD_0000055,CUST_00107,2024-05-11,Books,3,113.86,341.58,completed,card
ORD_0000056,CUST_00883,2024-05-26,Home & Kitchen,3,474.67,1424.01,completed,card
ORD_0000057,CUST_00199,2024-06-22,Apparel,1,344.64,344.64,completed,netbanking
ORD_0000058,CUST_01522,2024-06-18,Home & Kitchen,5,269.13,1345.65,completed,netbanking
ORD_0000059,CUST_00431,2024-01-28,Electronics,4,52.73,210.92,completed,card
ORD_0000060,CUST_00085,2024-03-05,Books,2,104.52,209.04,cancelled,card
ORD_0000061,CUST_01929,2024-02-03,Apparel,3,365.41,1096.23,completed,upi
ORD_0000062,CUST_00090,2023-07-15,Beauty,2,214.91,429.82,completed,netbanking
ORD_0000063,CUST_01833,2024-05-05,Electronics,4,318.62,1274.48,returned,card
ORD_0000064,CUST_00989,2024-05-20,Sports,5,466.34,2331.7,completed,upi
ORD_0000065,CUST_01228,2023-12-07,Sports,2,151.92,303.84,completed,upi
ORD_0000066,CUST_01517,2024-01-02,Sports,4,345.49,1381.96,cancelled,upi
ORD_0000067,CUST_00897,2024-04-28,Books,4,285.61,1142.44,completed,netbanking
ORD_0000068,CUST_00424,2024-06-16,Apparel,1,88.39,88.39,completed,card
ORD_0000069,CUST_01801,2024-05-14,Beauty,4,256.86,1027.44,completed,netbanking
ORD_0000070,CUST_01746,2024-06-17,Sports,3,357.03,1071.09,completed,upi
ORD_0000071,CUST_00094,2024-06-24,Beauty,2,152.99,305.98,completed,netbanking
ORD_0000072,CUST_01900,2024-01-18,Electronics,3,437.95,1313.85,completed,upi
ORD_0000073,CUST_01687,2024-02-16,Beauty,5,66.92,334.6,completed,netbanking
ORD_0000074,CUST_00665,2023-03-07,Apparel,5,139.37,696.85,completed,netbanking
ORD_0000075,CUST_00665,2023-02-15,Apparel,1,413.72,413.72,completed,netbanking
ORD_0000076,CUST_00362,2023-11-05,Sports,1,273.31,273.31,completed,wallet
ORD_0000077,CUST_01937,2024-06-23,Beauty,3,436.3,1308.9,completed,upi
ORD_0000078,CUST_01673,2023-11-27,Apparel,2,168.88,337.76,completed,wallet
ORD_0000079,CUST_00319,2024-06-07,Books,2,367.6,735.2,completed,wallet
ORD_0000080,CUST_00192,2024-05-29,Apparel,2,235.09,470.18,completed,wallet
ORD_0000081,CUST_01932,2023-10-17,Apparel,3,20.3,60.9,returned,wallet
ORD_0000082,CUST_01408,2024-05-18,Electronics,2,44.02,88.04,completed,wallet
ORD_0000083,CUST_01862,2024-04-30,Sports,4,59.1,236.4,completed,card
ORD_0000084,CUST_01236,2023-06-30,Electronics,4,198.15,792.6,returned,card
ORD_0000085,CUST_00271,2024-06-06,Beauty,1,141.14,141.14,completed,card
ORD_0000086,CUST_01962,2024-04-01,Home & Kitchen,5,370.69,1853.45,returned,card
ORD_0000087,CUST_00415,2024-05-30,Books,4,382.23,1528.92,returned,netbanking
ORD_0000088,CUST_00680,2024-02-22,Sports,2,129.46,258.92,completed,card
ORD_0000089,CUST_00044,2023-12-03,Electronics,1,276.86,276.86,completed,wallet
ORD_0000090,CUST_00291,2023-11-04,Books,2,21.75,43.5,completed,netbanking
ORD_0000091,CUST_01343,2024-01-09,Beauty,2,461.62,923.24,completed,card
ORD_0000092,CUST_01008,2023-10-16,Home & Kitchen,1,120.01,120.01,completed,netbanking
ORD_0000093,CUST_00243,2023-11-01,Sports,1,448.83,448.83,completed,wallet
ORD_0000094,CUST_01087,2024-01-16,Books,5,98.86,494.3,completed,netbanking
ORD_0000095,CUST_01280,2023-11-24,Home & Kitchen,3,438.94,1316.82,returned,netbanking
ORD_0000096,CUST_01911,2024-03-01,Apparel,1,396.53,396.53,completed,upi
ORD_0000097,CUST_00656,2023-11-02,Books,4,228.87,915.48,returned,card
ORD_0000098,CUST_01184,2024-03-19,Home & Kitchen,3,80.88,242.64,cancelled,upi
ORD_0000099,CUST_01572,2024-02-17,Books,3,166.45,499.35,completed,wallet
ORD_0000100,CUST_01233,2024-06-12,Beauty,3,77.72,233.16,cancelled,wallet
ORD_0000101,CUST_00858,2024-06-02,Books,4,273.98,1095.92,completed,upi
ORD_0000102,CUST_00788,2024-03-25,Sports,5,360.3,1801.5,completed,upi
ORD_0000103,CUST_01440,2024-03-23,Apparel,2,187.23,374.46,cancelled,card
ORD_0000104,CUST_00743,2024-06-28,Electronics,2,461.23,922.46,returned,netbanking
ORD_0000105,CUST_01739,2023-04-26,Sports,3,235.58,706.74,cancelled,wallet
ORD_0000106,CUST_00497,2023-12-27,Apparel,2,37.36,74.72,completed,upi
ORD_0000107,CUST_00774,2023-05-03,Beauty,4,192.12,768.48,completed,card
ORD_0000108,CUST_00977,2024-04-08,Apparel,1,81.96,81.96,completed,card
ORD_0000109,CUST_00026,2024-06-11,Apparel,4,83.35,333.4,completed,upi
ORD_0000110,CUST_01533,2024-06-26,Beauty,3,240.38,721.14,completed,card
ORD_0000111,CUST_00588,2023-12-27,Beauty,2,39.39,78.78,completed,upi
ORD_0000112,CUST_01031,2024-05-26,Books,1,204.22,204.22,completed,wallet
ORD_0000113,CUST_01135,2024-02-26,Beauty,5,255.91,1279.55,completed,upi
ORD_0000114,CUST_00557,2024-06-22,Apparel,5,194.99,974.95,completed,wallet
ORD_0000115,CUST_01268,2023-09-05,Beauty,2,202.21,404.42,cancelled,card
ORD_0000116,CUST_01673,2024-03-03,Beauty,4,243.92,975.68,completed,wallet
ORD_0000117,CUST_00338,2023-07-26,Apparel,3,326.85,980.55,completed,card
ORD_0000118,CUST_00160,2024-04-08,Home & Kitchen,5,391.6,1958.0,completed,netbanking
ORD_0000119,CUST_00334,2024-04-16,Sports,1,42.0,42.0,completed,netbanking
ORD_0000120,CUST_00385,2023-10-03,Electronics,1,127.75,127.75,cancelled,card
ORD_0000121,CUST_01155,2024-05-04,Home & Kitchen,4,32.37,129.48,completed,netbanking
ORD_0000122,CUST_00018,2024-05-24,Sports,3,479.77,1439.31,completed,wallet
ORD_0000123,CUST_01487,2024-03-06,Electronics,2,354.29,708.58,completed,card
ORD_0000124,CUST_01029,2024-05-28,Books,2,21.6,43.2,completed,card
ORD_0000125,CUST_00595,2023-05-31,Electronics,2,344.35,688.7,returned,card
ORD_0000126,CUST_01952,2024-06-09,Beauty,2,443.35,886.7,completed,upi
ORD_0000127,CUST_01974,2024-03-28,Sports,5,496.21,2481.05,completed,netbanking
ORD_0000128,CUST_00917,2023-11-14,Sports,3,152.5,457.5,returned,wallet
ORD_0000129,CUST_00082,2024-03-27,Sports,2,112.31,224.62,completed,upi
ORD_0000130,CUST_01162,2024-06-27,Apparel,1,404.31,404.31,completed,netbanking
ORD_0000131,CUST_01121,2023-04-07,Home & Kitchen,4,56.11,224.44,completed,netbanking
ORD_0000132,CUST_00331,2023-11-30,Home & Kitchen,3,292.48,877.44,completed,upi
ORD_0000133,CUST_01456,2024-04-13,Home & Kitchen,3,493.2,1479.6,completed,wallet
ORD_0000134,CUST_01332,2024-02-13,Books,1,486.11,486.11,completed,netbanking
ORD_0000135,CUST_00822,2023-11-23,Apparel,5,459.39,2296.95,completed,netbanking
ORD_0000136,CUST_00766,2024-01-06,Home & Kitchen,4,257.9,1031.6,returned,card
ORD_0000137,CUST_01272,2024-04-23,Apparel,1,373.1,373.1,completed,card
ORD_0000138,CUST_00317,2023-07-07,Sports,3,194.14,582.42,completed,card
ORD_0000139,CUST_00457,2024-05-14,Home & Kitchen,4,337.87,1351.48,completed,wallet
ORD_0000140,CUST_00224,2023-06-18,Books,2,368.56,737.12,completed,upi
ORD_0000141,CUST_00823,2024-01-06,Sports,1,165.46,165.46,completed,wallet
ORD_0000142,CUST_00235,2023-09-02,Apparel,4,28.75,115.0,cancelled,upi
ORD_0000143,CUST_01312,2024-04-18,Sports,3,288.41,865.23,completed,card
ORD_0000144,CUST_01918,2024-06-24,Books,3,396.87,1190.61,completed,upi
ORD_0000145,CUST_01778,2024-02-04,Beauty,4,142.22,568.88,completed,upi
ORD_0000146,CUST_00142,2024-05-04,Beauty,4,50.03,200.12,completed,wallet
ORD_0000147,CUST_01075,2024-02-25,Electronics,3,100.19,300.57,completed,wallet
ORD_0000148,CUST_00701,2024-06-23,Home & Kitchen,3,90.61,271.83,cancelled,wallet
ORD_0000149,CUST_00974,2024-06-19,Books,2,483.13,966.26,completed,wallet
ORD_0000150,CUST_01686,2024-03-28,Sports,5,393.7,1968.5,completed,upi
ORD_0000151,CUST_00664,2024-06-10,Books,3,16.94,50.82,cancelled,wallet
ORD_0000152,CUST_01771,2024-06-17,Beauty,1,398.08,398.08,completed,card
ORD_0000153,CUST_00923,2023-09-05,Sports,4,323.06,1292.24,completed,upi
ORD_0000154,CUST_01528,2023-09-16,Apparel,4,351.25,1405.0,completed,upi
ORD_0000155,CUST_00713,2024-04-22,Sports,2,486.14,972.28,cancelled,netbanking
ORD_0000156,CUST_01667,2024-01-21,Home & Kitchen,1,157.94,157.94,completed,card
ORD_0000157,CUST_01433,2024-06-09,Home & Kitchen,4,212.88,851.52,completed,wallet
ORD_0000158,CUST_01072,2024-01-19,Books,1,463.9,463.9,completed,upi
ORD_0000159,CUST_01133,2024-06-06,Books,2,275.94,551.88,completed,wallet
ORD_0000160,CUST_01299,2024-05-01,Electronics,5,469.56,2347.8,cancelled,card
ORD_0000161,CUST_00184,2024-06-28,Books,1,311.96,311.96,completed,card
ORD_0000162,CUST_01298,2024-01-07,Electronics,5,294.79,1473.95,completed,wallet
ORD_0000163,CUST_00434,2023-09-24,Electronics,4,280.27,1121.08,completed,wallet
ORD_0000164,CUST_01947,2023-11-24,Books,3,484.12,1452.36,completed,wallet
ORD_0000165,CUST_00016,2024-02-01,Home & Kitchen,2,258.69,517.38,returned,netbanking
ORD_0000166,CUST_00630,2024-06-29,Electronics,4,339.91,1359.64,returned,wallet
ORD_0000167,CUST_00067,2024-05-30,Home & Kitchen,1,85.14,85.14,returned,netbanking
ORD_0000168,CUST_00687,2024-01-27,Apparel,5,496.48,2482.4,completed,wallet
ORD_0000169,CUST_00395,2024-03-07,Sports,4,415.98,1663.92,completed,wallet
ORD_0000170,CUST_01492,2024-05-19,Sports,4,453.03,1812.12,completed,upi
ORD_0000171,CUST_00204,2024-06-04,Beauty,2,257.08,514.16,completed,wallet
ORD_0000172,CUST_01727,2023-11-09,Home & Kitchen,5,87.93,439.65,completed,card
ORD_0000173,CUST_00053,2024-02-04,Sports,1,318.15,318.15,completed,card
ORD_0000174,CUST_01172,2024-03-31,Apparel,1,373.74,373.74,cancelled,netbanking
ORD_0000175,CUST_00383,2024-04-18,Sports,2,155.48,310.96,returned,wallet
ORD_0000176,CUST_01578,2023-08-26,Apparel,1,144.72,144.72,completed,card
ORD_0000177,CUST_00228,2024-02-19,Apparel,5,70.11,350.55,completed,upi
ORD_0000178,CUST_00191,2024-04-17,Apparel,4,423.86,1695.44,completed,wallet
ORD_0000179,CUST_01630,2023-12-30,Beauty,4,46.04,184.16,completed,wallet
ORD_0000180,CUST_00769,2024-06-24,Books,3,320.43,961.29,returned,upi
ORD_0000181,CUST_00612,2024-05-01,Beauty,2,333.23,666.46,completed,card
ORD_0000182,CUST_00241,2024-06-24,Sports,3,247.11,741.33,completed,card
ORD_0000183,CUST_00325,2024-05-06,Apparel,3,464.02,1392.06,completed,card
ORD_0000184,CUST_01061,2024-02-14,Home & Kitchen,2,115.98,231.96,completed,upi
ORD_0000185,CUST_00061,2024-03-10,Beauty,2,117.67,235.34,completed,upi
ORD_0000186,CUST_00549,2024-06-01,Electronics,4,107.62,430.48,completed,netbanking
ORD_0000187,CUST_00957,2024-06-21,Books,4,261.19,1044.76,cancelled,netbanking
ORD_0000188,CUST_00355,2023-12-28,Electronics,3,481.31,1443.93,completed,netbanking
ORD_0000189,CUST_00340,2023-09-28,Books,4,222.39,889.56,completed,netbanking
ORD_0000190,CUST_01671,2024-01-02,Books,5,62.69,313.45,completed,netbanking
ORD_0000191,CUST_00766,2024-06-12,Electronics,1,230.2,230.2,cancelled,netbanking
ORD_0000192,CUST_01202,2024-01-22,Beauty,3,305.89,917.67,cancelled,netbanking
ORD_0000193,CUST_00816,2024-05-29,Home & Kitchen,1,98.14,98.14,completed,upi
ORD_0000194,CUST_00733,2024-04-18,Home & Kitchen,1,115.43,115.43,completed,netbanking
ORD_0000195,CUST_00251,2024-01-06,Beauty,3,347.25,1041.75,completed,wallet
ORD_0000196,CUST_01163,2024-04-03,Books,2,285.19,570.38,completed,upi
ORD_0000197,CUST_01080,2024-05-25,Beauty,1,284.86,284.86,completed,card
ORD_0000198,CUST_01176,2024-06-21,Books,4,344.23,1376.92,completed,netbanking
ORD_0000199,CUST_00406,2023-08-17,Books,1,403.33,403.33,completed,netbanking
ORD_0000200,CUST_00863,2023-08-18,Sports,1,231.85,231.85,completed,wallet
ORD_0000201,CUST_00485,2024-06-24,Beauty,1,149.66,149.66,completed,card
ORD_0000202,CUST_01868,2024-05-17,Books,3,74.21,222.63,completed,card
ORD_0000203,CUST_00691,2024-04-24,Electronics,1,44.02,44.02,returned,wallet
ORD_0000204,CUST_01482,2024-03-08,Home & Kitchen,3,165.41,496.23,completed,netbanking
ORD_0000205,CUST_01012,2024-05-30,Beauty,1,202.72,202.72,cancelled,wallet
ORD_0000206,CUST_01739,2024-05-19,Sports,1,423.1,423.1,completed,upi
ORD_0000207,CUST_00098,2023-06-12,Home & Kitchen,2,61.51,123.02,returned,wallet
ORD_0000208,CUST_00464,2023-11-02,Home & Kitchen,1,103.66,103.66,returned,card
ORD_0000209,CUST_01914,2023-06-16,Electronics,3,442.82,1328.46,completed,netbanking
ORD_0000210,CUST_00154,2023-09-04,Books,3,347.07,1041.21,completed,upi
ORD_0000211,CUST_01895,2024-06-06,Apparel,5,235.73,1178.65,completed,upi
ORD_0000212,CUST_01543,2024-05-16,Sports,4,337.43,1349.72,completed,wallet
ORD_0000213,CUST_01355,2024-05-14,Beauty,3,167.73,503.19,completed,card
ORD_0000214,CUST_00541,2024-06-15,Home & Kitchen,3,358.57,1075.71,completed,upi
ORD_0000215,CUST_01351,2024-06-25,Electronics,2,350.52,701.04,cancelled,card
ORD_0000216,CUST_00436,2023-05-13,Books,2,239.38,478.76,completed,card
ORD_0000217,CUST_00698,2023-08-28,Sports,5,383.18,1915.9,returned,netbanking
ORD_0000218,CUST_01452,2024-02-07,Electronics,2,425.42,850.84,returned,upi
ORD_0000219,CUST_01878,2024-02-21,Sports,4,487.77,1951.08,completed,wallet
ORD_0000220,CUST_00385,2023-06-22,Beauty,3,217.31,651.93,completed,card
ORD_0000221,CUST_00302,2024-04-27,Apparel,1,375.05,375.05,completed,wallet
ORD_0000222,CUST_00384,2023-10-07,Sports,1,243.35,243.35,completed,netbanking
ORD_0000223,CUST_00243,2024-06-07,Books,5,51.18,255.9,completed,wallet
ORD_0000224,CUST_01029,2024-01-03,Books,5,173.52,867.6,completed,card
ORD_0000225,CUST_00101,2024-03-16,Books,4,368.67,1474.68,completed,upi
ORD_0000226,CUST_00825,2023-10-25,Sports,5,145.19,725.95,completed,wallet
ORD_0000227,CUST_00224,2023-05-21,Apparel,2,479.89,959.78,completed,card
ORD_0000228,CUST_01179,2024-03-29,Electronics,2,42.26,84.52,completed,wallet
ORD_0000229,CUST_00803,2024-02-07,Beauty,1,117.74,117.74,completed,upi
ORD_0000230,CUST_00351,2024-04-05,Beauty,3,322.07,966.21,completed,card
ORD_0000231,CUST_00194,2024-02-20,Sports,5,454.8,2274.0,completed,netbanking
ORD_0000232,CUST_01747,2024-06-26,Beauty,2,93.4,186.8,completed,upi
ORD_0000233,CUST_00681,2024-06-11,Beauty,2,481.49,962.98,completed,netbanking
ORD_0000234,CUST_00043,2023-10-12,Apparel,3,441.81,1325.43,completed,card
ORD_0000235,CUST_01217,2024-06-13,Books,4,295.74,1182.96,returned,wallet
ORD_0000236,CUST_00225,2023-06-21,Home & Kitchen,1,287.95,287.95,returned,upi
ORD_0000237,CUST_01547,2024-06-05,Beauty,1,58.99,58.99,completed,wallet
ORD_0000238,CUST_01505,2024-02-14,Books,5,136.09,680.45,completed,wallet
ORD_0000239,CUST_00028,2024-02-16,Sports,3,357.97,1073.91,completed,wallet
ORD_0000240,CUST_00231,2024-06-05,Electronics,5,366.82,1834.1,completed,wallet
ORD_0000241,CUST_01754,2024-06-15,Electronics,2,185.02,370.04,completed,wallet
ORD_0000242,CUST_00737,2024-06-07,Books,1,104.97,104.97,completed,netbanking
ORD_0000243,CUST_01797,2024-03-22,Books,5,450.61,2253.05,cancelled,upi
ORD_0000244,CUST_00544,2024-06-15,Books,3,445.11,1335.33,completed,netbanking
ORD_0000245,CUST_00634,2023-06-07,Beauty,1,293.95,293.95,completed,card
ORD_0000246,CUST_00888,2024-04-18,Home & Kitchen,5,484.38,2421.9,completed,card
ORD_0000247,CUST_01022,2024-04-04,Sports,4,343.64,1374.56,cancelled,upi
ORD_0000248,CUST_00622,2024-04-19,Home & Kitchen,3,41.65,124.95,completed,card
ORD_0000249,CUST_00446,2024-01-06,Books,5,70.47,352.35,completed,wallet
ORD_0000250,CUST_00722,2023-11-22,Home & Kitchen,1,133.19,133.19,returned,upi
ORD_0000251,CUST_01954,2024-03-11,Beauty,3,79.89,239.67,completed,card
ORD_0000252,CUST_00596,2023-09-18,Home & Kitchen,1,241.85,241.85,completed,wallet
ORD_0000253,CUST_00866,2024-02-26,Home & Kitchen,1,447.58,447.58,completed,upi
ORD_0000254,CUST_01155,2023-12-19,Apparel,3,404.14,1212.42,completed,upi
ORD_0000255,CUST_00513,2024-03-09,Home & Kitchen,4,281.59,1126.36,completed,netbanking
ORD_0000256,CUST_01161,2024-06-04,Books,4,277.45,1109.8,completed,wallet
ORD_0000257,CUST_00197,2023-08-23,Home & Kitchen,5,226.52,1132.6,completed,netbanking
ORD_0000258,CUST_00960,2024-04-09,Books,4,238.6,954.4,completed,card
ORD_0000259,CUST_01961,2024-03-31,Sports,1,380.36,380.36,returned,upi
ORD_0000260,CUST_01189,2024-05-08,Sports,2,314.23,628.46,returned,card
ORD_0000261,CUST_01547,2024-06-17,Electronics,2,207.43,414.86,completed,wallet
ORD_0000262,CUST_01719,2023-04-29,Beauty,1,36.79,36.79,completed,card
ORD_0000263,CUST_01684,2023-11-30,Home & Kitchen,5,245.91,1229.55,returned,card
ORD_0000264,CUST_01517,2024-05-27,Electronics,5,372.28,1861.4,completed,upi
ORD_0000265,CUST_01152,2024-06-15,Beauty,4,76.83,307.32,completed,upi
ORD_0000266,CUST_00617,2024-04-25,Electronics,3,362.37,1087.11,returned,upi
ORD_0000267,CUST_00235,2023-03-22,Electronics,1,84.97,84.97,completed,upi
ORD_0000268,CUST_00419,2024-01-18,Sports,4,22.07,88.28,completed,card
ORD_0000269,CUST_01897,2023-05-25,Apparel,3,208.22,624.66,returned,netbanking
ORD_0000270,CUST_01683,2024-06-13,Apparel,5,70.36,351.8,completed,upi
ORD_0000271,CUST_00291,2024-02-05,Beauty,2,260.63,521.26,completed,wallet
ORD_0000272,CUST_00984,2023-11-13,Sports,3,337.08,1011.24,completed,netbanking
ORD_0000273,CUST_00802,2023-11-25,Books,1,237.33,237.33,completed,netbanking
ORD_0000274,CUST_00937,2023-08-20,Sports,5,200.81,1004.05,completed,wallet
ORD_0000275,CUST_00088,2024-04-20,Beauty,2,239.26,478.52,completed,card
ORD_0000276,CUST_00325,2024-04-04,Sports,5,429.35,2146.75,completed,wallet
ORD_0000277,CUST_01051,2023-08-14,Home & Kitchen,2,331.39,662.78,completed,netbanking
ORD_0000278,CUST_00942,2023-12-01,Beauty,3,394.62,1183.86,completed,wallet
ORD_0000279,CUST_00140,2024-06-28,Books,4,194.49,777.96,completed,upi
ORD_0000280,CUST_01180,2024-05-18,Beauty,5,137.01,685.05,completed,netbanking
ORD_0000281,CUST_01198,2024-06-09,Electronics,4,43.1,172.4,returned,upi
ORD_0000282,CUST_00475,2024-05-31,Beauty,1,254.71,254.71,completed,upi
ORD_0000283,CUST_01581,2024-06-04,Apparel,2,61.65,123.3,completed,wallet
ORD_0000284,CUST_01548,2024-04-06,Home & Kitchen,1,40.33,40.33,completed,card
ORD_0000285,CUST_00905,2024-05-06,Electronics,3,307.19,921.57,cancelled,netbanking
ORD_0000286,CUST_00221,2024-03-17,Beauty,4,195.03,780.12,completed,upi
ORD_0000287,CUST_00401,2024-06-04,Home & Kitchen,4,224.37,897.48,completed,upi
ORD_0000288,CUST_00889,2024-06-20,Electronics,2,52.14,104.28,completed,card
ORD_0000289,CUST_00417,2024-04-29,Home & Kitchen,2,447.7,895.4,completed,card
ORD_0000290,CUST_00698,2023-08-09,Apparel,5,253.12,1265.6,completed,wallet
ORD_0000291,CUST_01026,2024-05-24,Sports,3,313.04,939.12,returned,card
ORD_0000292,CUST_00899,2024-05-27,Sports,4,438.24,1752.96,completed,netbanking
ORD_0000293,CUST_00207,2024-06-24,Sports,4,122.97,491.88,completed,card
ORD_0000294,CUST_00459,2024-04-26,Home & Kitchen,3,201.3,603.9,completed,upi
ORD_0000295,CUST_01983,2024-01-10,Apparel,1,271.86,271.86,returned,netbanking
ORD_0000296,CUST_00818,2023-05-15,Electronics,5,351.77,1758.85,completed,netbanking
ORD_0000297,CUST_01338,2023-11-11,Home & Kitchen,1,175.63,175.63,completed,card
ORD_0000298,CUST_00286,2023-07-10,Home & Kitchen,5,410.2,2051.0,cancelled,card
ORD_0000299,CUST_00483,2024-06-06,Sports,1,404.76,404.76,returned,card
ORD_0000300,CUST_00709,2023-11-14,Sports,4,303.08,1212.32,cancelled,wallet
ORD_0000301,CUST_01939,2023-11-08,Electronics,3,364.42,1093.26,completed,upi
ORD_0000302,CUST_01332,2024-03-25,Apparel,4,244.01,976.04,completed,card
ORD_0000303,CUST_00054,2023-07-19,Books,5,307.98,1539.9,completed,card
ORD_0000304,CUST_01132,2024-05-09,Books,1,199.68,199.68,completed,wallet
ORD_0000305,CUST_01437,2024-05-20,Books,5,77.5,387.5,completed,netbanking
ORD_0000306,CUST_00721,2023-08-22,Electronics,3,223.89,671.67,completed,card
ORD_0000307,CUST_01206,2023-10-25,Sports,2,212.39,424.78,completed,card
ORD_0000308,CUST_01789,2023-08-15,Apparel,1,47.53,47.53,completed,netbanking
ORD_0000309,CUST_00090,2023-12-06,Apparel,3,305.17,915.51,cancelled,upi
ORD_0000310,CUST_01242,2024-01-01,Beauty,4,332.21,1328.84,completed,netbanking
ORD_0000311,CUST_01922,2024-06-23,Beauty,2,252.51,505.02,returned,upi
ORD_0000312,CUST_00909,2023-10-19,Home & Kitchen,3,392.29,1176.87,returned,upi
ORD_0000313,CUST_01079,2024-01-01,Sports,3,351.9,1055.7,completed,netbanking
ORD_0000314,CUST_01845,2024-06-09,Electronics,5,248.23,1241.15,completed,upi
ORD_0000315,CUST_01724,2024-02-23,Sports,2,159.41,318.82,completed,netbanking
ORD_0000316,CUST_01485,2024-06-01,Beauty,1,489.17,489.17,completed,wallet
ORD_0000317,CUST_01952,2024-02-13,Electronics,1,254.45,254.45,completed,wallet
ORD_0000318,CUST_00616,2024-06-04,Sports,1,146.75,146.75,completed,card
ORD_0000319,CUST_01767,2024-01-07,Apparel,4,227.56,910.24,completed,upi
ORD_0000320,CUST_01352,2024-02-21,Home & Kitchen,5,35.6,178.0,completed,netbanking
ORD_0000321,CUST_01920,2023-05-26,Home & Kitchen,5,379.68,1898.4,cancelled,netbanking
ORD_0000322,CUST_01660,2024-02-11,Sports,1,177.05,177.05,completed,wallet
ORD_0000323,CUST_01603,2024-03-20,Sports,1,405.61,405.61,completed,netbanking
ORD_0000324,CUST_01759,2024-06-22,Sports,5,237.11,1185.55,completed,netbanking
ORD_0000325,CUST_00333,2024-06-06,Apparel,4,375.35,1501.4,completed,card
ORD_0000326,CUST_00575,2024-04-14,Apparel,3,51.9,155.7,completed,netbanking
ORD_0000327,CUST_00692,2024-03-14,Home & Kitchen,4,28.91,115.64,completed,netbanking
ORD_0000328,CUST_01603,2024-02-19,Home & Kitchen,5,16.04,80.2,completed,netbanking
ORD_0000329,CUST_01713,2024-04-10,Electronics,2,227.46,454.92,completed,wallet
ORD_0000330,CUST_00076,2023-11-29,Sports,4,322.48,1289.92,completed,card
ORD_0000331,CUST_01187,2023-08-06,Sports,3,449.54,1348.62,completed,card
ORD_0000332,CUST_00903,2024-02-12,Home & Kitchen,3,385.32,1155.96,completed,wallet
ORD_0000333,CUST_00261,2023-09-07,Sports,2,81.97,163.94,completed,upi
ORD_0000334,CUST_00235,2024-06-20,Sports,1,100.28,100.28,returned,netbanking
ORD_0000335,CUST_00086,2024-03-01,Home & Kitchen,1,476.32,476.32,cancelled,card
ORD_0000336,CUST_01390,2024-06-19,Electronics,3,274.81,824.43,completed,netbanking
ORD_0000337,CUST_00224,2023-06-12,Sports,5,227.46,1137.3,completed,upi
ORD_0000338,CUST_00668,2024-05-28,Beauty,3,416.27,1248.81,completed,wallet
ORD_0000339,CUST_01794,2024-01-24,Sports,2,22.09,44.18,completed,netbanking
ORD_0000340,CUST_01998,2024-05-05,Home & Kitchen,3,240.63,721.89,completed,upi
ORD_0000341,CUST_00755,2023-03-05,Sports,3,465.84,1397.52,completed,upi
ORD_0000342,CUST_01655,2024-05-18,Beauty,5,360.72,1803.6,completed,netbanking
ORD_0000343,CUST_01925,2024-04-30,Electronics,4,417.05,1668.2,completed,upi
ORD_0000344,CUST_00781,2024-05-13,Apparel,1,478.03,478.03,completed,wallet
ORD_0000345,CUST_01104,2024-01-05,Sports,5,401.11,2005.55,completed,wallet
ORD_0000346,CUST_00650,2024-03-24,Home & Kitchen,2,419.63,839.26,returned,netbanking
ORD_0000347,CUST_00498,2024-06-03,Home & Kitchen,3,123.13,369.39,completed,card
ORD_0000348,CUST_01420,2024-06-11,Books,4,369.06,1476.24,completed,netbanking
ORD_0000349,CUST_01148,2024-06-22,Beauty,1,458.16,458.16,completed,upi
ORD_0000350,CUST_00920,2024-05-22,Apparel,2,288.97,577.94,cancelled,upi
ORD_0000351,CUST_01591,2024-04-01,Sports,5,336.28,1681.4,completed,netbanking
ORD_0000352,CUST_00700,2024-02-27,Books,1,49.93,49.93,completed,upi
ORD_0000353,CUST_01180,2024-05-13,Books,2,450.93,901.86,completed,card
ORD_0000354,CUST_00858,2024-02-12,Books,5,358.57,1792.85,completed,upi
ORD_0000355,CUST_01781,2024-03-02,Apparel,4,21.72,86.88,cancelled,upi
ORD_0000356,CUST_01055,2024-06-11,Home & Kitchen,4,453.08,1812.32,completed,upi
ORD_0000357,CUST_01459,2024-04-09,Home & Kitchen,1,175.03,175.03,completed,card
ORD_0000358,CUST_01480,2023-03-08,Home & Kitchen,1,371.98,371.98,cancelled,wallet
ORD_0000359,CUST_01292,2024-05-16,Books,4,151.74,606.96,completed,upi
ORD_0000360,CUST_01483,2024-06-01,Sports,5,459.0,2295.0,completed,card
ORD_0000361,CUST_01216,2024-04-10,Books,4,195.88,783.52,completed,netbanking
ORD_0000362,CUST_01935,2024-06-13,Books,1,123.8,123.8,completed,wallet
ORD_0000363,CUST_00585,2024-03-18,Apparel,4,166.09,664.36,cancelled,card
ORD_0000364,CUST_01668,2023-07-11,Sports,4,264.37,1057.48,returned,netbanking
ORD_0000365,CUST_00204,2024-01-15,Home & Kitchen,3,91.13,273.39,completed,wallet
ORD_0000366,CUST_00459,2024-04-02,Home & Kitchen,3,470.2,1410.6,cancelled,card
ORD_0000367,CUST_01894,2023-12-13,Apparel,3,79.08,237.24,completed,upi
ORD_0000368,CUST_00057,2024-06-22,Sports,1,480.32,480.32,completed,upi
ORD_0000369,CUST_00014,2024-05-26,Home & Kitchen,1,191.06,191.06,cancelled,wallet
ORD_0000370,CUST_01500,2024-06-17,Books,5,71.82,359.1,completed,card
ORD_0000371,CUST_01467,2023-06-26,Books,4,445.54,1782.16,completed,upi
ORD_0000372,CUST_00571,2024-03-26,Beauty,3,403.77,1211.31,completed,card
ORD_0000373,CUST_00670,2024-01-02,Books,5,174.31,871.55,completed,card
ORD_0000374,CUST_01448,2024-05-17,Electronics,3,447.2,1341.6,completed,netbanking
ORD_0000375,CUST_00390,2024-06-29,Beauty,1,475.09,475.09,completed,upi
ORD_0000376,CUST_01201,2024-06-20,Home & Kitchen,2,339.93,679.86,completed,wallet
ORD_0000377,CUST_01667,2023-11-13,Apparel,4,148.46,593.84,completed,card
ORD_0000378,CUST_01948,2024-01-17,Electronics,2,11.56,23.12,completed,upi
ORD_0000379,CUST_01455,2024-06-27,Home & Kitchen,1,214.89,214.89,completed,upi
ORD_0000380,CUST_01307,2024-06-22,Apparel,4,269.92,1079.68,returned,upi
ORD_0000381,CUST_01793,2023-11-12,Beauty,4,250.2,1000.8,completed,netbanking
ORD_0000382,CUST_01113,2024-04-22,Electronics,3,57.29,171.87,cancelled,netbanking
ORD_0000383,CUST_00860,2024-06-06,Books,3,131.21,393.63,completed,wallet
ORD_0000384,CUST_01959,2024-03-19,Books,1,180.3,180.3,completed,wallet
ORD_0000385,CUST_01721,2024-06-22,Beauty,4,304.51,1218.04,completed,netbanking
ORD_0000386,CUST_00549,2024-06-24,Books,2,446.0,892.0,completed,netbanking
ORD_0000387,CUST_00536,2024-05-08,Books,4,201.77,807.08,completed,netbanking
ORD_0000388,CUST_01869,2024-02-21,Apparel,3,247.89,743.67,completed,card
ORD_0000389,CUST_00632,2024-01-25,Apparel,4,118.43,473.72,completed,card
ORD_0000390,CUST_01942,2024-04-23,Sports,5,171.54,857.7,completed,card
ORD_0000391,CUST_01644,2024-06-15,Home & Kitchen,1,392.4,392.4,returned,card
ORD_0000392,CUST_01342,2024-01-03,Sports,5,113.12,565.6,completed,upi
ORD_0000393,CUST_01717,2024-04-30,Apparel,4,431.25,1725.0,completed,upi
ORD_0000394,CUST_01866,2024-06-23,Sports,3,212.55,637.65,completed,card
ORD_0000395,CUST_00074,2023-10-21,Books,5,60.23,301.15,completed,card
ORD_0000396,CUST_00322,2024-04-02,Beauty,3,21.87,65.61,completed,upi
ORD_0000397,CUST_00070,2023-10-28,Books,1,408.36,408.36,completed,upi
ORD_0000398,CUST_01676,2023-11-03,Sports,1,47.49,47.49,completed,wallet
ORD_0000399,CUST_00042,2024-03-21,Apparel,5,306.38,1531.9,completed,wallet
ORD_0000400,CUST_00398,2024-06-07,Home & Kitchen,5,431.05,2155.25,completed,card
ORD_0000401,CUST_00619,2023-10-09,Home & Kitchen,4,109.3,437.2,cancelled,wallet
ORD_0000402,CUST_00772,2024-05-31,Books,4,55.59,222.36,completed,wallet
ORD_0000403,CUST_00583,2024-06-15,Books,5,258.22,1291.1,completed,wallet
ORD_0000404,CUST_01491,2024-03-05,Beauty,3,383.71,1151.13,completed,upi
ORD_0000405,CUST_01184,2023-12-31,Books,4,387.88,1551.52,completed,card
ORD_0000406,CUST_01317,2023-09-17,Beauty,3,80.44,241.32,cancelled,card
ORD_0000407,CUST_01149,2023-05-26,Books,2,433.76,867.52,completed,card
ORD_0000408,CUST_00290,2024-01-31,Sports,5,420.64,2103.2,completed,upi
ORD_0000409,CUST_00121,2024-04-30,Beauty,3,211.8,635.4,completed,upi
ORD_0000410,CUST_00075,2023-12-30,Electronics,5,303.37,1516.85,completed,upi
ORD_0000411,CUST_01547,2024-06-25,Home & Kitchen,4,277.33,1109.32,cancelled,upi
ORD_0000412,CUST_00660,2024-03-19,Beauty,4,262.06,1048.24,cancelled,card
ORD_0000413,CUST_01887,2023-04-02,Books,4,352.63,1410.52,completed,card
ORD_0000414,CUST_00332,2024-05-07,Books,1,91.43,91.43,returned,card
ORD_0000415,CUST_00080,2024-06-29,Sports,4,93.64,374.56,completed,wallet
ORD_0000416,CUST_00818,2023-04-09,Home & Kitchen,3,67.61,202.83,completed,netbanking
ORD_0000417,CUST_01071,2023-10-14,Sports,5,445.87,2229.35,completed,upi
ORD_0000418,CUST_00595,2024-03-07,Beauty,2,403.37,806.74,completed,netbanking
ORD_0000419,CUST_00967,2024-04-11,Beauty,2,468.73,937.46,completed,upi
ORD_0000420,CUST_00337,2024-05-08,Books,4,14.8,59.2,completed,wallet
ORD_0000421,CUST_00138,2024-04-05,Apparel,3,353.71,1061.13,completed,wallet
ORD_0000422,CUST_00678,2024-06-25,Sports,1,316.23,316.23,completed,netbanking
ORD_0000423,CUST_01304,2023-11-01,Apparel,3,318.11,954.33,completed,wallet
ORD_0000424,CUST_01197,2024-06-10,Books,3,316.0,948.0,cancelled,upi
ORD_0000425,CUST_00159,2024-04-11,Home & Kitchen,1,368.01,368.01,completed,card
ORD_0000426,CUST_00260,2024-05-01,Books,5,297.78,1488.9,completed,netbanking
ORD_0000427,CUST_01980,2024-06-21,Books,5,337.55,1687.75,completed,card
ORD_0000428,CUST_01605,2023-11-27,Sports,2,54.75,109.5,completed,upi
ORD_0000429,CUST_00974,2023-05-01,Electronics,3,48.11,144.33,completed,wallet
ORD_0000430,CUST_00872,2024-06-11,Electronics,3,158.24,474.72,completed,wallet
ORD_0000431,CUST_00773,2024-04-17,Sports,4,183.94,735.76,completed,card
ORD_0000432,CUST_01809,2024-05-07,Beauty,2,478.12,956.24,returned,upi
ORD_0000433,CUST_01721,2024-04-11,Beauty,5,226.4,1132.0,completed,card
ORD_0000434,CUST_01143,2024-05-05,Home & Kitchen,3,97.22,291.66,returned,netbanking
ORD_0000435,CUST_01492,2024-06-13,Apparel,2,312.31,624.62,completed,upi
ORD_0000436,CUST_01912,2024-06-13,Home & Kitchen,1,105.95,105.95,completed,card
ORD_0000437,CUST_01201,2024-06-17,Home & Kitchen,3,56.1,168.3,returned,card
ORD_0000438,CUST_01243,2024-05-24,Beauty,1,327.13,327.13,completed,card
ORD_0000439,CUST_01425,2024-05-09,Sports,3,316.37,949.11,returned,wallet
ORD_0000440,CUST_01245,2024-05-01,Beauty,4,95.14,380.56,returned,card
ORD_0000441,CUST_00079,2024-02-06,Beauty,1,310.32,310.32,completed,upi
ORD_0000442,CUST_01784,2024-04-04,Electronics,1,215.58,215.58,completed,card
ORD_0000443,CUST_00644,2024-06-05,Apparel,5,145.95,729.75,completed,card
ORD_0000444,CUST_00682,2023-11-21,Sports,2,453.8,907.6,completed,netbanking
ORD_0000445,CUST_01058,2024-04-22,Beauty,4,214.02,856.08,completed,card
ORD_0000446,CUST_00396,2024-06-09,Electronics,2,367.18,734.36,completed,card
ORD_0000447,CUST_00565,2024-02-05,Beauty,5,210.52,1052.6,completed,card
ORD_0000448,CUST_00638,2024-03-18,Home & Kitchen,5,181.83,909.15,completed,card
ORD_0000449,CUST_01160,2024-02-26,Electronics,1,66.96,66.96,completed,card
ORD_0000450,CUST_00381,2024-01-07,Electronics,5,317.04,1585.2,completed,card
ORD_0000451,CUST_00446,2024-05-23,Beauty,3,235.56,706.68,cancelled,netbanking
ORD_0000452,CUST_01715,2024-06-26,Beauty,2,376.22,752.44,completed,card
ORD_0000453,CUST_00777,2024-05-23,Apparel,3,97.21,291.63,completed,wallet
ORD_0000454,CUST_00463,2024-05-31,Apparel,2,143.66,287.32,completed,netbanking
ORD_0000455,CUST_00532,2024-04-06,Books,4,139.62,558.48,completed,netbanking
ORD_0000456,CUST_00715,2024-06-29,Beauty,4,416.45,1665.8,returned,card
ORD_0000457,CUST_01945,2024-06-25,Apparel,2,273.58,547.16,cancelled,wallet
ORD_0000458,CUST_00711,2024-03-27,Sports,2,177.66,355.32,completed,netbanking
ORD_0000459,CUST_00186,2024-06-22,Books,2,136.51,273.02,completed,card
ORD_0000460,CUST_01059,2024-06-24,Books,2,242.84,485.68,completed,netbanking
ORD_0000461,CUST_01155,2023-11-26,Home & Kitchen,5,451.61,2258.05,completed,netbanking
ORD_0000462,CUST_01781,2024-02-26,Home & Kitchen,2,216.48,432.96,completed,card
ORD_0000463,CUST_00384,2023-12-17,Sports,3,89.74,269.22,completed,card
ORD_0000464,CUST_00900,2024-06-25,Beauty,4,300.84,1203.36,completed,wallet
ORD_0000465,CUST_00970,2024-05-18,Home & Kitchen,2,133.75,267.5,completed,wallet
ORD_0000466,CUST_01390,2024-05-06,Apparel,3,29.65,88.95,completed,card
ORD_0000467,CUST_00863,2024-04-12,Books,3,477.44,1432.32,completed,upi
ORD_0000468,CUST_01049,2024-05-27,Beauty,3,444.42,1333.26,cancelled,upi
ORD_0000469,CUST_01949,2024-05-05,Home & Kitchen,2,73.64,147.28,completed,card
ORD_0000470,CUST_01988,2023-12-15,Apparel,3,398.49,1195.47,returned,wallet
ORD_0000471,CUST_00811,2023-08-12,Apparel,4,10.4,41.6,completed,upi
ORD_0000472,CUST_00618,2023-11-08,Apparel,1,100.44,100.44,completed,upi
ORD_0000473,CUST_00316,2024-03-06,Home & Kitchen,1,243.89,243.89,completed,wallet
ORD_0000474,CUST_01432,2023-07-28,Books,4,337.52,1350.08,completed,card
ORD_0000475,CUST_00794,2023-09-08,Apparel,3,383.88,1151.64,completed,netbanking
ORD_0000476,CUST_01840,2023-12-02,Sports,4,302.49,1209.96,completed,wallet
ORD_0000477,CUST_01372,2024-04-16,Sports,5,23.17,115.85,completed,upi
ORD_0000478,CUST_00756,2024-06-20,Electronics,3,255.7,767.1,completed,wallet
ORD_0000479,CUST_01874,2023-05-16,Apparel,2,77.65,155.3,completed,netbanking
ORD_0000480,CUST_00892,2024-03-11,Apparel,3,198.18,594.54,completed,netbanking
ORD_0000481,CUST_00638,2024-04-09,Books,4,27.06,108.24,completed,wallet
ORD_0000482,CUST_01398,2024-06-18,Electronics,1,237.8,237.8,completed,card
ORD_0000483,CUST_01344,2024-06-10,Apparel,1,88.82,88.82,completed,wallet
ORD_0000484,CUST_01406,2024-03-19,Beauty,1,248.2,248.2,completed,card
ORD_0000485,CUST_00621,2023-12-09,Electronics,3,373.6,1120.8,completed,wallet
ORD_0000486,CUST_01029,2023-12-11,Sports,4,358.88,1435.52,cancelled,card
ORD_0000487,CUST_01609,2024-02-04,Books,4,270.53,1082.12,returned,card
ORD_0000488,CUST_00308,2023-09-22,Beauty,3,474.61,1423.83,completed,upi
ORD_0000489,CUST_01055,2024-06-28,Books,4,223.09,892.36,completed,card
ORD_0000490,CUST_01778,2024-05-05,Sports,4,189.87,759.48,completed,netbanking
ORD_0000491,CUST_00872,2024-05-16,Electronics,3,385.74,1157.22,completed,upi
ORD_0000492,CUST_00601,2024-04-13,Home & Kitchen,4,18.57,74.28,completed,card
ORD_0000493,CUST_01221,2023-11-02,Sports,3,368.62,1105.86,completed,upi
ORD_0000494,CUST_00359,2023-04-08,Beauty,5,56.33,281.65,completed,wallet
ORD_0000495,CUST_00883,2024-05-31,Beauty,3,486.2,1458.6,completed,wallet
ORD_0000496,CUST_00084,2024-03-06,Apparel,3,192.66,577.98,completed,card
ORD_0000497,CUST_00783,2024-03-23,Beauty,1,175.5,175.5,completed,wallet
ORD_0000498,CUST_00821,2023-06-19,Home & Kitchen,2,475.67,951.34,completed,card
ORD_0000499,CUST_01714,2023-12-21,Sports,1,398.88,398.88,completed,netbanking
ORD_0000500,CUST_01261,2024-06-21,Apparel,5,428.57,2142.85,completed,card
ORD_0000501,CUST_00767,2024-04-16,Books,4,115.44,461.76,completed,upi
ORD_0000502,CUST_00567,2024-05-16,Apparel,1,306.26,306.26,completed,netbanking
ORD_0000503,CUST_00011,2023-12-02,Books,2,19.16,38.32,completed,netbanking
ORD_0000504,CUST_00547,2024-03-04,Beauty,5,397.22,1986.1,completed,upi
ORD_0000505,CUST_00461,2023-06-16,Sports,3,118.31,354.93,completed,wallet
ORD_0000506,CUST_01205,2023-12-20,Books,5,171.08,855.4,completed,card
ORD_0000507,CUST_00703,2024-05-18,Books,3,179.71,539.13,completed,wallet
ORD_0000508,CUST_00432,2024-06-27,Home & Kitchen,2,339.75,679.5,completed,card
ORD_0000509,CUST_01294,2024-06-15,Electronics,5,492.61,2463.05,completed,netbanking
ORD_0000510,CUST_00623,2023-11-26,Books,3,231.22,693.66,completed,upi
ORD_0000511,CUST_01279,2024-01-20,Electronics,5,221.44,1107.2,completed,netbanking
ORD_0000512,CUST_01140,2024-04-21,Books,4,494.93,1979.72,cancelled,upi
ORD_0000513,CUST_00776,2024-06-11,Apparel,1,57.51,57.51,completed,card
ORD_0000514,CUST_01169,2024-05-06,Beauty,2,433.79,867.58,cancelled,wallet
ORD_0000515,CUST_00721,2023-09-10,Home & Kitchen,4,451.21,1804.84,completed,netbanking
ORD_0000516,CUST_01291,2024-01-20,Sports,3,256.12,768.36,completed,wallet
ORD_0000517,CUST_01014,2024-03-25,Books,3,414.8,1244.4,completed,upi
ORD_0000518,CUST_00820,2024-03-06,Home & Kitchen,1,271.0,271.0,completed,upi
ORD_0000519,CUST_01400,2024-06-22,Beauty,1,197.83,197.83,completed,wallet
ORD_0000520,CUST_00841,2023-09-24,Apparel,1,313.24,313.24,completed,card
ORD_0000521,CUST_01228,2024-03-21,Apparel,1,169.25,169.25,completed,wallet
ORD_0000522,CUST_01402,2023-09-08,Sports,3,21.12,63.36,returned,wallet
ORD_0000523,CUST_01131,2024-05-13,Apparel,2,426.64,853.28,completed,upi
ORD_0000524,CUST_00359,2024-02-03,Home & Kitchen,2,168.12,336.24,completed,card
ORD_0000525,CUST_00424,2024-06-26,Beauty,4,234.99,939.96,completed,upi
ORD_0000526,CUST_01632,2024-02-22,Electronics,4,255.1,1020.4,returned,netbanking
ORD_0000527,CUST_01787,2023-11-15,Electronics,2,236.47,472.94,completed,card
ORD_0000528,CUST_01397,2024-05-07,Books,4,434.85,1739.4,returned,card
ORD_0000529,CUST_01604,2024-06-12,Sports,3,442.83,1328.49,completed,card
ORD_0000530,CUST_00899,2024-06-16,Books,1,153.54,153.54,returned,card
ORD_0000531,CUST_00745,2024-04-23,Books,5,318.33,1591.65,completed,card
ORD_0000532,CUST_00213,2024-01-25,Sports,3,381.38,1144.14,completed,card
ORD_0000533,CUST_01479,2024-03-11,Home & Kitchen,3,212.31,636.93,completed,upi
ORD_0000534,CUST_01630,2024-03-28,Home & Kitchen,2,139.6,279.2,completed,card
ORD_0000535,CUST_00939,2024-06-19,Home & Kitchen,2,380.91,761.82,completed,wallet
ORD_0000536,CUST_00678,2024-06-29,Sports,4,352.78,1411.12,completed,card
ORD_0000537,CUST_01560,2023-10-30,Electronics,2,265.66,531.32,completed,netbanking
ORD_0000538,CUST_01155,2023-11-20,Beauty,3,160.25,480.75,completed,netbanking
ORD_0000539,CUST_00974,2024-04-06,Beauty,3,85.67,257.01,completed,netbanking
ORD_0000540,CUST_01760,2023-10-30,Electronics,3,322.0,966.0,returned,netbanking
ORD_0000541,CUST_00304,2024-04-27,Beauty,1,137.11,137.11,completed,wallet
ORD_0000542,CUST_00977,2024-04-11,Sports,3,325.48,976.44,returned,netbanking
ORD_0000543,CUST_01072,2024-02-18,Books,4,434.04,1736.16,completed,wallet
ORD_0000544,CUST_00360,2024-02-05,Electronics,4,16.96,67.84,completed,netbanking
ORD_0000545,CUST_00423,2024-02-05,Beauty,2,146.36,292.72,completed,upi
ORD_0000546,CUST_00731,2024-05-25,Beauty,4,289.0,1156.0,returned,upi
ORD_0000547,CUST_01519,2024-05-19,Books,3,335.47,1006.41,completed,netbanking
ORD_0000548,CUST_01040,2024-06-28,Sports,3,281.1,843.3,returned,card
ORD_0000549,CUST_01988,2023-12-01,Apparel,4,287.67,1150.68,completed,upi
ORD_0000550,CUST_01413,2024-06-12,Books,2,347.91,695.82,completed,netbanking
ORD_0000551,CUST_01131,2023-11-13,Beauty,1,374.11,374.11,returned,card
ORD_0000552,CUST_01856,2024-01-06,Apparel,5,158.34,791.7,completed,wallet
ORD_0000553,CUST_00951,2023-12-27,Electronics,5,441.99,2209.95,completed,card
ORD_0000554,CUST_00403,2024-04-14,Books,1,226.52,226.52,completed,upi
ORD_0000555,CUST_01226,2024-03-22,Sports,3,288.96,866.88,completed,card
ORD_0000556,CUST_01475,2024-02-24,Beauty,2,298.57,597.14,completed,wallet
ORD_0000557,CUST_00002,2023-10-31,Books,4,304.65,1218.6,completed,netbanking
ORD_0000558,CUST_01039,2024-06-01,Beauty,5,149.03,745.15,completed,upi
ORD_0000559,CUST_00699,2023-09-14,Beauty,5,256.49,1282.45,completed,upi
ORD_0000560,CUST_00999,2023-12-12,Sports,3,447.74,1343.22,completed,upi
ORD_0000561,CUST_00367,2023-05-19,Electronics,4,339.75,1359.0,cancelled,wallet
ORD_0000562,CUST_00702,2024-05-31,Apparel,5,413.04,2065.2,completed,upi
ORD_0000563,CUST_00437,2023-12-09,Sports,5,159.63,798.15,completed,netbanking
ORD_0000564,CUST_01900,2024-02-17,Home & Kitchen,5,339.21,1696.05,completed,wallet
ORD_0000565,CUST_01610,2024-06-13,Apparel,2,308.95,617.9,completed,wallet
ORD_0000566,CUST_01339,2024-06-15,Home & Kitchen,3,122.06,366.18,completed,netbanking
ORD_0000567,CUST_00760,2023-08-22,Home & Kitchen,3,173.51,520.53,returned,netbanking
ORD_0000568,CUST_00922,2024-06-19,Books,4,286.0,1144.0,completed,wallet
ORD_0000569,CUST_00114,2023-11-18,Apparel,3,326.43,979.29,cancelled,netbanking
ORD_0000570,CUST_00040,2023-07-01,Home & Kitchen,2,334.4,668.8,completed,netbanking
ORD_0000571,CUST_00049,2024-04-26,Home & Kitchen,4,397.54,1590.16,completed,upi
ORD_0000572,CUST_01634,2024-02-23,Home & Kitchen,5,256.43,1282.15,completed,upi
ORD_0000573,CUST_00329,2024-04-06,Sports,4,471.32,1885.28,completed,card
ORD_0000574,CUST_01600,2024-06-01,Sports,4,132.41,529.64,completed,card
ORD_0000575,CUST_00208,2023-03-28,Home & Kitchen,3,145.25,435.75,completed,netbanking
ORD_0000576,CUST_00228,2024-02-29,Electronics,2,441.61,883.22,completed,wallet
ORD_0000577,CUST_01689,2024-03-13,Sports,2,299.0,598.0,completed,card
ORD_0000578,CUST_00898,2024-03-24,Beauty,3,290.63,871.89,completed,netbanking
ORD_0000579,CUST_01413,2024-06-02,Electronics,2,388.32,776.64,returned,netbanking
ORD_0000580,CUST_01961,2024-03-08,Apparel,4,376.15,1504.6,completed,wallet
ORD_0000581,CUST_00467,2024-03-31,Beauty,3,173.17,519.51,cancelled,netbanking
ORD_0000582,CUST_00523,2024-01-30,Beauty,1,78.72,78.72,completed,wallet
ORD_0000583,CUST_01651,2024-06-14,Electronics,1,417.51,417.51,returned,netbanking
ORD_0000584,CUST_00034,2024-04-23,Sports,4,497.86,1991.44,returned,netbanking
ORD_0000585,CUST_01619,2024-06-16,Home & Kitchen,4,148.49,593.96,completed,card
ORD_0000586,CUST_01158,2023-05-20,Sports,5,392.48,1962.4,completed,card
ORD_0000587,CUST_01176,2024-01-08,Apparel,5,328.58,1642.9,completed,wallet
ORD_0000588,CUST_01675,2023-12-08,Beauty,4,231.12,924.48,completed,netbanking
ORD_0000589,CUST_00150,2024-06-22,Sports,5,176.5,882.5,completed,wallet
ORD_0000590,CUST_01822,2024-04-16,Electronics,4,291.61,1166.44,completed,wallet
ORD_0000591,CUST_00039,2024-04-02,Apparel,2,167.96,335.92,completed,upi
ORD_0000592,CUST_01197,2024-06-28,Beauty,3,270.85,812.55,completed,netbanking
ORD_0000593,CUST_01830,2023-08-06,Apparel,2,388.76,777.52,completed,card
ORD_0000594,CUST_00054,2024-04-06,Electronics,5,472.79,2363.95,completed,netbanking
ORD_0000595,CUST_01956,2023-03-17,Apparel,3,436.56,1309.68,completed,upi
ORD_0000596,CUST_00621,2023-08-29,Apparel,4,495.58,1982.32,cancelled,upi
ORD_0000597,CUST_01582,2023-12-07,Books,1,77.27,77.27,completed,wallet
ORD_0000598,CUST_00053,2024-02-07,Books,2,196.39,392.78,completed,upi
ORD_0000599,CUST_00422,2024-06-16,Electronics,5,409.09,2045.45,cancelled,card
ORD_0000600,CUST_00334,2024-05-27,Books,2,68.97,137.94,completed,netbanking
ORD_0000601,CUST_01536,2023-11-08,Electronics,4,103.57,414.28,completed,netbanking
ORD_0000602,CUST_00979,2024-02-13,Books,5,64.87,324.35,completed,wallet
ORD_0000603,CUST_01646,2024-03-02,Electronics,4,481.16,1924.64,completed,netbanking
ORD_0000604,CUST_01714,2023-03-10,Beauty,4,473.5,1894.0,completed,card
ORD_0000605,CUST_01333,2024-05-16,Electronics,4,439.2,1756.8,cancelled,netbanking
ORD_0000606,CUST_01495,2023-11-07,Apparel,1,78.95,78.95,completed,card
ORD_0000607,CUST_00263,2024-04-13,Books,2,78.7,157.4,completed,card
ORD_0000608,CUST_01222,2024-06-23,Beauty,2,434.5,869.0,completed,wallet
ORD_0000609,CUST_01687,2024-01-27,Sports,4,94.48,377.92,cancelled,upi
ORD_0000610,CUST_00748,2024-05-12,Apparel,2,24.68,49.36,completed,netbanking
ORD_0000611,CUST_01862,2024-06-07,Electronics,3,314.73,944.19,completed,netbanking
ORD_0000612,CUST_00059,2024-05-22,Apparel,1,370.12,370.12,returned,card
ORD_0000613,CUST_01105,2024-03-05,Apparel,5,364.03,1820.15,completed,card
ORD_0000614,CUST_00715,2024-05-02,Electronics,1,215.73,215.73,completed,wallet
ORD_0000615,CUST_00952,2024-03-27,Sports,5,225.79,1128.95,returned,card
ORD_0000616,CUST_00638,2024-04-26,Home & Kitchen,4,450.77,1803.08,completed,netbanking
ORD_0000617,CUST_01960,2024-04-10,Sports,4,251.46,1005.84,completed,upi
ORD_0000618,CUST_01055,2024-03-26,Electronics,2,120.51,241.02,completed,wallet
ORD_0000619,CUST_00579,2024-05-23,Home & Kitchen,1,132.38,132.38,completed,netbanking
ORD_0000620,CUST_00674,2024-06-06,Sports,4,337.48,1349.92,completed,netbanking
ORD_0000621,CUST_01557,2024-05-24,Beauty,3,216.78,650.34,completed,card
ORD_0000622,CUST_01532,2023-11-17,Apparel,1,399.15,399.15,completed,card
ORD_0000623,CUST_01711,2024-04-04,Electronics,2,204.4,408.8,completed,wallet
ORD_0000624,CUST_01757,2024-01-19,Sports,2,318.06,636.12,completed,upi
ORD_0000625,CUST_00929,2023-12-07,Beauty,5,225.52,1127.6,completed,netbanking
ORD_0000626,CUST_00691,2023-10-29,Books,3,177.07,531.21,completed,wallet
ORD_0000627,CUST_01359,2024-05-20,Home & Kitchen,3,383.99,1151.97,completed,netbanking
ORD_0000628,CUST_00874,2024-06-01,Apparel,1,482.72,482.72,completed,wallet
ORD_0000629,CUST_01700,2024-02-05,Home & Kitchen,1,279.72,279.72,completed,netbanking
ORD_0000630,CUST_00629,2024-01-03,Electronics,4,281.11,1124.44,cancelled,upi
ORD_0000631,CUST_00815,2024-06-11,Beauty,5,105.48,527.4,completed,card
ORD_0000632,CUST_00407,2024-01-22,Apparel,5,304.45,1522.25,completed,card
ORD_0000633,CUST_01639,2024-05-19,Beauty,3,274.32,822.96,cancelled,upi
ORD_0000634,CUST_00767,2024-01-26,Beauty,1,343.38,343.38,completed,upi
ORD_0000635,CUST_01727,2023-08-17,Sports,5,471.66,2358.3,completed,upi
ORD_0000636,CUST_00571,2024-03-13,Sports,4,155.27,621.08,cancelled,wallet
ORD_0000637,CUST_00959,2024-05-12,Home & Kitchen,2,363.55,727.1,completed,netbanking
ORD_0000638,CUST_01451,2024-04-17,Beauty,3,112.28,336.84,completed,card
ORD_0000639,CUST_00122,2024-03-29,Apparel,2,80.45,160.9,completed,upi
ORD_0000640,CUST_00802,2023-06-02,Apparel,4,201.58,806.32,completed,netbanking
ORD_0000641,CUST_00145,2023-07-08,Books,3,78.81,236.43,completed,upi
ORD_0000642,CUST_00422,2024-06-19,Home & Kitchen,2,339.39,678.78,completed,card
ORD_0000643,CUST_01067,2024-02-29,Beauty,5,60.27,301.35,completed,upi
ORD_0000644,CUST_01353,2024-03-06,Sports,3,412.89,1238.67,completed,wallet
ORD_0000645,CUST_00315,2024-06-07,Electronics,3,438.86,1316.58,completed,netbanking
ORD_0000646,CUST_00232,2024-06-25,Apparel,4,218.69,874.76,returned,wallet
ORD_0000647,CUST_01554,2023-10-31,Electronics,2,266.18,532.36,cancelled,netbanking
ORD_0000648,CUST_00495,2024-05-10,Books,4,419.98,1679.92,completed,card
ORD_0000649,CUST_01772,2024-02-24,Beauty,3,453.31,1359.93,completed,wallet
ORD_0000650,CUST_01366,2024-06-16,Electronics,3,50.71,152.13,completed,wallet
ORD_0000651,CUST_00498,2024-04-22,Books,4,118.47,473.88,completed,card
ORD_0000652,CUST_01600,2024-06-20,Sports,5,307.24,1536.2,completed,wallet
ORD_0000653,CUST_00087,2024-05-28,Beauty,1,299.26,299.26,cancelled,card
ORD_0000654,CUST_00241,2024-06-21,Beauty,3,294.25,882.75,returned,wallet
ORD_0000655,CUST_01670,2024-04-22,Books,1,180.17,180.17,returned,card
ORD_0000656,CUST_01926,2023-11-13,Electronics,4,337.83,1351.32,completed,upi
ORD_0000657,CUST_00050,2024-05-14,Books,3,58.4,175.2,returned,wallet
ORD_0000658,CUST_01740,2024-03-04,Home & Kitchen,3,410.99,1232.97,completed,upi
ORD_0000659,CUST_00567,2024-05-05,Beauty,1,169.0,169.0,cancelled,netbanking
ORD_0000660,CUST_01575,2023-12-26,Sports,2,283.64,567.28,completed,wallet
ORD_0000661,CUST_01543,2024-04-21,Electronics,2,423.9,847.8,completed,upi
ORD_0000662,CUST_00649,2024-06-09,Beauty,3,59.63,178.89,completed,wallet
ORD_0000663,CUST_00641,2024-06-28,Books,4,323.33,1293.32,completed,wallet
ORD_0000664,CUST_00719,2023-11-26,Apparel,4,448.92,1795.68,cancelled,netbanking
ORD_0000665,CUST_00033,2023-05-20,Sports,2,295.09,590.18,completed,netbanking
ORD_0000666,CUST_01550,2024-06-06,Sports,5,97.16,485.8,completed,upi
ORD_0000667,CUST_00192,2023-12-24,Beauty,5,458.19,2290.95,completed,netbanking
ORD_0000668,CUST_00299,2024-06-07,Apparel,5,183.35,916.75,cancelled,card
ORD_0000669,CUST_01731,2024-06-29,Electronics,3,310.57,931.71,completed,upi
ORD_0000670,CUST_00907,2023-02-14,Beauty,2,278.5,557.0,cancelled,card
ORD_0000671,CUST_01013,2024-03-27,Apparel,2,130.21,260.42,completed,upi
ORD_0000672,CUST_00298,2024-05-03,Electronics,3,129.39,388.17,returned,wallet
ORD_0000673,CUST_01717,2024-02-14,Sports,4,282.59,1130.36,completed,upi
ORD_0000674,CUST_01737,2024-04-02,Sports,5,205.8,1029.0,returned,wallet
ORD_0000675,CUST_01530,2023-11-05,Home & Kitchen,3,403.67,1211.01,completed,netbanking
ORD_0000676,CUST_01844,2023-11-28,Electronics,3,274.77,824.31,cancelled,upi
ORD_0000677,CUST_00659,2024-06-24,Sports,2,399.81,799.62,completed,wallet
ORD_0000678,CUST_01097,2023-10-26,Sports,1,405.54,405.54,completed,netbanking
ORD_0000679,CUST_01470,2024-03-07,Apparel,5,412.32,2061.6,completed,card
ORD_0000680,CUST_00943,2024-06-17,Books,4,253.59,1014.36,completed,upi
ORD_0000681,CUST_00046,2024-06-02,Electronics,4,283.9,1135.6,returned,wallet
ORD_0000682,CUST_01777,2024-06-12,Home & Kitchen,2,41.24,82.48,completed,netbanking
ORD_0000683,CUST_01167,2023-12-07,Books,1,359.66,359.66,completed,upi
ORD_0000684,CUST_00812,2024-06-01,Beauty,4,161.8,647.2,completed,netbanking
ORD_0000685,CUST_00477,2024-04-24,Apparel,5,473.66,2368.3,completed,netbanking
ORD_0000686,CUST_01767,2023-03-21,Home & Kitchen,5,35.95,179.75,completed,card
ORD_0000687,CUST_01258,2024-03-01,Apparel,5,212.71,1063.55,completed,upi
ORD_0000688,CUST_01232,2023-06-18,Books,2,24.44,48.88,completed,netbanking
ORD_0000689,CUST_00183,2023-08-07,Beauty,4,291.25,1165.0,completed,wallet
ORD_0000690,CUST_00781,2024-04-17,Home & Kitchen,4,77.86,311.44,completed,netbanking
ORD_0000691,CUST_00728,2023-07-29,Books,4,440.73,1762.92,completed,netbanking
ORD_0000692,CUST_00823,2023-09-28,Beauty,2,182.08,364.16,completed,netbanking
ORD_0000693,CUST_00926,2024-04-08,Electronics,1,266.68,266.68,returned,card
ORD_0000694,CUST_01141,2024-06-22,Electronics,3,56.78,170.34,cancelled,card
ORD_0000695,CUST_00010,2024-02-11,Sports,4,160.06,640.24,completed,card
ORD_0000696,CUST_01958,2024-06-12,Books,2,321.87,643.74,completed,upi
ORD_0000697,CUST_01999,2024-06-06,Apparel,1,437.32,437.32,completed,upi
ORD_0000698,CUST_01826,2023-12-01,Books,2,258.58,517.16,completed,card
ORD_0000699,CUST_01916,2024-06-15,Home & Kitchen,1,405.52,405.52,cancelled,card
ORD_0000700,CUST_00715,2024-04-24,Electronics,5,264.05,1320.25,completed,upi
ORD_0000701,CUST_01256,2024-05-16,Sports,4,465.01,1860.04,returned,wallet
ORD_0000702,CUST_01934,2023-06-06,Apparel,5,42.07,210.35,completed,upi
ORD_0000703,CUST_01967,2024-06-03,Electronics,2,399.08,798.16,completed,wallet
ORD_0000704,CUST_01661,2024-06-14,Sports,5,58.39,291.95,completed,netbanking
ORD_0000705,CUST_01868,2024-05-30,Sports,5,291.78,1458.9,completed,upi
ORD_0000706,CUST_00579,2024-01-30,Apparel,2,229.46,458.92,completed,wallet
ORD_0000707,CUST_00828,2024-06-20,Electronics,4,50.36,201.44,completed,netbanking
ORD_0000708,CUST_01150,2024-04-28,Books,5,200.51,1002.55,cancelled,netbanking
ORD_0000709,CUST_01579,2023-11-24,Apparel,5,417.31,2086.55,cancelled,netbanking
ORD_0000710,CUST_01828,2024-04-16,Beauty,5,275.96,1379.8,completed,card
ORD_0000711,CUST_01095,2024-05-14,Books,1,483.71,483.71,completed,card
ORD_0000712,CUST_01688,2024-03-13,Apparel,5,266.74,1333.7,completed,card
ORD_0000713,CUST_01866,2024-06-15,Apparel,1,234.03,234.03,returned,netbanking
ORD_0000714,CUST_00150,2024-06-28,Sports,2,252.67,505.34,completed,card
ORD_0000715,CUST_00093,2024-01-17,Electronics,2,451.15,902.3,cancelled,card
ORD_0000716,CUST_01853,2023-09-18,Books,3,492.35,1477.05,returned,netbanking
ORD_0000717,CUST_01880,2024-03-18,Sports,1,86.4,86.4,completed,netbanking
ORD_0000718,CUST_01807,2024-04-10,Beauty,5,357.97,1789.85,completed,netbanking
ORD_0000719,CUST_00839,2024-03-17,Books,1,213.77,213.77,completed,upi
ORD_0000720,CUST_01673,2024-04-06,Electronics,4,134.17,536.68,completed,wallet
ORD_0000721,CUST_00086,2024-05-26,Apparel,2,334.84,669.68,completed,card
ORD_0000722,CUST_00237,2024-06-24,Sports,4,42.58,170.32,completed,netbanking
ORD_0000723,CUST_01957,2024-03-11,Home & Kitchen,4,149.55,598.2,completed,netbanking
ORD_0000724,CUST_00223,2024-06-22,Apparel,1,203.49,203.49,cancelled,wallet
ORD_0000725,CUST_00412,2024-04-06,Books,5,497.81,2489.05,completed,card
ORD_0000726,CUST_00469,2023-11-08,Beauty,4,100.38,401.52,returned,upi
ORD_0000727,CUST_00893,2024-06-28,Apparel,3,224.66,673.98,completed,card
ORD_0000728,CUST_01358,2024-06-02,Beauty,2,386.58,773.16,completed,card
ORD_0000729,CUST_01943,2023-08-14,Home & Kitchen,3,431.14,1293.42,cancelled,netbanking
ORD_0000730,CUST_00947,2023-12-18,Apparel,1,201.73,201.73,cancelled,card
ORD_0000731,CUST_00462,2024-02-22,Beauty,2,174.58,349.16,completed,wallet
ORD_0000732,CUST_00143,2023-12-05,Sports,5,268.98,1344.9,completed,netbanking
ORD_0000733,CUST_00117,2023-12-12,Sports,1,210.85,210.85,completed,upi
ORD_0000734,CUST_01483,2024-03-07,Electronics,3,28.82,86.46,completed,card
ORD_0000735,CUST_00781,2023-07-23,Books,5,38.61,193.05,completed,card
ORD_0000736,CUST_01756,2024-06-02,Electronics,1,286.17,286.17,completed,wallet
ORD_0000737,CUST_01920,2024-02-29,Books,3,345.94,1037.82,completed,upi
ORD_0000738,CUST_01399,2024-03-26,Beauty,5,132.51,662.55,completed,upi
ORD_0000739,CUST_00931,2024-06-22,Home & Kitchen,3,119.67,359.01,completed,upi
ORD_0000740,CUST_01973,2024-06-26,Apparel,4,499.57,1998.28,completed,card
ORD_0000741,CUST_00885,2024-06-21,Books,2,30.84,61.68,completed,upi
ORD_0000742,CUST_00824,2023-06-25,Books,3,111.96,335.88,completed,wallet
ORD_0000743,CUST_00944,2024-05-11,Books,4,227.5,910.0,completed,netbanking
ORD_0000744,CUST_00668,2024-06-16,Sports,4,75.22,300.88,completed,upi
ORD_0000745,CUST_01460,2023-08-25,Beauty,5,105.34,526.7,completed,netbanking
ORD_0000746,CUST_01844,2024-02-24,Books,5,432.58,2162.9,completed,netbanking
ORD_0000747,CUST_00438,2024-01-10,Sports,2,240.4,480.8,completed,netbanking
ORD_0000748,CUST_01853,2024-01-30,Home & Kitchen,1,107.7,107.7,completed,upi
ORD_0000749,CUST_01351,2024-06-19,Books,5,221.56,1107.8,completed,upi
ORD_0000750,CUST_00791,2024-04-03,Beauty,2,143.92,287.84,completed,upi
ORD_0000751,CUST_01314,2024-03-27,Apparel,5,393.1,1965.5,completed,netbanking
ORD_0000752,CUST_00960,2024-03-19,Books,2,383.67,767.34,completed,card
ORD_0000753,CUST_01385,2024-02-14,Electronics,1,52.01,52.01,cancelled,card
ORD_0000754,CUST_00679,2024-06-07,Home & Kitchen,1,163.5,163.5,completed,upi
ORD_0000755,CUST_01962,2024-04-22,Home & Kitchen,3,421.92,1265.76,completed,netbanking
ORD_0000756,CUST_01195,2024-06-01,Beauty,4,242.78,971.12,completed,netbanking
ORD_0000757,CUST_00208,2024-04-24,Apparel,2,451.39,902.78,completed,card
ORD_0000758,CUST_01091,2024-06-29,Sports,4,87.55,350.2,completed,netbanking
ORD_0000759,CUST_01414,2024-05-03,Apparel,1,335.29,335.29,returned,card
ORD_0000760,CUST_01548,2023-11-10,Books,2,441.3,882.6,completed,upi
ORD_0000761,CUST_01572,2023-05-09,Home & Kitchen,5,347.17,1735.85,cancelled,upi
ORD_0000762,CUST_00917,2023-10-02,Sports,4,473.83,1895.32,completed,netbanking
ORD_0000763,CUST_00175,2023-10-31,Sports,1,96.84,96.84,completed,wallet
ORD_0000764,CUST_01878,2023-09-08,Beauty,1,496.51,496.51,completed,netbanking
ORD_0000765,CUST_00599,2024-04-03,Books,3,305.37,916.11,completed,wallet
ORD_0000766,CUST_00347,2024-05-31,Home & Kitchen,3,104.08,312.24,cancelled,card
ORD_0000767,CUST_01003,2024-02-02,Apparel,2,35.48,70.96,completed,netbanking
ORD_0000768,CUST_00920,2024-05-25,Beauty,3,29.81,89.43,cancelled,wallet
ORD_0000769,CUST_01351,2024-06-11,Apparel,3,280.11,840.33,returned,card
ORD_0000770,CUST_01505,2024-05-10,Apparel,1,158.32,158.32,returned,wallet
ORD_0000771,CUST_00796,2023-10-07,Home & Kitchen,3,351.45,1054.35,completed,wallet
ORD_0000772,CUST_00834,2024-06-10,Home & Kitchen,3,74.84,224.52,completed,upi
ORD_0000773,CUST_01002,2023-10-08,Books,3,50.81,152.43,returned,card
ORD_0000774,CUST_01650,2023-10-24,Electronics,5,448.94,2244.7,returned,card
ORD_0000775,CUST_00498,2024-01-14,Apparel,2,192.95,385.9,completed,upi
ORD_0000776,CUST_01596,2024-04-11,Electronics,1,14.72,14.72,completed,netbanking
ORD_0000777,CUST_01783,2024-06-24,Beauty,1,86.55,86.55,cancelled,wallet
ORD_0000778,CUST_01293,2024-06-27,Electronics,1,310.15,310.15,completed,upi
ORD_0000779,CUST_01881,2024-06-21,Beauty,1,100.92,100.92,cancelled,card
ORD_0000780,CUST_00887,2024-06-13,Beauty,2,113.0,226.0,completed,netbanking
ORD_0000781,CUST_01281,2024-06-27,Apparel,2,243.25,486.5,completed,wallet
ORD_0000782,CUST_01240,2024-05-31,Beauty,2,239.9,479.8,completed,card
ORD_0000783,CUST_00907,2023-06-06,Apparel,5,13.08,65.4,cancelled,netbanking
ORD_0000784,CUST_00295,2023-10-28,Electronics,1,354.4,354.4,completed,netbanking
ORD_0000785,CUST_01549,2024-06-21,Sports,2,203.38,406.76,completed,wallet
ORD_0000786,CUST_01038,2024-06-14,Home & Kitchen,3,116.94,350.82,returned,upi
ORD_0000787,CUST_01087,2023-05-06,Apparel,3,147.9,443.7,completed,card
ORD_0000788,CUST_01012,2024-04-08,Books,1,313.71,313.71,completed,wallet
ORD_0000789,CUST_00025,2024-03-22,Home & Kitchen,3,298.18,894.54,completed,card
ORD_0000790,CUST_01166,2023-12-03,Beauty,3,230.88,692.64,returned,netbanking
ORD_0000791,CUST_01024,2023-12-04,Beauty,4,163.59,654.36,completed,upi
ORD_0000792,CUST_00088,2024-04-20,Books,4,237.81,951.24,completed,wallet
ORD_0000793,CUST_00950,2024-04-27,Beauty,4,84.81,339.24,completed,wallet
ORD_0000794,CUST_01945,2024-06-16,Books,2,396.24,792.48,cancelled,upi
ORD_0000795,CUST_00819,2024-03-15,Beauty,1,222.84,222.84,returned,upi
ORD_0000796,CUST_01215,2024-05-17,Books,2,56.46,112.92,completed,netbanking
ORD_0000797,CUST_00691,2023-11-02,Apparel,1,253.68,253.68,completed,netbanking
ORD_0000798,CUST_00467,2024-02-07,Books,4,307.33,1229.32,completed,upi
ORD_0000799,CUST_00999,2024-01-02,Electronics,3,481.1,1443.3,cancelled,wallet
ORD_0000800,CUST_01245,2023-12-24,Books,2,125.21,250.42,returned,wallet
ORD_0000801,CUST_01005,2023-05-29,Home & Kitchen,3,319.43,958.29,completed,wallet
ORD_0000802,CUST_01253,2023-12-18,Home & Kitchen,5,73.41,367.05,completed,netbanking
ORD_0000803,CUST_01653,2024-06-28,Books,2,191.08,382.16,completed,wallet
ORD_0000804,CUST_00758,2024-03-26,Home & Kitchen,2,112.62,225.24,completed,netbanking
ORD_0000805,CUST_01299,2024-05-20,Sports,3,281.94,845.82,completed,upi
ORD_0000806,CUST_01848,2024-03-08,Sports,3,392.97,1178.91,cancelled,upi
ORD_0000807,CUST_01451,2024-05-16,Apparel,5,126.13,630.65,completed,wallet
ORD_0000808,CUST_01824,2023-11-17,Electronics,3,260.36,781.08,completed,upi
ORD_0000809,CUST_01278,2024-06-19,Books,1,269.32,269.32,completed,netbanking
ORD_0000810,CUST_00138,2024-05-18,Home & Kitchen,4,390.93,1563.72,completed,netbanking
ORD_0000811,CUST_01737,2024-05-23,Apparel,1,242.13,242.13,completed,netbanking
ORD_0000812,CUST_00730,2024-05-11,Home & Kitchen,5,81.59,407.95,cancelled,wallet
ORD_0000813,CUST_00644,2024-06-27,Beauty,2,413.82,827.64,completed,card
ORD_0000814,CUST_00606,2023-04-30,Sports,2,266.51,533.02,completed,wallet
ORD_0000815,CUST_00867,2024-06-19,Apparel,1,156.1,156.1,completed,card
ORD_0000816,CUST_00060,2024-03-31,Books,4,48.56,194.24,completed,upi
ORD_0000817,CUST_00915,2024-02-10,Books,5,86.91,434.55,completed,card
ORD_0000818,CUST_01919,2023-11-23,Beauty,4,145.21,580.84,completed,netbanking
ORD_0000819,CUST_00334,2024-04-24,Electronics,2,168.16,336.32,completed,netbanking
ORD_0000820,CUST_01132,2024-05-07,Beauty,3,79.45,238.35,completed,card
ORD_0000821,CUST_01288,2024-05-05,Home & Kitchen,3,203.8,611.4,completed,card
ORD_0000822,CUST_01319,2023-11-09,Sports,3,287.14,861.42,completed,card
ORD_0000823,CUST_01481,2024-05-08,Electronics,2,253.36,506.72,completed,card
ORD_0000824,CUST_01071,2023-08-13,Home & Kitchen,2,55.0,110.0,cancelled,netbanking
ORD_0000825,CUST_00167,2024-03-08,Books,3,377.91,1133.73,completed,card
ORD_0000826,CUST_01075,2024-05-13,Sports,4,350.34,1401.36,returned,upi
ORD_0000827,CUST_00919,2024-06-12,Home & Kitchen,1,383.74,383.74,completed,card
ORD_0000828,CUST_01321,2024-04-06,Beauty,5,21.86,109.3,returned,upi
ORD_0000829,CUST_00981,2023-11-24,Apparel,1,117.3,117.3,cancelled,upi
ORD_0000830,CUST_01026,2024-05-18,Beauty,3,199.88,599.64,completed,card
ORD_0000831,CUST_01045,2023-12-23,Beauty,4,21.51,86.04,completed,card
ORD_0000832,CUST_00083,2023-10-21,Apparel,5,27.63,138.15,completed,card
ORD_0000833,CUST_00716,2024-06-03,Home & Kitchen,1,294.97,294.97,completed,upi
ORD_0000834,CUST_00814,2023-09-12,Beauty,2,272.74,545.48,completed,netbanking
ORD_0000835,CUST_00545,2024-04-19,Apparel,3,260.32,780.96,returned,netbanking
ORD_0000836,CUST_00686,2024-02-25,Books,3,449.97,1349.91,completed,netbanking
ORD_0000837,CUST_00925,2023-09-14,Beauty,4,305.64,1222.56,completed,wallet
ORD_0000838,CUST_00420,2024-01-25,Electronics,1,30.4,30.4,completed,upi
ORD_0000839,CUST_00410,2024-06-15,Beauty,3,418.13,1254.39,completed,netbanking
ORD_0000840,CUST_00740,2024-06-12,Apparel,1,327.43,327.43,completed,netbanking
ORD_0000841,CUST_00445,2024-03-31,Apparel,1,161.84,161.84,returned,netbanking
ORD_0000842,CUST_00423,2024-03-30,Books,4,362.77,1451.08,cancelled,upi
ORD_0000843,CUST_01886,2024-05-16,Home & Kitchen,4,284.8,1139.2,completed,upi
ORD_0000844,CUST_00160,2023-12-31,Sports,1,427.8,427.8,completed,card
ORD_0000845,CUST_01940,2024-01-08,Books,1,158.68,158.68,completed,upi
ORD_0000846,CUST_00200,2024-04-08,Apparel,3,115.49,346.47,cancelled,netbanking
ORD_0000847,CUST_00156,2024-03-01,Home & Kitchen,4,330.27,1321.08,completed,card
ORD_0000848,CUST_00619,2023-08-19,Apparel,3,233.88,701.64,completed,card
ORD_0000849,CUST_01803,2024-06-08,Electronics,2,17.02,34.04,completed,wallet
ORD_0000850,CUST_01782,2024-05-06,Electronics,5,143.83,719.15,completed,wallet
ORD_0000851,CUST_00130,2023-10-01,Beauty,2,41.92,83.84,completed,card
ORD_0000852,CUST_01019,2024-04-15,Electronics,4,212.08,848.32,completed,card
ORD_0000853,CUST_01345,2024-03-31,Beauty,3,357.84,1073.52,completed,netbanking
ORD_0000854,CUST_00050,2024-05-22,Apparel,3,481.95,1445.85,completed,wallet
ORD_0000855,CUST_01660,2023-11-19,Books,1,438.02,438.02,completed,wallet
ORD_0000856,CUST_01622,2024-05-06,Electronics,1,150.38,150.38,completed,wallet
ORD_0000857,CUST_01681,2024-06-11,Beauty,5,90.3,451.5,returned,upi
ORD_0000858,CUST_00657,2024-06-15,Sports,3,209.42,628.26,completed,wallet
ORD_0000859,CUST_00712,2024-05-07,Books,2,408.96,817.92,completed,wallet
ORD_0000860,CUST_00738,2024-03-31,Apparel,1,305.04,305.04,completed,netbanking
ORD_0000861,CUST_01322,2024-01-31,Beauty,4,379.3,1517.2,completed,card
ORD_0000862,CUST_00704,2024-04-23,Sports,2,303.4,606.8,completed,upi
ORD_0000863,CUST_01744,2024-06-29,Apparel,5,78.36,391.8,returned,wallet
ORD_0000864,CUST_00168,2024-06-09,Sports,1,495.34,495.34,completed,card
ORD_0000865,CUST_01179,2023-12-18,Beauty,3,467.9,1403.7,cancelled,upi
ORD_0000866,CUST_01401,2024-03-26,Home & Kitchen,3,249.69,749.07,completed,netbanking
ORD_0000867,CUST_01124,2024-05-20,Books,5,331.87,1659.35,completed,netbanking
ORD_0000868,CUST_01536,2024-01-17,Beauty,1,120.64,120.64,completed,upi
ORD_0000869,CUST_01467,2023-03-25,Books,5,401.96,2009.8,completed,card
ORD_0000870,CUST_01424,2024-01-12,Home & Kitchen,2,380.33,760.66,returned,card
ORD_0000871,CUST_01949,2023-12-11,Home & Kitchen,1,17.94,17.94,completed,upi
ORD_0000872,CUST_01696,2024-04-02,Electronics,1,134.17,134.17,completed,netbanking
ORD_0000873,CUST_01355,2024-05-06,Home & Kitchen,1,351.92,351.92,completed,netbanking
ORD_0000874,CUST_00427,2024-03-13,Books,4,313.43,1253.72,completed,card
ORD_0000875,CUST_01391,2024-05-19,Home & Kitchen,1,254.99,254.99,completed,wallet
ORD_0000876,CUST_01764,2024-06-21,Electronics,4,378.92,1515.68,completed,netbanking
ORD_0000877,CUST_01944,2024-06-29,Books,4,497.36,1989.44,completed,wallet
ORD_0000878,CUST_01555,2023-11-03,Electronics,4,133.55,534.2,completed,card
ORD_0000879,CUST_00932,2024-06-10,Books,3,128.27,384.81,completed,netbanking
ORD_0000880,CUST_01132,2024-04-27,Electronics,2,310.71,621.42,completed,upi
ORD_0000881,CUST_01216,2023-11-29,Sports,5,227.76,1138.8,completed,netbanking
ORD_0000882,CUST_01428,2024-05-11,Electronics,5,330.3,1651.5,completed,card
ORD_0000883,CUST_01430,2024-04-10,Books,4,95.21,380.84,completed,upi
ORD_0000884,CUST_00082,2024-01-11,Electronics,5,172.38,861.9,completed,card
ORD_0000885,CUST_00408,2024-02-14,Books,4,132.02,528.08,completed,upi
ORD_0000886,CUST_01583,2023-12-31,Apparel,1,158.11,158.11,completed,wallet
ORD_0000887,CUST_00469,2024-04-14,Apparel,1,59.74,59.74,completed,card
ORD_0000888,CUST_00898,2024-05-12,Books,3,399.22,1197.66,completed,netbanking
ORD_0000889,CUST_01301,2024-05-29,Electronics,1,215.12,215.12,completed,wallet
ORD_0000890,CUST_00138,2024-04-11,Beauty,1,138.75,138.75,completed,wallet
ORD_0000891,CUST_01039,2023-11-27,Apparel,2,69.29,138.58,completed,upi
ORD_0000892,CUST_01362,2023-06-05,Sports,4,333.32,1333.28,completed,netbanking
ORD_0000893,CUST_00979,2023-12-01,Electronics,2,295.23,590.46,completed,upi
ORD_0000894,CUST_00415,2024-05-31,Beauty,3,75.27,225.81,completed,netbanking
ORD_0000895,CUST_00123,2024-04-09,Beauty,1,65.24,65.24,completed,card
ORD_0000896,CUST_00622,2023-12-05,Books,3,461.15,1383.45,returned,upi
ORD_0000897,CUST_01360,2024-05-18,Electronics,4,244.57,978.28,completed,card
ORD_0000898,CUST_00300,2024-06-07,Apparel,2,430.33,860.66,returned,card
ORD_0000899,CUST_00979,2024-05-23,Apparel,1,287.41,287.41,completed,wallet
ORD_0000900,CUST_01720,2024-01-09,Books,2,415.7,831.4,completed,wallet
ORD_0000901,CUST_00088,2024-04-07,Beauty,4,23.55,94.2,completed,netbanking
ORD_0000902,CUST_00801,2024-06-19,Apparel,5,419.81,2099.05,completed,upi
ORD_0000903,CUST_00982,2024-06-01,Beauty,5,445.47,2227.35,returned,upi
ORD_0000904,CUST_00495,2024-01-26,Electronics,5,150.93,754.65,completed,card
ORD_0000905,CUST_00855,2023-10-28,Apparel,5,51.56,257.8,completed,card
ORD_0000906,CUST_00757,2023-12-31,Beauty,4,147.6,590.4,returned,netbanking
ORD_0000907,CUST_00622,2024-05-07,Home & Kitchen,5,170.26,851.3,returned,wallet
ORD_0000908,CUST_01048,2024-05-26,Beauty,4,381.12,1524.48,completed,upi
ORD_0000909,CUST_00962,2023-12-12,Home & Kitchen,1,348.79,348.79,completed,card
ORD_0000910,CUST_00516,2023-09-28,Sports,3,438.62,1315.86,completed,netbanking
ORD_0000911,CUST_01899,2024-05-03,Home & Kitchen,2,287.34,574.68,cancelled,upi
ORD_0000912,CUST_01692,2024-01-08,Home & Kitchen,5,341.28,1706.4,completed,wallet
ORD_0000913,CUST_01372,2024-03-15,Apparel,2,386.46,772.92,returned,netbanking
ORD_0000914,CUST_00390,2024-06-24,Apparel,5,280.91,1404.55,completed,upi
ORD_0000915,CUST_00241,2024-06-23,Beauty,2,110.8,221.6,returned,upi
ORD_0000916,CUST_01818,2024-06-13,Books,4,193.74,774.96,completed,netbanking
ORD_0000917,CUST_01910,2024-05-18,Home & Kitchen,5,177.28,886.4,completed,netbanking
ORD_0000918,CUST_00255,2024-05-05,Electronics,5,492.09,2460.45,completed,netbanking
ORD_0000919,CUST_01901,2024-01-18,Sports,4,468.02,1872.08,completed,netbanking
ORD_0000920,CUST_01047,2024-06-20,Electronics,4,107.59,430.36,cancelled,wallet
ORD_0000921,CUST_01220,2024-04-06,Home & Kitchen,4,224.2,896.8,completed,upi
ORD_0000922,CUST_00252,2024-05-06,Electronics,1,30.1,30.1,completed,netbanking
ORD_0000923,CUST_00261,2023-05-28,Beauty,4,110.39,441.56,completed,card
ORD_0000924,CUST_00229,2024-05-12,Home & Kitchen,5,362.58,1812.9,completed,upi
ORD_0000925,CUST_00452,2024-06-18,Home & Kitchen,3,464.64,1393.92,returned,upi
ORD_0000926,CUST_00048,2024-05-03,Apparel,5,165.18,825.9,completed,wallet
ORD_0000927,CUST_00417,2024-06-17,Apparel,5,18.54,92.7,completed,netbanking
ORD_0000928,CUST_01658,2024-04-26,Books,1,56.87,56.87,completed,wallet
ORD_0000929,CUST_01249,2023-11-03,Home & Kitchen,2,459.63,919.26,completed,upi
ORD_0000930,CUST_01375,2024-02-14,Sports,4,294.01,1176.04,returned,wallet
ORD_0000931,CUST_00438,2023-09-07,Books,1,425.16,425.16,completed,wallet
ORD_0000932,CUST_00308,2024-02-16,Electronics,5,377.83,1889.15,completed,netbanking
ORD_0000933,CUST_00421,2024-03-05,Sports,4,396.89,1587.56,completed,card
ORD_0000934,CUST_01023,2024-05-25,Books,5,200.06,1000.3,completed,netbanking
ORD_0000935,CUST_00296,2024-05-09,Beauty,5,420.09,2100.45,completed,wallet
ORD_0000936,CUST_00425,2023-11-15,Home & Kitchen,3,183.09,549.27,completed,netbanking
ORD_0000937,CUST_01841,2024-03-22,Books,4,304.2,1216.8,cancelled,upi
ORD_0000938,CUST_01322,2024-04-29,Electronics,1,231.59,231.59,completed,netbanking
ORD_0000939,CUST_00737,2024-06-15,Beauty,1,250.56,250.56,completed,wallet
ORD_0000940,CUST_00184,2024-01-15,Home & Kitchen,3,180.62,541.86,completed,netbanking
ORD_0000941,CUST_00981,2024-01-08,Sports,2,117.37,234.74,completed,upi
ORD_0000942,CUST_01733,2023-09-05,Apparel,4,188.63,754.52,completed,upi
ORD_0000943,CUST_00190,2024-04-30,Electronics,5,34.52,172.6,completed,netbanking
ORD_0000944,CUST_00928,2024-01-23,Books,3,79.39,238.17,completed,upi
ORD_0000945,CUST_00470,2024-06-17,Electronics,3,91.64,274.92,completed,card
ORD_0000946,CUST_01272,2023-09-06,Beauty,5,330.75,1653.75,completed,wallet
ORD_0000947,CUST_01930,2024-04-14,Apparel,2,125.75,251.5,completed,card
ORD_0000948,CUST_00138,2024-06-19,Apparel,1,141.82,141.82,completed,wallet
ORD_0000949,CUST_01134,2024-01-30,Apparel,2,84.82,169.64,completed,card
ORD_0000950,CUST_00667,2023-09-01,Electronics,3,261.48,784.44,completed,card
ORD_0000951,CUST_00807,2024-01-16,Apparel,2,33.68,67.36,returned,upi
ORD_0000952,CUST_01765,2024-04-30,Home & Kitchen,3,291.18,873.54,completed,wallet
ORD_0000953,CUST_00359,2023-04-28,Sports,2,89.41,178.82,completed,card
ORD_0000954,CUST_00773,2024-02-29,Sports,1,150.72,150.72,completed,wallet
ORD_0000955,CUST_01128,2024-01-18,Books,4,445.5,1782.0,cancelled,netbanking
ORD_0000956,CUST_01611,2024-06-10,Beauty,5,361.98,1809.9,completed,netbanking
ORD_0000957,CUST_01073,2023-12-21,Books,2,256.53,513.06,completed,card
ORD_0000958,CUST_00424,2024-06-13,Home & Kitchen,5,497.4,2487.0,completed,wallet
ORD_0000959,CUST_00784,2024-01-11,Home & Kitchen,3,193.07,579.21,completed,card
ORD_0000960,CUST_00442,2024-06-09,Sports,2,230.46,460.92,completed,upi
ORD_0000961,CUST_01330,2023-08-23,Electronics,4,129.79,519.16,returned,wallet
ORD_0000962,CUST_00518,2024-06-29,Books,4,238.5,954.0,completed,upi
ORD_0000963,CUST_00949,2023-06-10,Apparel,4,480.2,1920.8,cancelled,card
ORD_0000964,CUST_00606,2023-12-29,Books,1,181.76,181.76,returned,wallet
ORD_0000965,CUST_00160,2024-03-13,Sports,3,412.33,1236.99,completed,wallet
ORD_0000966,CUST_00139,2024-05-01,Sports,3,104.79,314.37,completed,card
ORD_0000967,CUST_00299,2024-06-28,Sports,3,39.33,117.99,completed,netbanking
ORD_0000968,CUST_00050,2024-04-09,Sports,4,173.67,694.68,completed,netbanking
ORD_0000969,CUST_00584,2024-06-12,Sports,1,402.59,402.59,completed,wallet
ORD_0000970,CUST_01554,2024-03-31,Electronics,4,384.17,1536.68,completed,card
ORD_0000971,CUST_01983,2023-09-28,Beauty,4,171.76,687.04,completed,netbanking
ORD_0000972,CUST_00295,2023-09-21,Books,2,55.65,111.3,completed,upi
ORD_0000973,CUST_00086,2023-12-21,Apparel,3,15.93,47.79,completed,upi
ORD_0000974,CUST_00856,2024-06-29,Home & Kitchen,4,278.05,1112.2,cancelled,upi
ORD_0000975,CUST_00002,2023-06-09,Home & Kitchen,2,430.82,861.64,completed,card
ORD_0000976,CUST_00449,2024-01-09,Books,2,463.15,926.3,completed,wallet
ORD_0000977,CUST_01663,2024-06-23,Home & Kitchen,3,312.22,936.66,returned,netbanking
ORD_0000978,CUST_01182,2024-03-28,Beauty,5,445.68,2228.4,completed,netbanking
ORD_0000979,CUST_01079,2023-11-19,Home & Kitchen,5,264.81,1324.05,returned,upi
ORD_0000980,CUST_00464,2023-09-05,Home & Kitchen,4,246.85,987.4,cancelled,netbanking
ORD_0000981,CUST_01022,2024-05-24,Home & Kitchen,1,476.52,476.52,returned,netbanking
ORD_0000982,CUST_00219,2023-06-02,Apparel,5,119.57,597.85,returned,upi
ORD_0000983,CUST_00951,2024-01-17,Sports,1,351.71,351.71,completed,wallet
ORD_0000984,CUST_00859,2024-06-25,Apparel,3,156.54,469.62,completed,wallet
ORD_0000985,CUST_01943,2023-06-08,Electronics,3,463.79,1391.37,completed,wallet
ORD_0000986,CUST_00316,2024-04-06,Home & Kitchen,4,489.39,1957.56,cancelled,card
ORD_0000987,CUST_00631,2024-05-08,Books,4,440.75,1763.0,cancelled,wallet
ORD_0000988,CUST_01206,2024-01-13,Apparel,4,220.74,882.96,completed,upi
ORD_0000989,CUST_00689,2023-08-16,Books,5,170.29,851.45,returned,card
ORD_0000990,CUST_00169,2023-07-25,Books,1,83.51,83.51,completed,card
ORD_0000991,CUST_01914,2023-09-01,Apparel,1,11.01,11.01,completed,netbanking
ORD_0000992,CUST_01728,2024-04-16,Electronics,3,336.36,1009.08,completed,netbanking
ORD_0000993,CUST_00677,2023-05-28,Electronics,1,498.18,498.18,cancelled,card
ORD_0000994,CUST_01683,2024-05-20,Books,2,449.55,899.1,completed,netbanking
ORD_0000995,CUST_01261,2024-06-26,Home & Kitchen,1,417.57,417.57,completed,wallet
ORD_0000996,CUST_01242,2024-06-26,Beauty,3,87.11,261.33,completed,wallet
ORD_0000997,CUST_01243,2024-05-19,Home & Kitchen,3,25.69,77.07,completed,wallet
ORD_0000998,CUST_01660,2024-05-12,Home & Kitchen,3,476.33,1428.99,completed,wallet
ORD_0000999,CUST_00857,2024-02-13,Apparel,3,336.46,1009.38,completed,upi
ORD_0001000,CUST_01441,2023-12-23,Sports,1,48.92,48.92,returned,upi
ORD_0001001,CUST_00221,2023-12-11,Electronics,2,83.16,166.32,completed,netbanking
ORD_0001002,CUST_01409,2023-09-23,Books,5,127.22,636.1,completed,card
ORD_0001003,CUST_01905,2023-12-22,Beauty,2,448.83,897.66,completed,upi
ORD_0001004,CUST_00801,2024-05-25,Electronics,3,42.36,127.08,returned,netbanking
ORD_0001005,CUST_00798,2023-10-09,Books,4,237.11,948.44,completed,netbanking
ORD_0001006,CUST_00921,2023-09-14,Beauty,3,375.18,1125.54,completed,netbanking
ORD_0001007,CUST_01963,2024-06-13,Apparel,2,13.63,27.26,cancelled,wallet
ORD_0001008,CUST_00191,2024-05-27,Apparel,3,82.59,247.77,completed,wallet
ORD_0001009,CUST_01961,2024-02-04,Books,2,363.17,726.34,completed,card
ORD_0001010,CUST_01294,2024-05-22,Home & Kitchen,3,402.09,1206.27,completed,card
ORD_0001011,CUST_00989,2024-06-23,Apparel,5,108.83,544.15,completed,netbanking
ORD_0001012,CUST_01088,2023-10-31,Sports,5,496.87,2484.35,cancelled,upi
ORD_0001013,CUST_00891,2023-06-22,Sports,4,482.42,1929.68,completed,wallet
ORD_0001014,CUST_00092,2024-01-05,Sports,3,18.77,56.31,completed,card
ORD_0001015,CUST_00972,2023-11-26,Sports,4,457.9,1831.6,completed,netbanking
ORD_0001016,CUST_01710,2024-04-28,Home & Kitchen,2,230.13,460.26,returned,card
ORD_0001017,CUST_01673,2023-09-06,Home & Kitchen,5,134.52,672.6,completed,upi
ORD_0001018,CUST_00084,2024-04-04,Electronics,4,127.09,508.36,completed,card
ORD_0001019,CUST_01644,2024-06-25,Sports,3,272.27,816.81,cancelled,card
ORD_0001020,CUST_01028,2024-06-27,Beauty,3,386.75,1160.25,completed,upi
ORD_0001021,CUST_01094,2024-01-15,Books,1,429.05,429.05,completed,netbanking
ORD_0001022,CUST_00363,2024-04-20,Books,2,16.95,33.9,completed,upi
ORD_0001023,CUST_01939,2024-03-23,Beauty,1,58.73,58.73,completed,upi
ORD_0001024,CUST_01347,2024-06-28,Books,3,213.62,640.86,completed,upi
ORD_0001025,CUST_00741,2023-11-01,Sports,3,161.64,484.92,completed,card
ORD_0001026,CUST_00157,2024-02-06,Electronics,1,427.97,427.97,cancelled,card
ORD_0001027,CUST_01595,2023-08-18,Books,2,65.54,131.08,completed,wallet
ORD_0001028,CUST_01047,2024-03-25,Home & Kitchen,4,337.31,1349.24,completed,netbanking
ORD_0001029,CUST_01616,2024-06-01,Apparel,3,96.43,289.29,completed,netbanking
ORD_0001030,CUST_01486,2024-06-23,Electronics,5,404.13,2020.65,cancelled,upi
ORD_0001031,CUST_00299,2024-06-07,Beauty,2,265.81,531.62,completed,wallet
ORD_0001032,CUST_01894,2024-05-17,Books,3,24.59,73.77,completed,wallet
ORD_0001033,CUST_00213,2024-06-01,Books,5,390.16,1950.8,completed,upi
ORD_0001034,CUST_01272,2024-04-20,Beauty,4,388.99,1555.96,completed,upi
ORD_0001035,CUST_01710,2024-05-11,Books,4,283.14,1132.56,completed,netbanking
ORD_0001036,CUST_00408,2023-03-09,Electronics,1,231.92,231.92,completed,card
ORD_0001037,CUST_01362,2023-10-20,Electronics,3,213.6,640.8,cancelled,wallet
ORD_0001038,CUST_00175,2023-05-01,Sports,1,301.37,301.37,completed,upi
ORD_0001039,CUST_00970,2024-01-07,Beauty,5,498.1,2490.5,completed,card
ORD_0001040,CUST_01280,2023-05-11,Sports,3,130.55,391.65,returned,netbanking
ORD_0001041,CUST_00080,2024-06-28,Beauty,1,470.12,470.12,cancelled,upi
ORD_0001042,CUST_01426,2023-10-15,Home & Kitchen,4,499.64,1998.56,completed,wallet
ORD_0001043,CUST_00153,2024-03-16,Home & Kitchen,3,46.79,140.37,completed,wallet
ORD_0001044,CUST_00047,2023-12-04,Beauty,3,170.59,511.77,completed,upi
ORD_0001045,CUST_01908,2024-03-29,Electronics,5,303.77,1518.85,completed,card
ORD_0001046,CUST_01997,2024-06-28,Electronics,3,165.96,497.88,completed,upi
ORD_0001047,CUST_01193,2023-04-11,Home & Kitchen,2,34.04,68.08,returned,card
ORD_0001048,CUST_01663,2024-04-11,Beauty,5,468.24,2341.2,completed,netbanking
ORD_0001049,CUST_00206,2024-01-19,Books,1,162.82,162.82,completed,netbanking
ORD_0001050,CUST_00552,2024-03-13,Sports,2,43.68,87.36,completed,wallet
ORD_0001051,CUST_00088,2024-06-04,Electronics,3,208.92,626.76,completed,upi
ORD_0001052,CUST_00168,2024-06-01,Sports,2,100.7,201.4,completed,card
ORD_0001053,CUST_01292,2023-11-30,Beauty,4,117.01,468.04,completed,upi
ORD_0001054,CUST_00836,2023-04-16,Sports,5,438.78,2193.9,completed,upi
ORD_0001055,CUST_01009,2024-05-22,Apparel,2,39.08,78.16,completed,wallet
ORD_0001056,CUST_00395,2024-05-27,Apparel,5,153.42,767.1,completed,wallet
ORD_0001057,CUST_01866,2024-06-18,Electronics,3,132.02,396.06,completed,netbanking
ORD_0001058,CUST_01328,2024-04-11,Books,1,489.12,489.12,completed,netbanking
ORD_0001059,CUST_01416,2023-09-27,Beauty,5,100.33,501.65,completed,upi
ORD_0001060,CUST_00272,2024-06-29,Beauty,2,499.08,998.16,completed,card
ORD_0001061,CUST_01401,2023-11-25,Home & Kitchen,2,482.95,965.9,cancelled,card
ORD_0001062,CUST_01335,2024-01-28,Electronics,1,416.68,416.68,completed,netbanking
ORD_0001063,CUST_00423,2024-03-19,Beauty,2,82.01,164.02,completed,netbanking
ORD_0001064,CUST_00666,2024-05-05,Beauty,4,333.15,1332.6,completed,upi
ORD_0001065,CUST_01757,2024-05-11,Home & Kitchen,2,111.31,222.62,completed,upi
ORD_0001066,CUST_01004,2024-03-27,Home & Kitchen,3,224.34,673.02,completed,wallet
ORD_0001067,CUST_00325,2024-02-06,Sports,1,376.67,376.67,completed,wallet
ORD_0001068,CUST_00227,2023-12-07,Apparel,2,148.88,297.76,completed,card
ORD_0001069,CUST_00970,2024-04-30,Books,5,41.98,209.9,completed,upi
ORD_0001070,CUST_00921,2023-11-06,Books,3,421.33,1263.99,completed,wallet
ORD_0001071,CUST_00452,2024-03-07,Apparel,2,18.39,36.78,completed,wallet
ORD_0001072,CUST_00449,2024-02-11,Apparel,5,324.52,1622.6,completed,netbanking
ORD_0001073,CUST_01070,2023-08-12,Beauty,1,143.18,143.18,completed,netbanking
ORD_0001074,CUST_01529,2024-04-19,Electronics,1,40.84,40.84,completed,netbanking
ORD_0001075,CUST_00517,2024-01-24,Sports,5,429.36,2146.8,completed,upi
ORD_0001076,CUST_01286,2024-04-24,Electronics,5,11.64,58.2,completed,wallet
ORD_0001077,CUST_01164,2024-01-14,Apparel,1,245.69,245.69,completed,netbanking
ORD_0001078,CUST_01477,2024-03-15,Home & Kitchen,3,351.04,1053.12,completed,wallet
ORD_0001079,CUST_01372,2024-05-25,Home & Kitchen,5,286.95,1434.75,completed,wallet
ORD_0001080,CUST_01280,2023-09-15,Home & Kitchen,2,169.1,338.2,completed,upi
ORD_0001081,CUST_01091,2024-06-22,Sports,4,121.5,486.0,completed,card
ORD_0001082,CUST_00212,2024-02-21,Electronics,2,123.33,246.66,completed,wallet
ORD_0001083,CUST_01096,2024-06-28,Sports,1,343.66,343.66,completed,upi
ORD_0001084,CUST_00453,2024-06-11,Electronics,2,117.04,234.08,completed,card
ORD_0001085,CUST_01881,2024-06-06,Home & Kitchen,4,68.93,275.72,completed,wallet
ORD_0001086,CUST_01830,2023-09-19,Apparel,1,176.99,176.99,completed,card
ORD_0001087,CUST_01650,2023-09-01,Beauty,5,273.07,1365.35,cancelled,upi
ORD_0001088,CUST_00091,2024-05-16,Beauty,3,275.12,825.36,completed,card
ORD_0001089,CUST_01897,2024-03-06,Home & Kitchen,2,399.89,799.78,completed,upi
ORD_0001090,CUST_01895,2024-06-27,Beauty,3,10.04,30.12,completed,netbanking
ORD_0001091,CUST_01543,2024-05-31,Electronics,5,351.0,1755.0,completed,card
ORD_0001092,CUST_01367,2024-03-19,Apparel,2,94.3,188.6,completed,card
ORD_0001093,CUST_01501,2023-09-01,Apparel,2,415.36,830.72,completed,wallet
ORD_0001094,CUST_00126,2024-03-23,Electronics,2,313.13,626.26,completed,upi
ORD_0001095,CUST_00751,2024-03-17,Electronics,4,85.42,341.68,returned,upi
ORD_0001096,CUST_00971,2024-05-10,Electronics,1,93.96,93.96,completed,wallet
ORD_0001097,CUST_00223,2024-05-21,Apparel,2,113.76,227.52,completed,wallet
ORD_0001098,CUST_00470,2024-06-06,Beauty,3,359.7,1079.1,completed,netbanking
ORD_0001099,CUST_01816,2024-05-25,Sports,2,416.09,832.18,completed,upi
ORD_0001100,CUST_01954,2024-05-21,Books,4,94.34,377.36,completed,netbanking
ORD_0001101,CUST_01242,2023-10-22,Home & Kitchen,1,106.16,106.16,completed,wallet
ORD_0001102,CUST_01900,2024-01-02,Beauty,5,66.51,332.55,completed,card
ORD_0001103,CUST_00471,2024-06-04,Books,1,284.42,284.42,returned,upi
ORD_0001104,CUST_00109,2024-02-27,Apparel,2,274.11,548.22,completed,upi
ORD_0001105,CUST_01860,2023-11-26,Sports,5,430.56,2152.8,returned,upi
ORD_0001106,CUST_01104,2024-06-20,Sports,1,176.15,176.15,completed,netbanking
ORD_0001107,CUST_00681,2024-02-08,Books,2,31.56,63.12,returned,upi
ORD_0001108,CUST_00287,2024-05-04,Sports,1,263.79,263.79,completed,wallet
ORD_0001109,CUST_01477,2024-06-05,Home & Kitchen,5,49.27,246.35,completed,netbanking
ORD_0001110,CUST_01736,2024-04-27,Electronics,1,26.21,26.21,completed,card
ORD_0001111,CUST_01768,2023-03-12,Beauty,1,168.01,168.01,returned,card
ORD_0001112,CUST_00170,2023-10-03,Electronics,4,477.0,1908.0,completed,netbanking
ORD_0001113,CUST_00118,2024-05-30,Apparel,5,22.65,113.25,cancelled,netbanking
ORD_0001114,CUST_00777,2024-05-10,Sports,1,399.39,399.39,completed,netbanking
ORD_0001115,CUST_00535,2023-09-28,Apparel,1,277.42,277.42,completed,wallet
ORD_0001116,CUST_00589,2024-03-21,Electronics,5,456.01,2280.05,completed,netbanking
ORD_0001117,CUST_01027,2024-03-14,Books,1,163.91,163.91,completed,wallet
ORD_0001118,CUST_00958,2024-01-07,Electronics,1,303.6,303.6,completed,upi
ORD_0001119,CUST_00774,2024-01-06,Beauty,3,53.45,160.35,completed,upi
ORD_0001120,CUST_00830,2024-02-17,Books,5,70.23,351.15,completed,netbanking
ORD_0001121,CUST_01048,2024-05-01,Electronics,3,191.08,573.24,completed,upi
ORD_0001122,CUST_01608,2024-04-18,Electronics,1,280.74,280.74,completed,card
ORD_0001123,CUST_00833,2023-07-26,Sports,2,210.98,421.96,completed,netbanking
ORD_0001124,CUST_01611,2024-02-17,Sports,5,391.51,1957.55,completed,card
ORD_0001125,CUST_00125,2023-10-24,Books,1,464.78,464.78,completed,card
ORD_0001126,CUST_01824,2024-06-12,Home & Kitchen,5,371.86,1859.3,completed,netbanking
ORD_0001127,CUST_01971,2024-06-10,Books,2,278.25,556.5,completed,upi
ORD_0001128,CUST_01057,2023-09-04,Apparel,4,361.9,1447.6,completed,card
ORD_0001129,CUST_00819,2023-12-30,Electronics,2,85.87,171.74,completed,wallet
ORD_0001130,CUST_01268,2024-05-04,Sports,3,365.72,1097.16,completed,netbanking
ORD_0001131,CUST_00835,2024-02-14,Books,2,20.14,40.28,completed,upi
ORD_0001132,CUST_00755,2024-03-15,Home & Kitchen,4,114.79,459.16,cancelled,netbanking
ORD_0001133,CUST_00169,2023-12-20,Home & Kitchen,1,412.79,412.79,cancelled,wallet
ORD_0001134,CUST_00321,2024-02-24,Electronics,3,381.24,1143.72,completed,upi
ORD_0001135,CUST_01477,2024-06-21,Beauty,3,176.56,529.68,completed,upi
ORD_0001136,CUST_01965,2023-04-27,Home & Kitchen,1,240.21,240.21,completed,netbanking
ORD_0001137,CUST_01768,2023-09-30,Sports,5,292.09,1460.45,completed,card
ORD_0001138,CUST_01582,2023-10-17,Sports,1,190.49,190.49,completed,upi
ORD_0001139,CUST_01701,2023-09-05,Apparel,3,365.48,1096.44,completed,card
ORD_0001140,CUST_01380,2024-03-21,Beauty,3,28.39,85.17,completed,netbanking
ORD_0001141,CUST_00490,2023-08-18,Home & Kitchen,2,112.37,224.74,completed,netbanking
ORD_0001142,CUST_01203,2023-12-09,Apparel,1,203.4,203.4,returned,card
ORD_0001143,CUST_00185,2024-01-12,Books,5,232.81,1164.05,completed,card
ORD_0001144,CUST_01115,2024-06-19,Apparel,5,488.03,2440.15,completed,upi
ORD_0001145,CUST_01009,2023-09-08,Home & Kitchen,2,208.44,416.88,cancelled,card
ORD_0001146,CUST_01808,2024-04-26,Electronics,1,364.44,364.44,returned,wallet
ORD_0001147,CUST_01554,2023-11-28,Sports,4,56.69,226.76,returned,card
ORD_0001148,CUST_00022,2023-09-08,Electronics,2,411.96,823.92,completed,netbanking
ORD_0001149,CUST_01595,2023-12-09,Sports,1,279.36,279.36,completed,card
ORD_0001150,CUST_00501,2024-03-21,Beauty,3,241.4,724.2,completed,netbanking
ORD_0001151,CUST_01686,2024-05-24,Books,1,480.57,480.57,returned,upi
ORD_0001152,CUST_00803,2024-01-28,Apparel,5,398.11,1990.55,returned,card
ORD_0001153,CUST_00638,2024-05-21,Sports,1,406.16,406.16,completed,netbanking
ORD_0001154,CUST_00223,2024-06-12,Books,3,120.65,361.95,completed,netbanking
ORD_0001155,CUST_01717,2023-03-31,Books,5,78.24,391.2,completed,upi
ORD_0001156,CUST_01929,2023-10-27,Apparel,5,304.95,1524.75,completed,wallet
ORD_0001157,CUST_00564,2024-01-13,Electronics,3,214.94,644.82,completed,card
ORD_0001158,CUST_01425,2024-05-17,Books,2,264.63,529.26,cancelled,card
ORD_0001159,CUST_01699,2024-01-15,Home & Kitchen,1,391.22,391.22,completed,wallet
ORD_0001160,CUST_00878,2024-06-18,Electronics,1,264.47,264.47,completed,upi
ORD_0001161,CUST_00874,2023-02-02,Electronics,1,472.48,472.48,completed,upi
ORD_0001162,CUST_00740,2024-05-28,Electronics,4,443.41,1773.64,returned,card
ORD_0001163,CUST_00792,2023-10-15,Beauty,4,45.6,182.4,completed,upi
ORD_0001164,CUST_01573,2023-10-04,Home & Kitchen,3,449.76,1349.28,completed,wallet
ORD_0001165,CUST_01043,2023-09-20,Books,4,290.29,1161.16,completed,wallet
ORD_0001166,CUST_00870,2024-06-24,Apparel,5,325.62,1628.1,completed,netbanking
ORD_0001167,CUST_00595,2023-02-26,Sports,1,128.62,128.62,completed,wallet
ORD_0001168,CUST_01598,2023-10-12,Books,3,156.23,468.69,returned,upi
ORD_0001169,CUST_00835,2023-11-08,Home & Kitchen,2,124.53,249.06,completed,card
ORD_0001170,CUST_00110,2023-05-22,Beauty,3,231.24,693.72,completed,card
ORD_0001171,CUST_01040,2024-06-29,Electronics,5,294.6,1473.0,returned,netbanking
ORD_0001172,CUST_01176,2023-09-19,Books,1,360.17,360.17,cancelled,upi
ORD_0001173,CUST_00826,2024-05-09,Beauty,5,315.64,1578.2,completed,wallet
ORD_0001174,CUST_01781,2024-04-22,Sports,5,324.45,1622.25,completed,wallet
ORD_0001175,CUST_00184,2024-03-21,Home & Kitchen,3,81.13,243.39,completed,upi
ORD_0001176,CUST_00301,2024-02-19,Electronics,5,60.43,302.15,completed,netbanking
ORD_0001177,CUST_01167,2023-10-24,Electronics,2,446.35,892.7,completed,upi
ORD_0001178,CUST_00603,2023-08-01,Sports,4,208.05,832.2,cancelled,card
ORD_0001179,CUST_00836,2023-04-29,Books,5,241.75,1208.75,completed,wallet
ORD_0001180,CUST_01565,2024-06-29,Apparel,1,324.54,324.54,completed,netbanking
ORD_0001181,CUST_01151,2024-05-31,Apparel,2,264.79,529.58,completed,netbanking
ORD_0001182,CUST_01332,2024-03-04,Sports,5,77.87,389.35,completed,netbanking
ORD_0001183,CUST_01696,2024-03-20,Beauty,3,480.4,1441.2,completed,upi
ORD_0001184,CUST_01848,2024-06-26,Home & Kitchen,5,308.89,1544.45,completed,upi
ORD_0001185,CUST_00832,2024-06-15,Apparel,3,276.8,830.4,completed,netbanking
ORD_0001186,CUST_00192,2024-06-19,Home & Kitchen,4,290.72,1162.88,completed,card
ORD_0001187,CUST_01892,2024-06-23,Books,2,17.31,34.62,returned,card
ORD_0001188,CUST_01377,2023-06-09,Home & Kitchen,2,405.53,811.06,completed,card
ORD_0001189,CUST_00516,2023-07-31,Apparel,3,205.34,616.02,completed,netbanking
ORD_0001190,CUST_01741,2024-06-12,Electronics,3,316.75,950.25,returned,upi
ORD_0001191,CUST_00980,2024-03-08,Sports,1,13.18,13.18,completed,wallet
ORD_0001192,CUST_01859,2023-12-25,Electronics,1,499.23,499.23,returned,wallet
ORD_0001193,CUST_01032,2024-03-11,Apparel,1,49.78,49.78,returned,netbanking
ORD_0001194,CUST_01687,2023-12-06,Books,1,473.21,473.21,completed,netbanking
ORD_0001195,CUST_00165,2023-08-18,Beauty,5,45.84,229.2,completed,wallet
ORD_0001196,CUST_00836,2023-08-27,Sports,5,105.98,529.9,cancelled,wallet
ORD_0001197,CUST_01285,2024-04-19,Apparel,1,367.68,367.68,completed,netbanking
ORD_0001198,CUST_00035,2024-06-03,Home & Kitchen,4,226.91,907.64,completed,card
ORD_0001199,CUST_01463,2024-03-15,Books,2,365.74,731.48,completed,upi
ORD_0001200,CUST_00706,2023-06-21,Beauty,5,401.34,2006.7,returned,wallet
ORD_0001201,CUST_01890,2024-05-31,Sports,1,491.16,491.16,completed,card
ORD_0001202,CUST_01576,2023-10-06,Sports,1,204.66,204.66,completed,netbanking
ORD_0001203,CUST_00138,2024-04-23,Apparel,2,109.3,218.6,completed,upi
ORD_0001204,CUST_01955,2024-06-11,Apparel,3,360.3,1080.9,completed,wallet
ORD_0001205,CUST_00223,2024-06-08,Books,5,464.3,2321.5,completed,upi
ORD_0001206,CUST_01389,2024-06-07,Electronics,1,305.42,305.42,completed,upi
ORD_0001207,CUST_01537,2024-04-24,Beauty,2,414.32,828.64,completed,wallet
ORD_0001208,CUST_01016,2024-03-09,Books,5,488.44,2442.2,completed,upi
ORD_0001209,CUST_00917,2023-10-23,Home & Kitchen,5,155.39,776.95,completed,upi
ORD_0001210,CUST_01771,2024-06-24,Books,3,33.4,100.2,completed,card
ORD_0001211,CUST_01993,2024-06-18,Home & Kitchen,1,221.26,221.26,cancelled,upi
ORD_0001212,CUST_00926,2023-09-09,Books,3,417.67,1253.01,completed,card
ORD_0001213,CUST_01900,2024-01-22,Books,4,373.04,1492.16,completed,upi
ORD_0001214,CUST_01875,2023-06-28,Apparel,1,16.86,16.86,completed,wallet
ORD_0001215,CUST_01832,2024-06-29,Apparel,2,60.14,120.28,completed,wallet
ORD_0001216,CUST_00352,2024-04-26,Books,5,176.66,883.3,completed,wallet
ORD_0001217,CUST_00479,2024-06-02,Apparel,4,434.62,1738.48,returned,upi
ORD_0001218,CUST_01796,2024-03-28,Beauty,5,96.83,484.15,cancelled,wallet
ORD_0001219,CUST_00060,2023-11-30,Books,2,290.48,580.96,cancelled,card
ORD_0001220,CUST_01010,2024-06-18,Books,5,362.39,1811.95,completed,card
ORD_0001221,CUST_00929,2024-05-22,Books,1,207.29,207.29,completed,wallet
ORD_0001222,CUST_01062,2023-08-20,Electronics,1,188.88,188.88,completed,upi
ORD_0001223,CUST_00173,2024-06-25,Beauty,2,98.41,196.82,completed,upi
ORD_0001224,CUST_00177,2024-03-21,Home & Kitchen,3,17.26,51.78,completed,wallet
ORD_0001225,CUST_01920,2023-07-26,Apparel,3,208.41,625.23,completed,upi
ORD_0001226,CUST_00149,2023-09-14,Books,3,288.24,864.72,completed,card
ORD_0001227,CUST_01142,2024-05-01,Home & Kitchen,5,388.55,1942.75,completed,netbanking
ORD_0001228,CUST_01605,2024-03-28,Apparel,1,477.0,477.0,returned,card
ORD_0001229,CUST_01743,2024-02-25,Beauty,1,476.18,476.18,completed,wallet
ORD_0001230,CUST_01997,2024-06-29,Home & Kitchen,3,258.6,775.8,completed,netbanking
ORD_0001231,CUST_01808,2024-06-04,Sports,3,424.6,1273.8,completed,card
ORD_0001232,CUST_01326,2024-05-20,Beauty,3,179.91,539.73,completed,wallet
ORD_0001233,CUST_01972,2023-05-03,Apparel,4,54.91,219.64,completed,wallet
ORD_0001234,CUST_00917,2024-02-23,Beauty,4,106.02,424.08,completed,wallet
ORD_0001235,CUST_00563,2024-03-13,Electronics,1,482.12,482.12,completed,wallet
ORD_0001236,CUST_01014,2024-05-21,Sports,5,251.3,1256.5,completed,wallet
ORD_0001237,CUST_01036,2024-01-06,Apparel,2,420.14,840.28,completed,upi
ORD_0001238,CUST_01012,2024-06-26,Sports,1,397.35,397.35,completed,card
ORD_0001239,CUST_00817,2024-06-29,Apparel,2,344.34,688.68,completed,netbanking
ORD_0001240,CUST_01809,2024-01-16,Books,3,380.22,1140.66,completed,netbanking
ORD_0001241,CUST_01405,2024-06-17,Beauty,5,28.76,143.8,completed,netbanking
ORD_0001242,CUST_01843,2024-05-27,Home & Kitchen,2,391.4,782.8,returned,netbanking
ORD_0001243,CUST_00515,2024-01-21,Sports,5,202.64,1013.2,completed,upi
ORD_0001244,CUST_00723,2024-05-24,Apparel,3,100.98,302.94,completed,upi
ORD_0001245,CUST_01400,2024-05-16,Books,5,424.89,2124.45,returned,upi
ORD_0001246,CUST_01775,2024-06-12,Sports,5,480.62,2403.1,cancelled,netbanking
ORD_0001247,CUST_00830,2023-11-26,Beauty,3,49.0,147.0,returned,upi
ORD_0001248,CUST_01092,2024-06-29,Books,3,363.98,1091.94,completed,netbanking
ORD_0001249,CUST_00797,2023-09-28,Sports,5,94.2,471.0,completed,upi
ORD_0001250,CUST_00704,2024-04-27,Home & Kitchen,5,393.01,1965.05,completed,card
ORD_0001251,CUST_01147,2024-06-26,Electronics,4,190.91,763.64,cancelled,wallet
ORD_0001252,CUST_01063,2023-10-11,Sports,4,475.28,1901.12,completed,netbanking
ORD_0001253,CUST_01549,2024-06-27,Apparel,3,414.17,1242.51,completed,netbanking
ORD_0001254,CUST_01287,2024-06-13,Sports,1,440.09,440.09,returned,card
ORD_0001255,CUST_01898,2023-07-16,Apparel,4,303.5,1214.0,completed,netbanking
ORD_0001256,CUST_01192,2023-10-27,Electronics,3,398.78,1196.34,returned,upi
ORD_0001257,CUST_00808,2024-06-24,Books,1,169.36,169.36,completed,netbanking
ORD_0001258,CUST_00415,2024-05-29,Home & Kitchen,2,367.17,734.34,completed,upi
ORD_0001259,CUST_01675,2024-02-01,Sports,4,366.63,1466.52,completed,wallet
ORD_0001260,CUST_00917,2024-01-26,Sports,1,17.86,17.86,completed,upi
ORD_0001261,CUST_01428,2024-01-24,Electronics,3,475.68,1427.04,completed,netbanking
ORD_0001262,CUST_00364,2024-06-12,Electronics,4,311.69,1246.76,completed,wallet
ORD_0001263,CUST_01150,2023-11-15,Apparel,5,368.92,1844.6,completed,card
ORD_0001264,CUST_00557,2024-06-25,Sports,2,125.14,250.28,completed,netbanking
ORD_0001265,CUST_00824,2023-07-24,Sports,2,468.23,936.46,returned,wallet
ORD_0001266,CUST_00853,2024-04-15,Sports,3,433.37,1300.11,completed,wallet
ORD_0001267,CUST_01104,2024-05-08,Apparel,3,156.33,468.99,completed,netbanking
ORD_0001268,CUST_01045,2024-01-29,Home & Kitchen,3,275.25,825.75,completed,wallet
ORD_0001269,CUST_01976,2024-03-21,Sports,3,395.92,1187.76,completed,upi
ORD_0001270,CUST_00624,2024-04-05,Books,1,408.07,408.07,cancelled,card
ORD_0001271,CUST_00279,2023-11-20,Home & Kitchen,1,31.0,31.0,completed,upi
ORD_0001272,CUST_01201,2024-06-13,Apparel,1,479.64,479.64,completed,card
ORD_0001273,CUST_01637,2023-10-28,Electronics,3,43.92,131.76,completed,wallet
ORD_0001274,CUST_00070,2024-02-02,Books,2,320.36,640.72,completed,upi
ORD_0001275,CUST_01397,2024-01-16,Sports,3,158.59,475.77,completed,wallet
ORD_0001276,CUST_00791,2024-04-10,Books,5,497.59,2487.95,completed,upi
ORD_0001277,CUST_00867,2024-05-25,Home & Kitchen,4,362.48,1449.92,completed,upi
ORD_0001278,CUST_01530,2023-07-29,Sports,2,189.47,378.94,cancelled,upi
ORD_0001279,CUST_01883,2024-06-09,Electronics,3,112.47,337.41,completed,upi
ORD_0001280,CUST_01450,2024-06-19,Apparel,1,371.14,371.14,returned,upi
ORD_0001281,CUST_00410,2024-06-18,Beauty,2,440.54,881.08,completed,netbanking
ORD_0001282,CUST_01279,2023-07-02,Electronics,1,194.8,194.8,returned,upi
ORD_0001283,CUST_00851,2024-06-17,Beauty,4,88.46,353.84,completed,netbanking
ORD_0001284,CUST_00050,2024-04-25,Books,2,385.79,771.58,completed,card
ORD_0001285,CUST_01363,2024-03-04,Home & Kitchen,2,395.58,791.16,completed,netbanking
ORD_0001286,CUST_00534,2023-12-20,Books,5,317.58,1587.9,completed,upi
ORD_0001287,CUST_01767,2024-06-01,Sports,1,169.45,169.45,completed,wallet
ORD_0001288,CUST_00784,2024-04-29,Electronics,5,128.12,640.6,completed,upi
ORD_0001289,CUST_01472,2024-03-16,Apparel,1,326.25,326.25,completed,upi
ORD_0001290,CUST_00407,2024-04-01,Beauty,2,463.63,927.26,completed,upi
ORD_0001291,CUST_01960,2024-03-28,Apparel,3,99.07,297.21,completed,upi
ORD_0001292,CUST_01518,2023-12-22,Beauty,2,478.11,956.22,completed,netbanking
ORD_0001293,CUST_01347,2024-06-29,Apparel,1,323.77,323.77,completed,upi
ORD_0001294,CUST_00485,2024-01-17,Beauty,3,330.12,990.36,cancelled,upi
ORD_0001295,CUST_00656,2024-04-08,Electronics,3,140.71,422.13,completed,wallet
ORD_0001296,CUST_01510,2024-06-27,Books,4,117.23,468.92,completed,card
ORD_0001297,CUST_01170,2024-06-22,Sports,3,434.05,1302.15,returned,wallet
ORD_0001298,CUST_01252,2024-03-26,Books,1,98.42,98.42,completed,wallet
ORD_0001299,CUST_00006,2023-12-03,Electronics,5,95.41,477.05,completed,netbanking
ORD_0001300,CUST_00505,2024-06-20,Books,4,382.27,1529.08,completed,upi
ORD_0001301,CUST_01005,2024-01-27,Sports,2,293.98,587.96,cancelled,upi
ORD_0001302,CUST_00268,2023-07-19,Electronics,1,408.03,408.03,completed,netbanking
ORD_0001303,CUST_00814,2023-05-12,Electronics,5,102.33,511.65,returned,netbanking
ORD_0001304,CUST_01559,2024-06-14,Beauty,4,307.21,1228.84,returned,wallet
ORD_0001305,CUST_00716,2024-05-27,Beauty,2,349.72,699.44,completed,netbanking
ORD_0001306,CUST_01367,2024-06-20,Beauty,3,100.47,301.41,completed,card
ORD_0001307,CUST_01636,2024-06-27,Home & Kitchen,1,108.97,108.97,cancelled,upi
ORD_0001308,CUST_01890,2024-05-31,Sports,1,409.18,409.18,completed,wallet
ORD_0001309,CUST_00137,2024-04-30,Beauty,2,477.5,955.0,completed,card
ORD_0001310,CUST_00047,2024-01-20,Beauty,5,92.06,460.3,cancelled,netbanking
ORD_0001311,CUST_01360,2023-06-03,Books,1,158.36,158.36,completed,upi
ORD_0001312,CUST_00117,2024-06-23,Sports,2,456.7,913.4,completed,wallet
ORD_0001313,CUST_00170,2023-10-19,Sports,5,254.92,1274.6,cancelled,upi
ORD_0001314,CUST_00815,2024-01-13,Electronics,2,368.55,737.1,completed,card
ORD_0001315,CUST_01776,2024-05-21,Beauty,4,238.6,954.4,completed,card
ORD_0001316,CUST_01241,2024-06-05,Books,1,66.8,66.8,completed,upi
ORD_0001317,CUST_01871,2023-12-30,Beauty,1,69.26,69.26,completed,upi
ORD_0001318,CUST_01481,2024-02-25,Apparel,5,382.37,1911.85,completed,upi
ORD_0001319,CUST_00076,2023-11-04,Books,5,104.29,521.45,completed,card
ORD_0001320,CUST_01353,2023-11-26,Beauty,4,328.8,1315.2,returned,card
ORD_0001321,CUST_00307,2024-05-15,Home & Kitchen,2,59.21,118.42,completed,wallet
ORD_0001322,CUST_01281,2024-06-27,Electronics,2,461.74,923.48,completed,netbanking
ORD_0001323,CUST_00276,2023-11-06,Apparel,5,150.48,752.4,completed,upi
ORD_0001324,CUST_01435,2024-05-02,Electronics,3,363.56,1090.68,returned,card
ORD_0001325,CUST_01650,2023-08-04,Apparel,5,302.13,1510.65,completed,wallet
ORD_0001326,CUST_01687,2023-12-03,Books,1,122.13,122.13,completed,netbanking
ORD_0001327,CUST_00391,2024-03-27,Sports,3,279.34,838.02,completed,netbanking
ORD_0001328,CUST_01562,2024-01-07,Home & Kitchen,2,424.7,849.4,cancelled,upi
ORD_0001329,CUST_00053,2023-10-12,Books,4,465.78,1863.12,completed,upi
ORD_0001330,CUST_00982,2023-08-08,Electronics,5,252.47,1262.35,completed,card
ORD_0001331,CUST_00908,2024-05-03,Sports,4,218.83,875.32,completed,upi
ORD_0001332,CUST_00267,2024-04-17,Electronics,3,270.2,810.6,completed,netbanking
ORD_0001333,CUST_01952,2024-02-21,Beauty,1,118.69,118.69,returned,card
ORD_0001334,CUST_00512,2024-06-26,Home & Kitchen,1,18.25,18.25,returned,wallet
ORD_0001335,CUST_01960,2024-06-27,Beauty,5,457.95,2289.75,completed,wallet
ORD_0001336,CUST_01829,2024-04-13,Books,5,41.78,208.9,completed,netbanking
ORD_0001337,CUST_00762,2024-01-02,Apparel,4,423.31,1693.24,completed,card
ORD_0001338,CUST_00281,2024-06-14,Electronics,4,222.74,890.96,completed,card
ORD_0001339,CUST_01576,2023-06-16,Apparel,5,70.08,350.4,completed,wallet
ORD_0001340,CUST_01135,2024-02-15,Home & Kitchen,1,230.16,230.16,completed,card
ORD_0001341,CUST_01002,2023-08-22,Sports,4,262.97,1051.88,completed,card
ORD_0001342,CUST_01664,2024-01-27,Sports,4,62.62,250.48,completed,card
ORD_0001343,CUST_01996,2024-01-21,Apparel,1,237.08,237.08,completed,wallet
ORD_0001344,CUST_00928,2024-01-14,Beauty,2,36.39,72.78,completed,card
ORD_0001345,CUST_01985,2023-12-16,Sports,3,186.94,560.82,cancelled,wallet
ORD_0001346,CUST_00615,2023-10-17,Beauty,4,95.73,382.92,completed,card
ORD_0001347,CUST_01158,2024-02-10,Sports,2,180.97,361.94,completed,wallet
ORD_0001348,CUST_00873,2024-05-12,Electronics,5,134.33,671.65,completed,card
ORD_0001349,CUST_00684,2024-05-24,Apparel,2,307.4,614.8,returned,wallet
ORD_0001350,CUST_01889,2024-01-24,Books,4,445.91,1783.64,returned,card
ORD_0001351,CUST_00724,2024-04-05,Apparel,5,127.86,639.3,completed,wallet
ORD_0001352,CUST_00039,2024-04-05,Books,1,490.1,490.1,completed,card
ORD_0001353,CUST_00637,2023-10-14,Electronics,5,22.21,111.05,completed,card
ORD_0001354,CUST_00916,2024-06-15,Electronics,4,336.59,1346.36,returned,card
ORD_0001355,CUST_00041,2024-06-15,Sports,5,125.61,628.05,completed,netbanking
ORD_0001356,CUST_01176,2023-07-12,Beauty,3,132.14,396.42,completed,upi
ORD_0001357,CUST_00087,2024-03-22,Electronics,5,308.33,1541.65,returned,netbanking
ORD_0001358,CUST_01325,2024-06-26,Books,5,412.63,2063.15,completed,wallet
ORD_0001359,CUST_01309,2024-03-30,Sports,1,107.34,107.34,completed,card
ORD_0001360,CUST_01667,2024-02-10,Beauty,4,305.45,1221.8,completed,wallet
ORD_0001361,CUST_01860,2024-04-03,Books,1,82.73,82.73,completed,card
ORD_0001362,CUST_00994,2024-06-11,Apparel,5,140.42,702.1,returned,netbanking
ORD_0001363,CUST_00895,2023-12-06,Sports,2,371.1,742.2,completed,netbanking
ORD_0001364,CUST_01194,2023-08-17,Electronics,5,228.56,1142.8,completed,netbanking
ORD_0001365,CUST_00339,2024-04-16,Books,2,22.88,45.76,completed,wallet
ORD_0001366,CUST_01679,2024-03-21,Books,2,61.78,123.56,completed,upi
ORD_0001367,CUST_01354,2023-06-01,Sports,3,56.58,169.74,cancelled,card
ORD_0001368,CUST_00482,2023-12-23,Sports,5,290.06,1450.3,completed,wallet
ORD_0001369,CUST_01845,2024-04-19,Books,1,50.91,50.91,cancelled,netbanking
ORD_0001370,CUST_01901,2024-03-22,Electronics,5,24.95,124.75,cancelled,wallet
ORD_0001371,CUST_01832,2024-06-22,Apparel,3,272.19,816.57,completed,wallet
ORD_0001372,CUST_01940,2024-02-09,Apparel,5,261.43,1307.15,completed,wallet
ORD_0001373,CUST_01992,2024-05-02,Electronics,3,224.45,673.35,completed,card
ORD_0001374,CUST_01663,2023-07-19,Books,3,274.64,823.92,completed,wallet
ORD_0001375,CUST_01366,2024-06-08,Books,2,422.63,845.26,completed,netbanking
ORD_0001376,CUST_01220,2024-06-03,Beauty,1,384.65,384.65,completed,upi
ORD_0001377,CUST_01047,2024-06-07,Apparel,5,142.49,712.45,completed,wallet
ORD_0001378,CUST_01147,2024-06-16,Books,2,237.04,474.08,completed,wallet
ORD_0001379,CUST_01362,2024-05-11,Sports,1,140.89,140.89,completed,card
ORD_0001380,CUST_00530,2023-11-07,Home & Kitchen,5,217.52,1087.6,completed,wallet
ORD_0001381,CUST_01843,2024-05-31,Home & Kitchen,2,96.73,193.46,completed,upi
ORD_0001382,CUST_00683,2024-03-28,Books,4,183.47,733.88,completed,wallet
ORD_0001383,CUST_00373,2024-06-27,Books,1,443.53,443.53,completed,netbanking
ORD_0001384,CUST_01711,2024-06-15,Apparel,4,198.02,792.08,completed,wallet
ORD_0001385,CUST_00053,2023-11-30,Apparel,4,260.72,1042.88,completed,card
ORD_0001386,CUST_00314,2024-06-20,Apparel,1,199.1,199.1,cancelled,netbanking
ORD_0001387,CUST_01188,2024-06-23,Books,2,414.49,828.98,completed,upi
ORD_0001388,CUST_00001,2024-06-28,Apparel,5,480.47,2402.35,completed,wallet
ORD_0001389,CUST_01091,2024-06-26,Books,2,310.89,621.78,completed,netbanking
ORD_0001390,CUST_00810,2024-04-18,Sports,2,495.38,990.76,completed,card
ORD_0001391,CUST_00871,2024-06-23,Electronics,5,418.17,2090.85,completed,upi
ORD_0001392,CUST_01700,2024-02-05,Beauty,5,449.06,2245.3,completed,upi
ORD_0001393,CUST_01681,2024-05-29,Apparel,4,62.89,251.56,completed,wallet
ORD_0001394,CUST_01832,2024-06-16,Apparel,3,101.41,304.23,completed,netbanking
ORD_0001395,CUST_00658,2024-05-23,Home & Kitchen,5,56.24,281.2,completed,card
ORD_0001396,CUST_01864,2023-10-08,Home & Kitchen,3,454.14,1362.42,completed,wallet
ORD_0001397,CUST_00297,2024-05-03,Books,1,311.97,311.97,completed,card
ORD_0001398,CUST_01788,2024-02-05,Sports,3,144.05,432.15,completed,card
ORD_0001399,CUST_00963,2024-05-07,Apparel,1,388.47,388.47,completed,card
ORD_0001400,CUST_01120,2024-06-25,Books,1,434.48,434.48,returned,upi
ORD_0001401,CUST_00199,2024-06-03,Books,1,226.99,226.99,completed,card
ORD_0001402,CUST_01613,2023-10-02,Books,3,315.04,945.12,completed,netbanking
ORD_0001403,CUST_01119,2024-01-22,Sports,5,334.94,1674.7,returned,upi
ORD_0001404,CUST_01432,2024-05-09,Sports,4,351.26,1405.04,completed,wallet
ORD_0001405,CUST_01162,2024-02-04,Sports,1,170.38,170.38,completed,netbanking
ORD_0001406,CUST_01646,2023-05-19,Apparel,1,70.81,70.81,completed,upi
ORD_0001407,CUST_00120,2024-06-01,Books,3,130.72,392.16,returned,card
ORD_0001408,CUST_00720,2023-09-07,Books,1,242.49,242.49,completed,card
ORD_0001409,CUST_00466,2024-05-26,Sports,5,378.82,1894.1,returned,upi
ORD_0001410,CUST_00863,2024-01-17,Beauty,2,211.28,422.56,completed,card
ORD_0001411,CUST_01055,2024-06-21,Sports,3,170.54,511.62,completed,wallet
ORD_0001412,CUST_00016,2023-09-28,Beauty,1,301.11,301.11,completed,upi
ORD_0001413,CUST_00612,2024-06-21,Electronics,5,132.6,663.0,completed,wallet
ORD_0001414,CUST_00769,2024-05-15,Beauty,3,394.89,1184.67,returned,wallet
ORD_0001415,CUST_00884,2024-06-22,Books,4,34.49,137.96,completed,card
ORD_0001416,CUST_01680,2024-02-14,Home & Kitchen,3,217.55,652.65,completed,wallet
ORD_0001417,CUST_00697,2024-04-15,Home & Kitchen,1,289.88,289.88,completed,upi
ORD_0001418,CUST_00394,2024-04-20,Apparel,5,24.15,120.75,completed,netbanking
ORD_0001419,CUST_00529,2024-02-15,Beauty,4,393.8,1575.2,completed,wallet
ORD_0001420,CUST_00690,2023-12-06,Beauty,1,63.11,63.11,completed,netbanking
ORD_0001421,CUST_00469,2023-11-14,Beauty,1,350.44,350.44,completed,upi
ORD_0001422,CUST_00243,2023-08-20,Books,2,154.11,308.22,completed,wallet
ORD_0001423,CUST_01422,2024-06-13,Apparel,4,162.19,648.76,completed,card
ORD_0001424,CUST_00800,2024-01-21,Home & Kitchen,1,48.73,48.73,completed,card
ORD_0001425,CUST_00190,2024-03-14,Home & Kitchen,5,409.48,2047.4,completed,wallet
ORD_0001426,CUST_00123,2024-01-02,Books,5,17.35,86.75,completed,wallet
ORD_0001427,CUST_00986,2024-05-13,Apparel,4,495.89,1983.56,completed,card
ORD_0001428,CUST_00355,2024-05-24,Home & Kitchen,5,442.4,2212.0,completed,card
ORD_0001429,CUST_01907,2024-04-27,Beauty,4,76.1,304.4,completed,netbanking
ORD_0001430,CUST_01747,2024-05-06,Beauty,4,47.3,189.2,completed,upi
ORD_0001431,CUST_00110,2023-08-09,Beauty,5,133.09,665.45,completed,wallet
ORD_0001432,CUST_00701,2023-12-02,Sports,4,179.39,717.56,completed,card
ORD_0001433,CUST_00945,2024-02-12,Home & Kitchen,2,190.55,381.1,cancelled,upi
ORD_0001434,CUST_00635,2024-04-10,Beauty,1,339.15,339.15,completed,netbanking
ORD_0001435,CUST_01800,2024-05-23,Home & Kitchen,3,400.48,1201.44,completed,wallet
ORD_0001436,CUST_00522,2024-05-11,Books,3,149.74,449.22,completed,upi
ORD_0001437,CUST_01782,2023-12-09,Apparel,1,64.58,64.58,completed,wallet
ORD_0001438,CUST_00585,2024-06-13,Beauty,5,311.23,1556.15,completed,wallet
ORD_0001439,CUST_01398,2024-03-26,Books,4,224.8,899.2,completed,upi
ORD_0001440,CUST_01361,2024-03-20,Electronics,2,249.74,499.48,completed,wallet
ORD_0001441,CUST_01404,2024-06-14,Home & Kitchen,1,449.88,449.88,completed,card
ORD_0001442,CUST_01641,2024-01-02,Apparel,5,394.17,1970.85,returned,netbanking
ORD_0001443,CUST_00674,2024-06-07,Sports,2,26.26,52.52,cancelled,upi
ORD_0001444,CUST_00666,2024-05-31,Home & Kitchen,5,416.56,2082.8,completed,upi
ORD_0001445,CUST_00678,2024-06-26,Beauty,3,15.78,47.34,completed,card
ORD_0001446,CUST_01055,2024-03-14,Sports,4,225.86,903.44,completed,card
ORD_0001447,CUST_01726,2024-05-26,Home & Kitchen,3,494.55,1483.65,completed,netbanking
ORD_0001448,CUST_00536,2024-04-27,Sports,4,36.2,144.8,completed,netbanking
ORD_0001449,CUST_01410,2024-01-16,Apparel,4,305.35,1221.4,completed,card
ORD_0001450,CUST_00032,2024-03-12,Sports,3,128.04,384.12,completed,wallet
ORD_0001451,CUST_01967,2024-06-08,Sports,5,333.91,1669.55,completed,wallet
ORD_0001452,CUST_01201,2024-06-27,Beauty,5,390.43,1952.15,completed,netbanking
ORD_0001453,CUST_00645,2024-04-24,Books,5,354.5,1772.5,completed,wallet
ORD_0001454,CUST_01395,2024-06-18,Electronics,3,194.64,583.92,returned,wallet
ORD_0001455,CUST_01456,2023-11-04,Apparel,2,141.21,282.42,returned,upi
ORD_0001456,CUST_01214,2024-02-04,Apparel,2,265.51,531.02,completed,card
ORD_0001457,CUST_00310,2024-05-29,Books,5,254.97,1274.85,returned,upi
ORD_0001458,CUST_01933,2024-06-24,Sports,2,491.86,983.72,returned,card
ORD_0001459,CUST_01458,2024-05-17,Apparel,5,462.81,2314.05,completed,card
ORD_0001460,CUST_01672,2024-04-30,Apparel,1,100.7,100.7,returned,card
ORD_0001461,CUST_00130,2024-03-29,Electronics,4,222.64,890.56,completed,card
ORD_0001462,CUST_01041,2024-06-21,Beauty,5,460.57,2302.85,completed,wallet
ORD_0001463,CUST_00250,2023-04-17,Home & Kitchen,5,50.96,254.8,completed,wallet
ORD_0001464,CUST_01632,2024-01-21,Beauty,3,40.23,120.69,completed,netbanking
ORD_0001465,CUST_01902,2024-05-24,Electronics,2,324.16,648.32,completed,card
ORD_0001466,CUST_01611,2024-05-17,Sports,3,216.35,649.05,completed,upi
ORD_0001467,CUST_00645,2023-12-13,Sports,4,434.5,1738.0,completed,card
ORD_0001468,CUST_00072,2023-07-24,Electronics,2,369.32,738.64,completed,wallet
ORD_0001469,CUST_01876,2024-05-18,Home & Kitchen,1,191.32,191.32,cancelled,wallet
ORD_0001470,CUST_00897,2023-05-26,Beauty,3,19.57,58.71,completed,wallet
ORD_0001471,CUST_01992,2024-02-01,Electronics,4,141.64,566.56,completed,wallet
ORD_0001472,CUST_01877,2024-04-21,Beauty,3,435.07,1305.21,completed,upi
ORD_0001473,CUST_00578,2023-09-01,Electronics,4,275.4,1101.6,completed,netbanking
ORD_0001474,CUST_01582,2024-03-18,Sports,4,30.55,122.2,completed,upi
ORD_0001475,CUST_00881,2024-06-26,Sports,5,109.12,545.6,completed,wallet
ORD_0001476,CUST_00327,2024-05-20,Electronics,5,234.96,1174.8,completed,wallet
ORD_0001477,CUST_01143,2024-05-28,Sports,5,449.87,2249.35,completed,wallet
ORD_0001478,CUST_01601,2024-06-04,Home & Kitchen,1,188.39,188.39,returned,wallet
ORD_0001479,CUST_00370,2023-12-05,Sports,4,423.5,1694.0,completed,wallet
ORD_0001480,CUST_00048,2024-06-03,Electronics,2,71.98,143.96,completed,netbanking
ORD_0001481,CUST_00931,2024-06-20,Apparel,5,283.93,1419.65,completed,netbanking
ORD_0001482,CUST_00162,2023-12-02,Apparel,5,190.58,952.9,cancelled,wallet
ORD_0001483,CUST_00740,2024-05-18,Electronics,5,164.02,820.1,completed,wallet
ORD_0001484,CUST_00596,2023-06-11,Books,2,249.25,498.5,completed,card
ORD_0001485,CUST_00198,2024-04-17,Electronics,5,80.87,404.35,completed,wallet
ORD_0001486,CUST_01926,2023-08-04,Apparel,4,140.46,561.84,completed,wallet
ORD_0001487,CUST_00685,2024-03-31,Electronics,5,46.47,232.35,returned,netbanking
ORD_0001488,CUST_01477,2024-02-22,Electronics,3,458.95,1376.85,returned,netbanking
ORD_0001489,CUST_01395,2024-06-22,Electronics,3,248.18,744.54,completed,upi
ORD_0001490,CUST_00006,2024-05-03,Home & Kitchen,2,71.89,143.78,completed,card
ORD_0001491,CUST_01455,2024-06-29,Electronics,1,469.66,469.66,completed,wallet
ORD_0001492,CUST_00450,2024-04-25,Electronics,3,210.89,632.67,completed,upi
ORD_0001493,CUST_01695,2023-07-17,Books,3,425.32,1275.96,cancelled,upi
ORD_0001494,CUST_01884,2024-06-08,Electronics,3,12.47,37.41,completed,upi
ORD_0001495,CUST_00330,2024-03-15,Apparel,3,361.36,1084.08,completed,wallet
ORD_0001496,CUST_00149,2024-03-27,Home & Kitchen,5,462.85,2314.25,completed,card
ORD_0001497,CUST_00121,2024-03-06,Electronics,5,324.32,1621.6,completed,netbanking
ORD_0001498,CUST_01997,2024-06-28,Books,5,97.21,486.05,returned,card
ORD_0001499,CUST_01672,2024-06-21,Books,1,164.33,164.33,completed,card
ORD_0001500,CUST_01524,2024-05-10,Books,2,474.02,948.04,completed,upi
ORD_0001501,CUST_00409,2024-02-16,Books,1,236.55,236.55,completed,card
ORD_0001502,CUST_00010,2024-04-12,Beauty,3,453.95,1361.85,completed,netbanking
ORD_0001503,CUST_01151,2024-05-29,Apparel,3,352.56,1057.68,returned,upi
ORD_0001504,CUST_01634,2024-06-21,Sports,4,212.46,849.84,completed,wallet
ORD_0001505,CUST_00706,2023-09-16,Books,5,135.96,679.8,completed,wallet
ORD_0001506,CUST_01713,2024-03-07,Sports,5,398.58,1992.9,cancelled,wallet
ORD_0001507,CUST_00415,2024-06-08,Beauty,5,50.48,252.4,completed,card
ORD_0001508,CUST_00529,2024-01-18,Sports,1,85.32,85.32,completed,wallet
ORD_0001509,CUST_00455,2024-06-20,Home & Kitchen,2,43.66,87.32,completed,netbanking
ORD_0001510,CUST_00897,2023-10-14,Apparel,5,384.32,1921.6,completed,upi
ORD_0001511,CUST_00862,2024-06-25,Home & Kitchen,1,208.75,208.75,cancelled,wallet
ORD_0001512,CUST_00080,2024-06-29,Sports,4,104.93,419.72,completed,netbanking
ORD_0001513,CUST_01825,2024-04-01,Sports,5,256.65,1283.25,completed,upi
ORD_0001514,CUST_00652,2023-09-23,Beauty,4,461.35,1845.4,cancelled,netbanking
ORD_0001515,CUST_00832,2024-05-24,Home & Kitchen,5,33.23,166.15,completed,wallet
ORD_0001516,CUST_01899,2024-04-24,Books,1,202.79,202.79,completed,netbanking
ORD_0001517,CUST_00164,2023-12-12,Sports,4,88.12,352.48,completed,card
ORD_0001518,CUST_01217,2024-05-13,Home & Kitchen,5,469.08,2345.4,completed,wallet
ORD_0001519,CUST_01289,2024-06-14,Sports,1,336.37,336.37,completed,upi
ORD_0001520,CUST_00205,2023-04-28,Sports,1,236.71,236.71,cancelled,card
ORD_0001521,CUST_01231,2024-05-16,Home & Kitchen,1,79.73,79.73,completed,wallet
ORD_0001522,CUST_01397,2024-03-12,Apparel,1,346.49,346.49,completed,card
ORD_0001523,CUST_00832,2024-06-21,Apparel,5,191.76,958.8,completed,netbanking
ORD_0001524,CUST_01431,2023-12-05,Electronics,2,499.11,998.22,completed,upi
ORD_0001525,CUST_00897,2023-11-28,Electronics,5,185.09,925.45,completed,wallet
ORD_0001526,CUST_01556,2024-05-24,Electronics,1,48.67,48.67,completed,upi
ORD_0001527,CUST_01857,2023-11-25,Beauty,5,137.21,686.05,returned,netbanking
ORD_0001528,CUST_00066,2024-06-12,Books,3,31.46,94.38,completed,wallet
ORD_0001529,CUST_01443,2024-02-01,Sports,2,237.2,474.4,completed,netbanking
ORD_0001530,CUST_01451,2024-05-14,Apparel,3,325.51,976.53,completed,card
ORD_0001531,CUST_00099,2024-04-19,Beauty,4,151.03,604.12,completed,netbanking
ORD_0001532,CUST_01583,2024-05-13,Sports,1,109.59,109.59,completed,netbanking
ORD_0001533,CUST_00714,2023-10-04,Books,1,440.35,440.35,completed,netbanking
ORD_0001534,CUST_00132,2024-03-28,Sports,5,156.94,784.7,returned,upi
ORD_0001535,CUST_01340,2023-10-08,Apparel,5,312.12,1560.6,cancelled,netbanking
ORD_0001536,CUST_00709,2024-01-20,Home & Kitchen,3,346.14,1038.42,completed,netbanking
ORD_0001537,CUST_00795,2023-12-14,Books,1,39.06,39.06,completed,card
ORD_0001538,CUST_01320,2024-05-18,Sports,4,289.87,1159.48,completed,wallet
ORD_0001539,CUST_01469,2024-06-23,Beauty,4,138.75,555.0,returned,wallet
ORD_0001540,CUST_01026,2024-05-07,Apparel,2,361.15,722.3,completed,netbanking
ORD_0001541,CUST_00629,2024-02-22,Electronics,3,432.32,1296.96,completed,wallet
ORD_0001542,CUST_00939,2024-06-14,Electronics,2,173.74,347.48,completed,netbanking
ORD_0001543,CUST_01697,2023-08-29,Books,1,251.67,251.67,completed,upi
ORD_0001544,CUST_01841,2024-04-22,Books,2,150.07,300.14,completed,upi
ORD_0001545,CUST_01193,2023-03-28,Sports,2,334.12,668.24,completed,upi
ORD_0001546,CUST_00449,2024-05-13,Electronics,2,160.77,321.54,completed,card
ORD_0001547,CUST_01171,2024-01-07,Electronics,4,421.07,1684.28,completed,card
ORD_0001548,CUST_01305,2024-05-16,Books,5,282.33,1411.65,completed,upi
ORD_0001549,CUST_00029,2024-02-28,Books,1,53.3,53.3,completed,upi
ORD_0001550,CUST_01263,2023-04-04,Home & Kitchen,3,449.22,1347.66,cancelled,wallet
ORD_0001551,CUST_00685,2024-05-09,Sports,5,397.07,1985.35,completed,upi
ORD_0001552,CUST_00180,2024-01-13,Books,5,371.09,1855.45,completed,wallet
ORD_0001553,CUST_00096,2023-11-07,Apparel,2,215.34,430.68,completed,upi
ORD_0001554,CUST_00938,2024-02-01,Electronics,3,265.11,795.33,completed,wallet
ORD_0001555,CUST_01823,2023-01-26,Books,5,71.77,358.85,completed,netbanking
ORD_0001556,CUST_01725,2024-04-06,Sports,2,359.7,719.4,completed,upi
ORD_0001557,CUST_00884,2023-10-10,Sports,1,327.04,327.04,completed,upi
ORD_0001558,CUST_00139,2024-05-01,Sports,5,394.97,1974.85,completed,wallet
ORD_0001559,CUST_01481,2023-12-21,Books,3,287.11,861.33,completed,card
ORD_0001560,CUST_01031,2024-06-09,Home & Kitchen,2,272.4,544.8,completed,card
ORD_0001561,CUST_01496,2024-02-04,Beauty,5,377.31,1886.55,cancelled,upi
ORD_0001562,CUST_01442,2024-05-17,Sports,1,197.03,197.03,completed,card
ORD_0001563,CUST_01537,2024-03-23,Beauty,2,244.58,489.16,completed,upi
ORD_0001564,CUST_00138,2024-05-28,Apparel,4,308.23,1232.92,completed,wallet
ORD_0001565,CUST_01842,2023-08-08,Home & Kitchen,5,145.28,726.4,returned,card
ORD_0001566,CUST_01053,2024-02-13,Books,2,363.96,727.92,completed,card
ORD_0001567,CUST_00364,2024-04-26,Apparel,5,154.32,771.6,completed,upi
ORD_0001568,CUST_00278,2024-04-13,Electronics,2,38.98,77.96,completed,wallet
ORD_0001569,CUST_00571,2024-04-14,Sports,2,463.02,926.04,completed,card
ORD_0001570,CUST_00864,2024-06-11,Apparel,5,305.19,1525.95,completed,upi
ORD_0001571,CUST_01507,2024-05-28,Beauty,1,72.5,72.5,completed,card
ORD_0001572,CUST_00568,2024-06-29,Apparel,2,117.31,234.62,completed,wallet
ORD_0001573,CUST_01020,2024-03-26,Electronics,2,350.76,701.52,completed,upi
ORD_0001574,CUST_00085,2024-05-18,Books,2,256.63,513.26,completed,card
ORD_0001575,CUST_00834,2024-04-27,Beauty,4,106.54,426.16,cancelled,card
ORD_0001576,CUST_00706,2023-12-02,Home & Kitchen,4,233.88,935.52,completed,card
ORD_0001577,CUST_01252,2024-01-17,Electronics,2,74.68,149.36,completed,upi
ORD_0001578,CUST_01226,2023-10-19,Beauty,4,344.48,1377.92,cancelled,card
ORD_0001579,CUST_00962,2023-11-12,Electronics,4,433.93,1735.72,returned,upi
ORD_0001580,CUST_01193,2024-03-27,Electronics,2,68.46,136.92,completed,netbanking
ORD_0001581,CUST_00137,2024-06-22,Apparel,4,202.01,808.04,completed,upi
ORD_0001582,CUST_01923,2024-02-16,Sports,4,248.55,994.2,completed,wallet
ORD_0001583,CUST_01142,2024-02-05,Books,4,422.29,1689.16,completed,card
ORD_0001584,CUST_00785,2023-07-28,Electronics,4,465.62,1862.48,completed,wallet
ORD_0001585,CUST_00742,2023-11-24,Home & Kitchen,1,158.56,158.56,completed,netbanking
ORD_0001586,CUST_00616,2024-06-01,Books,4,482.99,1931.96,cancelled,netbanking
ORD_0001587,CUST_01239,2023-08-15,Home & Kitchen,2,288.09,576.18,completed,wallet
ORD_0001588,CUST_00343,2024-04-27,Apparel,2,73.43,146.86,completed,wallet
ORD_0001589,CUST_01807,2023-12-13,Apparel,1,154.79,154.79,completed,wallet
ORD_0001590,CUST_01363,2023-06-30,Sports,3,471.0,1413.0,completed,netbanking
ORD_0001591,CUST_01380,2023-08-25,Sports,1,342.79,342.79,completed,card
ORD_0001592,CUST_01094,2024-06-22,Sports,5,475.67,2378.35,completed,wallet
ORD_0001593,CUST_00303,2024-06-11,Beauty,2,364.92,729.84,completed,wallet
ORD_0001594,CUST_00540,2024-06-21,Apparel,2,284.25,568.5,returned,netbanking
ORD_0001595,CUST_01940,2024-03-21,Beauty,2,445.58,891.16,completed,upi
ORD_0001596,CUST_00461,2023-09-12,Electronics,3,475.12,1425.36,returned,upi
ORD_0001597,CUST_00159,2024-03-28,Sports,3,425.68,1277.04,completed,card
ORD_0001598,CUST_00766,2024-06-28,Books,3,191.19,573.57,completed,wallet
ORD_0001599,CUST_01877,2024-03-12,Books,4,172.09,688.36,completed,netbanking
ORD_0001600,CUST_01479,2024-06-10,Home & Kitchen,3,474.01,1422.03,cancelled,wallet
ORD_0001601,CUST_00760,2024-02-01,Home & Kitchen,4,495.64,1982.56,completed,wallet
ORD_0001602,CUST_01971,2023-03-17,Home & Kitchen,4,112.21,448.84,completed,upi
ORD_0001603,CUST_00703,2024-05-07,Beauty,3,20.83,62.49,returned,netbanking
ORD_0001604,CUST_01896,2024-06-20,Home & Kitchen,3,258.93,776.79,completed,wallet
ORD_0001605,CUST_01221,2023-11-14,Home & Kitchen,3,395.39,1186.17,completed,wallet
ORD_0001606,CUST_00619,2024-05-17,Apparel,4,99.03,396.12,completed,netbanking
ORD_0001607,CUST_00280,2023-09-30,Sports,3,390.68,1172.04,cancelled,netbanking
ORD_0001608,CUST_00372,2024-05-16,Home & Kitchen,1,467.22,467.22,completed,netbanking
ORD_0001609,CUST_01333,2024-02-29,Apparel,5,105.74,528.7,cancelled,card
ORD_0001610,CUST_00617,2024-06-22,Apparel,3,444.19,1332.57,completed,card
ORD_0001611,CUST_00928,2024-04-14,Books,4,117.8,471.2,completed,card
ORD_0001612,CUST_00062,2024-04-15,Sports,1,252.87,252.87,returned,upi
ORD_0001613,CUST_00291,2023-12-20,Sports,1,190.49,190.49,completed,netbanking
ORD_0001614,CUST_00652,2023-07-30,Beauty,2,187.74,375.48,completed,upi
ORD_0001615,CUST_00887,2024-06-23,Home & Kitchen,5,400.77,2003.85,completed,wallet
ORD_0001616,CUST_00100,2024-05-14,Apparel,4,105.05,420.2,returned,card
ORD_0001617,CUST_01417,2024-06-01,Beauty,4,400.34,1601.36,returned,upi
ORD_0001618,CUST_01854,2024-04-12,Sports,4,231.94,927.76,completed,netbanking
ORD_0001619,CUST_00833,2023-07-11,Electronics,2,239.32,478.64,completed,card
ORD_0001620,CUST_01323,2023-04-04,Books,3,409.48,1228.44,cancelled,card
ORD_0001621,CUST_00051,2023-10-14,Beauty,3,328.04,984.12,cancelled,card
ORD_0001622,CUST_00052,2024-06-25,Apparel,4,429.59,1718.36,completed,card
ORD_0001623,CUST_00634,2023-06-03,Apparel,3,236.92,710.76,completed,card
ORD_0001624,CUST_01238,2024-05-05,Beauty,2,484.14,968.28,completed,upi
ORD_0001625,CUST_01563,2024-06-04,Beauty,5,404.99,2024.95,completed,upi
ORD_0001626,CUST_01861,2023-04-27,Books,2,69.59,139.18,completed,netbanking
ORD_0001627,CUST_01453,2024-05-16,Apparel,5,390.02,1950.1,returned,card
ORD_0001628,CUST_01231,2024-04-30,Beauty,2,292.04,584.08,returned,upi
ORD_0001629,CUST_00705,2023-04-25,Home & Kitchen,3,483.51,1450.53,returned,upi
ORD_0001630,CUST_01863,2023-10-07,Beauty,2,92.79,185.58,completed,wallet
ORD_0001631,CUST_00465,2024-03-16,Sports,5,103.14,515.7,completed,upi
ORD_0001632,CUST_00003,2024-03-14,Beauty,3,427.89,1283.67,completed,upi
ORD_0001633,CUST_01602,2024-03-22,Books,2,73.3,146.6,completed,netbanking
ORD_0001634,CUST_01991,2024-05-23,Electronics,4,204.57,818.28,completed,wallet
ORD_0001635,CUST_00094,2024-06-15,Books,2,200.64,401.28,completed,card
ORD_0001636,CUST_01566,2024-05-30,Apparel,2,416.57,833.14,completed,card
ORD_0001637,CUST_00029,2024-05-04,Electronics,1,86.42,86.42,completed,upi
ORD_0001638,CUST_01829,2024-02-25,Books,1,482.18,482.18,completed,wallet
ORD_0001639,CUST_01891,2024-03-21,Books,5,431.16,2155.8,completed,netbanking
ORD_0001640,CUST_00907,2023-08-06,Apparel,2,81.11,162.22,cancelled,upi
ORD_0001641,CUST_00291,2024-01-05,Electronics,5,18.26,91.3,completed,netbanking
ORD_0001642,CUST_00520,2023-08-26,Beauty,3,284.49,853.47,returned,upi
ORD_0001643,CUST_01470,2024-04-20,Home & Kitchen,2,97.52,195.04,completed,wallet
ORD_0001644,CUST_00375,2024-05-10,Electronics,2,192.07,384.14,returned,upi
ORD_0001645,CUST_01707,2024-06-28,Apparel,4,433.59,1734.36,completed,card
ORD_0001646,CUST_01089,2023-02-27,Books,3,204.43,613.29,completed,upi
ORD_0001647,CUST_00013,2024-04-08,Sports,3,122.26,366.78,cancelled,card
ORD_0001648,CUST_01338,2024-06-05,Beauty,3,82.75,248.25,completed,wallet
ORD_0001649,CUST_00358,2024-05-21,Home & Kitchen,1,259.26,259.26,completed,upi
ORD_0001650,CUST_01170,2024-06-28,Books,4,331.85,1327.4,completed,netbanking
ORD_0001651,CUST_01620,2024-03-21,Home & Kitchen,1,187.14,187.14,completed,upi
ORD_0001652,CUST_01919,2023-06-16,Beauty,3,52.36,157.08,completed,card
ORD_0001653,CUST_01160,2024-06-23,Home & Kitchen,3,171.66,514.98,completed,card
ORD_0001654,CUST_01181,2024-06-09,Sports,5,492.53,2462.65,completed,wallet
ORD_0001655,CUST_00733,2024-04-06,Electronics,1,243.8,243.8,returned,card
ORD_0001656,CUST_00520,2023-09-01,Beauty,4,488.42,1953.68,completed,wallet
ORD_0001657,CUST_00197,2023-08-22,Electronics,1,83.33,83.33,cancelled,upi
ORD_0001658,CUST_01540,2024-02-08,Sports,5,207.72,1038.6,completed,wallet
ORD_0001659,CUST_00832,2024-05-19,Books,5,477.89,2389.45,completed,upi
ORD_0001660,CUST_00874,2024-02-05,Sports,4,123.34,493.36,cancelled,upi
ORD_0001661,CUST_00271,2024-06-15,Electronics,4,340.72,1362.88,completed,netbanking
ORD_0001662,CUST_01425,2024-06-21,Apparel,5,215.96,1079.8,returned,upi
ORD_0001663,CUST_01927,2024-01-05,Electronics,2,66.48,132.96,completed,wallet
ORD_0001664,CUST_00674,2024-04-28,Sports,2,25.12,50.24,completed,netbanking
ORD_0001665,CUST_00373,2024-06-27,Apparel,1,80.91,80.91,completed,card
ORD_0001666,CUST_00721,2023-04-12,Books,3,248.27,744.81,completed,netbanking
ORD_0001667,CUST_01154,2024-05-26,Home & Kitchen,4,401.77,1607.08,completed,card
ORD_0001668,CUST_00003,2024-01-17,Books,4,484.39,1937.56,completed,netbanking
ORD_0001669,CUST_01116,2024-06-11,Sports,4,206.44,825.76,completed,wallet
ORD_0001670,CUST_01892,2024-05-29,Apparel,1,215.69,215.69,completed,netbanking
ORD_0001671,CUST_00874,2023-02-15,Electronics,3,430.36,1291.08,completed,upi
ORD_0001672,CUST_00723,2024-01-30,Electronics,2,240.42,480.84,completed,wallet
ORD_0001673,CUST_01997,2024-06-28,Apparel,5,219.04,1095.2,cancelled,wallet
ORD_0001674,CUST_00162,2024-01-11,Apparel,5,328.53,1642.65,completed,wallet
ORD_0001675,CUST_00457,2024-05-08,Home & Kitchen,2,34.27,68.54,completed,card
ORD_0001676,CUST_00368,2024-05-22,Sports,3,63.95,191.85,completed,wallet
ORD_0001677,CUST_01382,2024-02-17,Electronics,4,156.85,627.4,returned,netbanking
ORD_0001678,CUST_01877,2024-06-19,Sports,5,426.46,2132.3,completed,wallet
ORD_0001679,CUST_00715,2024-05-13,Apparel,4,332.14,1328.56,completed,netbanking
ORD_0001680,CUST_01544,2024-01-28,Home & Kitchen,3,375.2,1125.6,completed,card
ORD_0001681,CUST_01622,2024-05-13,Sports,5,69.43,347.15,cancelled,upi
ORD_0001682,CUST_01543,2024-03-11,Books,3,145.13,435.39,completed,netbanking
ORD_0001683,CUST_01797,2023-12-29,Beauty,3,18.41,55.23,returned,upi
ORD_0001684,CUST_00300,2024-03-13,Sports,1,300.72,300.72,completed,wallet
ORD_0001685,CUST_01482,2024-02-05,Sports,5,337.8,1689.0,completed,netbanking
ORD_0001686,CUST_00205,2023-09-04,Electronics,2,60.76,121.52,cancelled,wallet
ORD_0001687,CUST_00265,2023-05-22,Books,2,66.41,132.82,completed,wallet
ORD_0001688,CUST_00670,2024-02-28,Home & Kitchen,5,180.39,901.95,completed,wallet
ORD_0001689,CUST_00759,2024-03-22,Apparel,4,402.16,1608.64,returned,upi
ORD_0001690,CUST_00077,2024-02-14,Home & Kitchen,1,31.02,31.02,completed,netbanking
ORD_0001691,CUST_00782,2024-02-18,Apparel,2,364.52,729.04,completed,card
ORD_0001692,CUST_00290,2023-12-25,Electronics,1,76.81,76.81,completed,wallet
ORD_0001693,CUST_00683,2024-05-20,Sports,4,433.51,1734.04,completed,wallet
ORD_0001694,CUST_00390,2024-06-24,Beauty,5,175.31,876.55,returned,card
ORD_0001695,CUST_01138,2024-01-04,Sports,1,462.11,462.11,completed,card
ORD_0001696,CUST_00535,2024-04-28,Apparel,3,280.74,842.22,completed,netbanking
ORD_0001697,CUST_00813,2023-12-05,Apparel,2,51.46,102.92,cancelled,netbanking
ORD_0001698,CUST_00099,2024-05-08,Apparel,3,446.21,1338.63,returned,upi
ORD_0001699,CUST_01911,2024-01-10,Apparel,1,430.4,430.4,completed,netbanking
ORD_0001700,CUST_00376,2023-09-29,Electronics,4,111.87,447.48,completed,upi
ORD_0001701,CUST_01359,2024-06-23,Beauty,5,213.68,1068.4,completed,wallet
ORD_0001702,CUST_01601,2024-04-07,Beauty,1,26.0,26.0,completed,upi
ORD_0001703,CUST_01166,2023-12-10,Electronics,4,379.09,1516.36,completed,card
ORD_0001704,CUST_01325,2024-05-24,Home & Kitchen,4,224.69,898.76,completed,netbanking
ORD_0001705,CUST_00386,2024-03-20,Home & Kitchen,3,111.83,335.49,completed,upi
ORD_0001706,CUST_01099,2024-04-10,Sports,1,90.04,90.04,completed,netbanking
ORD_0001707,CUST_00865,2024-04-21,Home & Kitchen,3,98.77,296.31,completed,upi
ORD_0001708,CUST_00408,2023-07-11,Apparel,2,264.94,529.88,completed,upi
ORD_0001709,CUST_00020,2023-08-02,Books,1,75.87,75.87,completed,card
ORD_0001710,CUST_00442,2024-04-25,Apparel,1,122.55,122.55,completed,wallet
ORD_0001711,CUST_00960,2024-04-26,Electronics,1,369.68,369.68,completed,wallet
ORD_0001712,CUST_01605,2024-02-22,Electronics,3,467.07,1401.21,completed,wallet
ORD_0001713,CUST_00291,2024-05-07,Home & Kitchen,5,308.87,1544.35,completed,card
ORD_0001714,CUST_00356,2024-03-12,Electronics,3,113.19,339.57,cancelled,upi
ORD_0001715,CUST_01865,2023-11-13,Home & Kitchen,5,282.49,1412.45,returned,upi
ORD_0001716,CUST_00482,2023-08-13,Apparel,2,142.71,285.42,completed,netbanking
ORD_0001717,CUST_00939,2024-05-30,Electronics,5,406.64,2033.2,completed,upi
ORD_0001718,CUST_01962,2024-04-12,Home & Kitchen,2,153.4,306.8,completed,wallet
ORD_0001719,CUST_01877,2024-03-08,Electronics,5,236.65,1183.25,returned,wallet
ORD_0001720,CUST_01316,2024-06-04,Home & Kitchen,4,167.34,669.36,completed,upi
ORD_0001721,CUST_01896,2024-02-03,Beauty,1,199.29,199.29,completed,wallet
ORD_0001722,CUST_00316,2024-05-19,Electronics,2,176.33,352.66,completed,netbanking
ORD_0001723,CUST_01227,2023-08-21,Home & Kitchen,5,393.14,1965.7,completed,netbanking
ORD_0001724,CUST_01460,2023-10-13,Apparel,5,365.1,1825.5,cancelled,wallet
ORD_0001725,CUST_00511,2024-06-16,Electronics,2,231.16,462.32,completed,card
ORD_0001726,CUST_00267,2024-04-09,Electronics,1,489.86,489.86,completed,card
ORD_0001727,CUST_00483,2024-04-10,Beauty,5,213.8,1069.0,completed,card
ORD_0001728,CUST_00931,2024-05-05,Electronics,4,152.75,611.0,completed,upi
ORD_0001729,CUST_01226,2023-11-12,Sports,3,60.74,182.22,completed,netbanking
ORD_0001730,CUST_00365,2024-06-04,Electronics,3,370.25,1110.75,completed,upi
ORD_0001731,CUST_00360,2023-09-26,Beauty,4,473.21,1892.84,completed,upi
ORD_0001732,CUST_01142,2024-03-09,Home & Kitchen,2,90.13,180.26,returned,upi
ORD_0001733,CUST_00296,2024-05-12,Beauty,4,96.3,385.2,completed,netbanking
ORD_0001734,CUST_01211,2024-05-10,Apparel,4,426.49,1705.96,returned,card
ORD_0001735,CUST_01418,2024-05-24,Home & Kitchen,2,109.14,218.28,completed,wallet
ORD_0001736,CUST_01797,2024-06-10,Sports,1,159.31,159.31,completed,netbanking
ORD_0001737,CUST_00025,2024-04-26,Apparel,4,20.19,80.76,completed,netbanking
ORD_0001738,CUST_01258,2024-06-29,Beauty,4,385.31,1541.24,completed,netbanking
ORD_0001739,CUST_00389,2024-05-25,Beauty,4,136.11,544.44,returned,wallet
ORD_0001740,CUST_00875,2023-10-15,Sports,2,474.33,948.66,completed,wallet
ORD_0001741,CUST_00478,2024-04-16,Books,2,231.64,463.28,completed,upi
ORD_0001742,CUST_00328,2023-12-27,Books,5,85.26,426.3,completed,wallet
ORD_0001743,CUST_00716,2024-04-02,Sports,1,79.45,79.45,completed,netbanking
ORD_0001744,CUST_01173,2024-01-14,Electronics,2,300.33,600.66,completed,wallet
ORD_0001745,CUST_00448,2023-11-24,Home & Kitchen,2,299.78,599.56,completed,wallet
ORD_0001746,CUST_00477,2024-01-11,Beauty,2,236.99,473.98,returned,wallet
ORD_0001747,CUST_00353,2024-06-10,Apparel,3,335.39,1006.17,completed,wallet
ORD_0001748,CUST_00156,2024-03-12,Electronics,3,315.51,946.53,completed,netbanking
ORD_0001749,CUST_00199,2024-05-30,Apparel,2,364.68,729.36,completed,card
ORD_0001750,CUST_00090,2023-11-04,Apparel,5,271.86,1359.3,completed,upi
ORD_0001751,CUST_00132,2024-03-31,Electronics,2,426.74,853.48,cancelled,upi
ORD_0001752,CUST_01602,2023-12-05,Sports,3,377.09,1131.27,completed,card
ORD_0001753,CUST_01457,2024-03-24,Books,5,85.28,426.4,completed,wallet
ORD_0001754,CUST_00823,2023-12-13,Sports,1,60.94,60.94,completed,netbanking
ORD_0001755,CUST_00537,2024-05-05,Home & Kitchen,5,38.65,193.25,cancelled,upi
ORD_0001756,CUST_01715,2024-06-24,Books,1,30.85,30.85,completed,wallet
ORD_0001757,CUST_00906,2024-06-03,Home & Kitchen,4,129.82,519.28,completed,wallet
ORD_0001758,CUST_01307,2024-06-23,Books,3,473.4,1420.2,completed,card
ORD_0001759,CUST_01221,2024-03-07,Beauty,2,116.67,233.34,completed,upi
ORD_0001760,CUST_01465,2024-02-12,Apparel,2,97.72,195.44,completed,netbanking
ORD_0001761,CUST_01414,2024-03-28,Sports,1,149.31,149.31,completed,upi
ORD_0001762,CUST_01630,2024-01-16,Sports,3,369.03,1107.09,returned,card
ORD_0001763,CUST_00185,2024-06-06,Books,5,228.78,1143.9,completed,netbanking
ORD_0001764,CUST_01179,2024-01-23,Apparel,2,261.7,523.4,completed,card
ORD_0001765,CUST_00117,2024-01-23,Electronics,4,216.89,867.56,completed,upi
ORD_0001766,CUST_01447,2024-03-27,Apparel,1,12.63,12.63,completed,netbanking
ORD_0001767,CUST_00397,2024-03-29,Electronics,4,102.38,409.52,completed,card
ORD_0001768,CUST_00669,2023-07-24,Sports,3,129.68,389.04,returned,card
ORD_0001769,CUST_01916,2024-06-06,Books,5,347.66,1738.3,returned,upi
ORD_0001770,CUST_01352,2024-04-13,Books,5,40.59,202.95,completed,wallet
ORD_0001771,CUST_00336,2024-04-16,Apparel,4,467.44,1869.76,completed,upi
ORD_0001772,CUST_01807,2024-05-10,Beauty,5,447.54,2237.7,completed,upi
ORD_0001773,CUST_00440,2024-05-26,Electronics,4,451.05,1804.2,completed,card
ORD_0001774,CUST_01809,2024-05-12,Books,5,457.38,2286.9,completed,wallet
ORD_0001775,CUST_00215,2024-03-01,Electronics,4,280.54,1122.16,completed,card
ORD_0001776,CUST_00389,2024-03-29,Apparel,5,397.63,1988.15,returned,upi
ORD_0001777,CUST_00204,2024-05-21,Beauty,5,426.07,2130.35,cancelled,netbanking
ORD_0001778,CUST_01839,2023-10-18,Beauty,4,371.2,1484.8,returned,wallet
ORD_0001779,CUST_00667,2023-05-06,Books,4,476.8,1907.2,completed,card
ORD_0001780,CUST_01333,2023-02-05,Beauty,4,380.19,1520.76,completed,upi
ORD_0001781,CUST_00013,2024-06-05,Beauty,5,266.09,1330.45,returned,upi
ORD_0001782,CUST_01578,2023-04-04,Sports,5,72.43,362.15,completed,wallet
ORD_0001783,CUST_00240,2023-12-13,Home & Kitchen,5,350.44,1752.2,cancelled,wallet
ORD_0001784,CUST_01187,2023-12-14,Home & Kitchen,5,349.45,1747.25,completed,upi
ORD_0001785,CUST_01505,2024-06-19,Beauty,1,495.42,495.42,completed,wallet
ORD_0001786,CUST_00772,2024-06-03,Apparel,4,271.58,1086.32,completed,netbanking
ORD_0001787,CUST_01178,2024-04-07,Apparel,2,168.59,337.18,completed,upi
ORD_0001788,CUST_00704,2024-03-19,Beauty,2,305.14,610.28,completed,card
ORD_0001789,CUST_01565,2024-06-29,Sports,3,444.42,1333.26,returned,card
ORD_0001790,CUST_00912,2024-04-11,Sports,4,79.92,319.68,completed,netbanking
ORD_0001791,CUST_00129,2023-12-26,Books,5,313.17,1565.85,completed,card
ORD_0001792,CUST_01134,2024-04-27,Beauty,4,160.42,641.68,completed,netbanking
ORD_0001793,CUST_01405,2024-06-20,Home & Kitchen,5,149.26,746.3,completed,upi
ORD_0001794,CUST_01644,2024-06-20,Electronics,5,425.01,2125.05,completed,upi
ORD_0001795,CUST_00592,2024-05-24,Home & Kitchen,5,472.41,2362.05,completed,card
ORD_0001796,CUST_00780,2024-01-10,Home & Kitchen,5,271.51,1357.55,completed,card
ORD_0001797,CUST_01623,2024-04-27,Sports,2,334.8,669.6,returned,card
ORD_0001798,CUST_00670,2024-01-08,Electronics,1,419.48,419.48,completed,upi
ORD_0001799,CUST_01969,2024-03-22,Home & Kitchen,1,204.38,204.38,completed,card
ORD_0001800,CUST_00038,2024-05-15,Sports,5,97.77,488.85,returned,netbanking
ORD_0001801,CUST_01066,2023-04-16,Sports,2,10.26,20.52,completed,upi
ORD_0001802,CUST_01792,2024-06-06,Home & Kitchen,1,171.63,171.63,completed,upi
ORD_0001803,CUST_01268,2024-04-02,Beauty,4,138.33,553.32,cancelled,netbanking
ORD_0001804,CUST_00852,2024-05-24,Books,2,17.13,34.26,completed,card
ORD_0001805,CUST_00097,2024-04-25,Home & Kitchen,2,32.49,64.98,completed,wallet
ORD_0001806,CUST_00209,2024-06-10,Apparel,5,184.38,921.9,completed,netbanking
ORD_0001807,CUST_00794,2024-01-14,Sports,1,283.39,283.39,completed,wallet
ORD_0001808,CUST_01109,2024-06-03,Electronics,4,229.91,919.64,completed,wallet
ORD_0001809,CUST_01872,2023-06-20,Apparel,1,270.09,270.09,completed,card
ORD_0001810,CUST_00064,2023-11-11,Beauty,2,219.58,439.16,completed,upi
ORD_0001811,CUST_00556,2024-05-07,Home & Kitchen,3,475.34,1426.02,completed,card
ORD_0001812,CUST_00806,2024-02-29,Books,3,335.97,1007.91,completed,wallet
ORD_0001813,CUST_01677,2024-04-14,Electronics,2,157.42,314.84,completed,upi
ORD_0001814,CUST_00240,2023-10-21,Books,3,309.52,928.56,returned,upi
ORD_0001815,CUST_00646,2024-05-03,Apparel,2,100.27,200.54,completed,card
ORD_0001816,CUST_00680,2023-11-20,Beauty,2,466.61,933.22,completed,wallet
ORD_0001817,CUST_01625,2023-09-04,Books,3,254.45,763.35,returned,netbanking
ORD_0001818,CUST_01109,2024-06-03,Apparel,3,192.45,577.35,completed,netbanking
ORD_0001819,CUST_00350,2023-04-17,Home & Kitchen,2,271.84,543.68,completed,card
ORD_0001820,CUST_01986,2024-01-30,Home & Kitchen,3,173.17,519.51,completed,upi
ORD_0001821,CUST_01437,2024-06-28,Beauty,5,37.6,188.0,completed,upi
ORD_0001822,CUST_01349,2024-04-21,Electronics,1,465.94,465.94,cancelled,wallet
ORD_0001823,CUST_00486,2024-06-02,Books,2,320.31,640.62,completed,wallet
ORD_0001824,CUST_01582,2023-11-04,Beauty,5,324.83,1624.15,completed,netbanking
ORD_0001825,CUST_01139,2024-01-06,Apparel,3,281.52,844.56,completed,netbanking
ORD_0001826,CUST_00349,2024-05-02,Home & Kitchen,3,78.56,235.68,completed,card
ORD_0001827,CUST_01029,2023-11-24,Electronics,4,190.43,761.72,completed,card
ORD_0001828,CUST_00689,2024-06-05,Beauty,1,269.25,269.25,completed,netbanking
ORD_0001829,CUST_01228,2023-07-20,Home & Kitchen,3,229.63,688.89,completed,upi
ORD_0001830,CUST_01567,2024-05-26,Apparel,2,184.73,369.46,completed,netbanking
ORD_0001831,CUST_00230,2024-03-29,Home & Kitchen,1,184.63,184.63,completed,wallet
ORD_0001832,CUST_00409,2024-03-29,Sports,3,425.22,1275.66,completed,netbanking
ORD_0001833,CUST_00474,2024-02-08,Apparel,5,271.8,1359.0,completed,upi
ORD_0001834,CUST_00863,2023-07-21,Apparel,1,347.3,347.3,returned,upi
ORD_0001835,CUST_00875,2023-06-04,Sports,5,242.46,1212.3,returned,card
ORD_0001836,CUST_00723,2023-12-06,Apparel,4,276.21,1104.84,completed,wallet
ORD_0001837,CUST_00377,2024-03-16,Electronics,1,163.59,163.59,completed,netbanking
ORD_0001838,CUST_00837,2024-04-13,Beauty,2,464.02,928.04,completed,card
ORD_0001839,CUST_00208,2024-03-16,Home & Kitchen,5,433.09,2165.45,completed,wallet
ORD_0001840,CUST_00386,2024-05-08,Books,3,435.97,1307.91,completed,wallet
ORD_0001841,CUST_00907,2023-11-04,Books,2,300.31,600.62,completed,card
ORD_0001842,CUST_00636,2023-08-19,Apparel,2,408.67,817.34,completed,netbanking
ORD_0001843,CUST_01820,2023-12-14,Home & Kitchen,4,138.37,553.48,completed,card
ORD_0001844,CUST_01413,2024-06-02,Sports,1,33.62,33.62,completed,wallet
ORD_0001845,CUST_00467,2024-04-23,Apparel,1,270.32,270.32,returned,netbanking
ORD_0001846,CUST_00336,2023-07-09,Books,1,274.74,274.74,completed,netbanking
ORD_0001847,CUST_01853,2023-10-25,Books,2,328.76,657.52,completed,netbanking
ORD_0001848,CUST_01269,2024-06-29,Sports,5,364.85,1824.25,completed,upi
ORD_0001849,CUST_01150,2024-03-15,Beauty,4,171.0,684.0,completed,upi
ORD_0001850,CUST_01937,2024-03-10,Electronics,1,422.86,422.86,completed,card
ORD_0001851,CUST_00904,2024-04-28,Sports,4,368.24,1472.96,completed,card
ORD_0001852,CUST_01680,2023-12-09,Apparel,3,269.11,807.33,completed,wallet
ORD_0001853,CUST_01841,2024-02-22,Home & Kitchen,4,17.04,68.16,completed,netbanking
ORD_0001854,CUST_01876,2024-05-26,Home & Kitchen,3,407.32,1221.96,completed,upi
ORD_0001855,CUST_00872,2024-06-16,Books,2,266.3,532.6,cancelled,card
ORD_0001856,CUST_00170,2023-09-27,Apparel,2,322.71,645.42,completed,netbanking
ORD_0001857,CUST_01541,2024-05-10,Electronics,5,65.89,329.45,completed,wallet
ORD_0001858,CUST_01709,2024-06-16,Home & Kitchen,1,144.79,144.79,completed,card
ORD_0001859,CUST_01512,2024-01-28,Sports,1,228.18,228.18,completed,netbanking
ORD_0001860,CUST_00303,2024-04-11,Sports,4,463.05,1852.2,completed,netbanking
ORD_0001861,CUST_00184,2024-06-11,Sports,3,374.8,1124.4,completed,wallet
ORD_0001862,CUST_01969,2024-05-17,Beauty,1,386.7,386.7,completed,upi
ORD_0001863,CUST_01379,2024-06-17,Electronics,1,375.59,375.59,completed,upi
ORD_0001864,CUST_01613,2023-06-10,Sports,1,131.81,131.81,completed,wallet
ORD_0001865,CUST_00630,2024-06-21,Apparel,3,181.28,543.84,completed,card
ORD_0001866,CUST_01176,2023-08-02,Sports,5,170.75,853.75,completed,card
ORD_0001867,CUST_00088,2024-03-24,Apparel,3,39.88,119.64,completed,wallet
ORD_0001868,CUST_00424,2024-06-21,Beauty,1,453.82,453.82,completed,wallet
ORD_0001869,CUST_00422,2024-06-16,Books,4,78.52,314.08,completed,netbanking
ORD_0001870,CUST_01044,2024-05-14,Apparel,5,206.45,1032.25,completed,upi
ORD_0001871,CUST_01636,2024-06-02,Beauty,1,355.1,355.1,completed,netbanking
ORD_0001872,CUST_01998,2024-05-09,Home & Kitchen,1,189.68,189.68,completed,upi
ORD_0001873,CUST_00177,2024-02-04,Apparel,4,411.99,1647.96,completed,upi
ORD_0001874,CUST_00732,2023-12-19,Home & Kitchen,1,59.61,59.61,completed,card
ORD_0001875,CUST_01352,2023-10-29,Books,5,456.39,2281.95,completed,wallet
ORD_0001876,CUST_00058,2024-04-17,Beauty,5,301.3,1506.5,completed,card
ORD_0001877,CUST_00703,2024-04-30,Electronics,3,96.76,290.28,completed,netbanking
ORD_0001878,CUST_00526,2023-06-11,Electronics,4,47.5,190.0,completed,wallet
ORD_0001879,CUST_01964,2024-05-05,Beauty,2,174.02,348.04,returned,wallet
ORD_0001880,CUST_01697,2023-12-06,Electronics,1,487.89,487.89,completed,card
ORD_0001881,CUST_00278,2024-02-06,Apparel,2,14.04,28.08,completed,upi
ORD_0001882,CUST_00865,2024-01-13,Home & Kitchen,5,437.45,2187.25,completed,netbanking
ORD_0001883,CUST_00929,2023-08-15,Apparel,5,379.93,1899.65,completed,upi
ORD_0001884,CUST_01898,2023-05-06,Electronics,5,211.75,1058.75,completed,wallet
ORD_0001885,CUST_00533,2024-05-07,Sports,5,95.1,475.5,completed,netbanking
ORD_0001886,CUST_01923,2024-05-22,Home & Kitchen,5,232.62,1163.1,returned,netbanking
ORD_0001887,CUST_00230,2023-10-07,Books,3,273.43,820.29,completed,wallet
ORD_0001888,CUST_00253,2024-06-17,Electronics,3,445.24,1335.72,completed,wallet
ORD_0001889,CUST_01651,2024-06-27,Electronics,5,492.7,2463.5,completed,netbanking
ORD_0001890,CUST_01589,2024-03-17,Apparel,2,159.47,318.94,completed,card
ORD_0001891,CUST_01039,2024-06-09,Books,2,278.69,557.38,completed,netbanking
ORD_0001892,CUST_01970,2024-03-29,Apparel,2,368.82,737.64,completed,wallet
ORD_0001893,CUST_00921,2023-06-13,Beauty,3,56.19,168.57,completed,card
ORD_0001894,CUST_01276,2024-06-02,Home & Kitchen,1,471.61,471.61,completed,wallet
ORD_0001895,CUST_01986,2024-01-08,Books,2,277.02,554.04,completed,netbanking
ORD_0001896,CUST_01613,2023-08-17,Electronics,1,462.67,462.67,completed,upi
ORD_0001897,CUST_01767,2023-09-12,Beauty,1,309.48,309.48,completed,wallet
ORD_0001898,CUST_00946,2023-06-14,Home & Kitchen,1,141.57,141.57,completed,card
ORD_0001899,CUST_01449,2024-06-26,Home & Kitchen,5,421.03,2105.15,completed,upi
ORD_0001900,CUST_00327,2024-04-27,Apparel,3,498.93,1496.79,returned,card
ORD_0001901,CUST_00122,2024-06-19,Home & Kitchen,4,360.14,1440.56,completed,upi
ORD_0001902,CUST_00296,2024-05-28,Electronics,5,476.53,2382.65,completed,wallet
ORD_0001903,CUST_00310,2024-06-29,Sports,4,491.64,1966.56,completed,upi
ORD_0001904,CUST_00364,2024-05-27,Home & Kitchen,1,496.0,496.0,completed,upi
ORD_0001905,CUST_00594,2023-12-02,Beauty,3,417.86,1253.58,completed,upi
ORD_0001906,CUST_00354,2024-04-07,Sports,1,62.85,62.85,completed,upi
ORD_0001907,CUST_00626,2024-05-06,Beauty,5,221.48,1107.4,completed,card
ORD_0001908,CUST_00973,2024-05-23,Books,2,277.61,555.22,completed,upi
ORD_0001909,CUST_00115,2024-01-19,Home & Kitchen,1,25.57,25.57,completed,upi
ORD_0001910,CUST_00801,2024-06-16,Home & Kitchen,2,44.33,88.66,completed,card
ORD_0001911,CUST_00021,2024-05-01,Home & Kitchen,4,243.13,972.52,completed,card
ORD_0001912,CUST_01014,2023-12-30,Sports,2,173.42,346.84,cancelled,card
ORD_0001913,CUST_01636,2024-05-02,Electronics,2,311.5,623.0,completed,card
ORD_0001914,CUST_01341,2024-02-03,Electronics,2,88.51,177.02,completed,wallet
ORD_0001915,CUST_01160,2023-09-16,Electronics,5,241.57,1207.85,completed,wallet
ORD_0001916,CUST_00292,2023-10-02,Home & Kitchen,1,22.22,22.22,completed,netbanking
ORD_0001917,CUST_01523,2024-04-15,Electronics,1,499.4,499.4,completed,card
ORD_0001918,CUST_00971,2024-02-28,Apparel,4,135.84,543.36,completed,upi
ORD_0001919,CUST_01690,2023-10-19,Apparel,3,153.63,460.89,completed,upi
ORD_0001920,CUST_00191,2024-06-11,Home & Kitchen,4,17.53,70.12,completed,netbanking
ORD_0001921,CUST_01547,2024-06-01,Beauty,2,477.62,955.24,completed,netbanking
ORD_0001922,CUST_00625,2024-03-29,Books,4,400.93,1603.72,returned,wallet
ORD_0001923,CUST_01264,2023-12-20,Books,2,340.45,680.9,completed,netbanking
ORD_0001924,CUST_00647,2023-06-21,Books,2,462.24,924.48,completed,wallet
ORD_0001925,CUST_01235,2023-12-11,Beauty,5,21.8,109.0,completed,netbanking
ORD_0001926,CUST_01695,2024-01-06,Electronics,5,274.61,1373.05,completed,upi
ORD_0001927,CUST_00217,2023-11-16,Home & Kitchen,5,337.02,1685.1,cancelled,card
ORD_0001928,CUST_00350,2024-01-01,Beauty,5,441.6,2208.0,completed,wallet
ORD_0001929,CUST_00523,2023-12-13,Sports,5,219.69,1098.45,completed,upi
ORD_0001930,CUST_00439,2024-01-24,Electronics,4,499.56,1998.24,completed,netbanking
ORD_0001931,CUST_00639,2024-05-19,Beauty,3,21.57,64.71,completed,card
ORD_0001932,CUST_01157,2023-09-17,Home & Kitchen,5,25.93,129.65,completed,upi
ORD_0001933,CUST_00176,2024-04-20,Books,3,31.36,94.08,completed,upi
ORD_0001934,CUST_00805,2024-05-18,Home & Kitchen,2,418.46,836.92,cancelled,netbanking
ORD_0001935,CUST_01107,2024-04-11,Books,5,224.14,1120.7,cancelled,card
ORD_0001936,CUST_01033,2023-12-23,Sports,1,119.75,119.75,completed,netbanking
ORD_0001937,CUST_00885,2024-06-18,Electronics,2,360.05,720.1,completed,upi
ORD_0001938,CUST_00409,2024-06-28,Beauty,4,346.29,1385.16,completed,card
ORD_0001939,CUST_00736,2024-06-26,Apparel,3,10.72,32.16,completed,card
ORD_0001940,CUST_00125,2023-07-20,Books,1,278.78,278.78,completed,netbanking
ORD_0001941,CUST_01524,2024-05-18,Electronics,4,127.23,508.92,completed,card
ORD_0001942,CUST_01058,2024-06-10,Sports,5,386.37,1931.85,cancelled,card
ORD_0001943,CUST_00517,2023-12-07,Electronics,4,401.17,1604.68,completed,card
ORD_0001944,CUST_00788,2024-06-27,Apparel,2,411.99,823.98,completed,upi
ORD_0001945,CUST_01913,2024-01-20,Sports,5,339.88,1699.4,completed,card
ORD_0001946,CUST_00796,2023-09-27,Home & Kitchen,5,399.62,1998.1,completed,card
ORD_0001947,CUST_01931,2024-05-11,Home & Kitchen,5,218.37,1091.85,completed,card
ORD_0001948,CUST_00104,2023-04-22,Sports,5,409.8,2049.0,completed,upi
ORD_0001949,CUST_00511,2024-05-10,Beauty,1,446.25,446.25,returned,wallet
ORD_0001950,CUST_00169,2024-06-19,Electronics,1,266.45,266.45,completed,netbanking
ORD_0001951,CUST_01422,2023-08-09,Sports,3,255.6,766.8,cancelled,netbanking
ORD_0001952,CUST_00308,2023-09-27,Beauty,2,321.59,643.18,completed,netbanking
ORD_0001953,CUST_00417,2024-05-27,Books,2,146.08,292.16,completed,netbanking
ORD_0001954,CUST_00769,2024-04-24,Home & Kitchen,5,302.63,1513.15,completed,netbanking
ORD_0001955,CUST_01768,2023-12-28,Beauty,4,226.38,905.52,completed,card
ORD_0001956,CUST_01128,2023-08-14,Beauty,3,441.79,1325.37,completed,upi
ORD_0001957,CUST_01447,2024-06-09,Beauty,5,456.01,2280.05,completed,upi
ORD_0001958,CUST_01337,2023-11-06,Home & Kitchen,5,228.89,1144.45,cancelled,upi
ORD_0001959,CUST_01969,2024-06-13,Sports,4,78.95,315.8,completed,card
ORD_0001960,CUST_01018,2023-10-13,Books,3,453.36,1360.08,completed,netbanking
ORD_0001961,CUST_01305,2023-10-07,Apparel,4,162.66,650.64,completed,wallet
ORD_0001962,CUST_00036,2024-06-19,Sports,3,52.71,158.13,completed,upi
ORD_0001963,CUST_01130,2024-04-20,Electronics,3,62.51,187.53,completed,card
ORD_0001964,CUST_01287,2024-03-18,Electronics,3,179.51,538.53,completed,wallet
ORD_0001965,CUST_00235,2023-02-22,Apparel,1,237.67,237.67,completed,netbanking
ORD_0001966,CUST_00874,2023-12-03,Apparel,1,36.34,36.34,completed,upi
ORD_0001967,CUST_00939,2024-05-31,Beauty,1,53.96,53.96,returned,upi
ORD_0001968,CUST_01852,2024-01-15,Beauty,5,370.14,1850.7,completed,netbanking
ORD_0001969,CUST_00184,2023-05-18,Home & Kitchen,1,330.87,330.87,cancelled,netbanking
ORD_0001970,CUST_00024,2024-05-06,Home & Kitchen,4,223.25,893.0,completed,netbanking
ORD_0001971,CUST_00640,2023-12-24,Home & Kitchen,1,485.61,485.61,completed,upi
ORD_0001972,CUST_00901,2024-06-10,Home & Kitchen,2,427.53,855.06,completed,card
ORD_0001973,CUST_00220,2024-04-08,Electronics,1,173.11,173.11,completed,upi
ORD_0001974,CUST_01975,2024-04-03,Apparel,3,250.98,752.94,completed,netbanking
ORD_0001975,CUST_01144,2024-03-12,Books,1,250.66,250.66,completed,upi
ORD_0001976,CUST_01926,2023-10-13,Apparel,1,377.22,377.22,returned,upi
ORD_0001977,CUST_00808,2024-06-27,Books,1,259.59,259.59,completed,wallet
ORD_0001978,CUST_01915,2024-02-11,Apparel,4,476.81,1907.24,completed,card
ORD_0001979,CUST_01959,2024-05-17,Books,4,443.09,1772.36,returned,wallet
ORD_0001980,CUST_01046,2023-12-23,Books,5,153.78,768.9,returned,upi
ORD_0001981,CUST_01185,2023-05-14,Electronics,2,187.18,374.36,completed,card
ORD_0001982,CUST_01652,2024-03-08,Books,3,255.28,765.84,cancelled,upi
ORD_0001983,CUST_00258,2024-03-13,Apparel,3,433.4,1300.2,completed,netbanking
ORD_0001984,CUST_01487,2024-04-24,Electronics,4,278.36,1113.44,completed,netbanking
ORD_0001985,CUST_01620,2024-04-21,Sports,4,423.29,1693.16,completed,netbanking
ORD_0001986,CUST_00336,2024-01-29,Apparel,3,291.66,874.98,completed,wallet
ORD_0001987,CUST_01352,2024-06-01,Beauty,3,402.49,1207.47,returned,card
ORD_0001988,CUST_00208,2024-06-02,Sports,4,389.3,1557.2,completed,upi
ORD_0001989,CUST_00950,2023-11-12,Books,1,430.01,430.01,completed,upi
ORD_0001990,CUST_00691,2024-05-06,Sports,5,396.58,1982.9,returned,upi
ORD_0001991,CUST_01483,2024-01-17,Sports,5,263.23,1316.15,returned,card
ORD_0001992,CUST_00830,2024-02-28,Electronics,3,434.41,1303.23,completed,card
ORD_0001993,CUST_01673,2023-07-18,Apparel,1,99.04,99.04,returned,netbanking
ORD_0001994,CUST_00637,2023-07-02,Beauty,3,50.3,150.9,completed,card
ORD_0001995,CUST_00243,2024-03-15,Sports,4,34.96,139.84,completed,wallet
ORD_0001996,CUST_00009,2024-01-23,Beauty,4,79.71,318.84,completed,wallet
ORD_0001997,CUST_00109,2023-09-01,Beauty,2,89.94,179.88,completed,wallet
ORD_0001998,CUST_01128,2024-05-08,Electronics,5,315.21,1576.05,completed,netbanking
ORD_0001999,CUST_00067,2024-05-30,Books,2,155.92,311.84,returned,upi
ORD_0002000,CUST_00220,2024-05-28,Sports,4,376.28,1505.12,returned,wallet
ORD_0002001,CUST_00094,2024-01-09,Apparel,4,443.2,1772.8,completed,netbanking
ORD_0002002,CUST_01401,2024-03-28,Electronics,5,489.1,2445.5,completed,netbanking
ORD_0002003,CUST_00202,2023-12-07,Home & Kitchen,4,412.51,1650.04,returned,card
ORD_0002004,CUST_01288,2024-03-05,Books,1,110.95,110.95,completed,netbanking
ORD_0002005,CUST_01086,2024-04-26,Apparel,1,21.08,21.08,completed,wallet
ORD_0002006,CUST_01071,2024-03-26,Books,1,241.11,241.11,completed,card
ORD_0002007,CUST_01465,2023-11-23,Books,4,64.85,259.4,completed,card
ORD_0002008,CUST_01132,2024-05-20,Books,1,391.8,391.8,cancelled,upi
ORD_0002009,CUST_00266,2023-07-16,Sports,5,440.76,2203.8,completed,wallet
ORD_0002010,CUST_00515,2024-05-16,Sports,4,389.69,1558.76,completed,netbanking
ORD_0002011,CUST_01716,2023-09-11,Books,1,229.22,229.22,completed,card
ORD_0002012,CUST_01843,2023-11-01,Sports,2,401.14,802.28,completed,netbanking
ORD_0002013,CUST_01607,2024-03-13,Sports,4,434.88,1739.52,completed,upi
ORD_0002014,CUST_01334,2024-04-09,Apparel,3,105.13,315.39,completed,wallet
ORD_0002015,CUST_01975,2023-09-04,Electronics,2,485.43,970.86,completed,card
ORD_0002016,CUST_01617,2023-12-28,Books,5,337.75,1688.75,completed,wallet
ORD_0002017,CUST_00532,2023-12-12,Books,4,19.75,79.0,completed,netbanking
ORD_0002018,CUST_00136,2024-05-04,Apparel,5,348.14,1740.7,completed,netbanking
ORD_0002019,CUST_01428,2024-02-06,Beauty,1,167.7,167.7,completed,wallet
ORD_0002020,CUST_01833,2024-04-28,Electronics,2,200.3,400.6,completed,card
ORD_0002021,CUST_00446,2023-12-04,Beauty,3,32.74,98.22,completed,netbanking
ORD_0002022,CUST_01829,2024-02-14,Beauty,3,425.77,1277.31,completed,card
ORD_0002023,CUST_01270,2024-06-24,Home & Kitchen,2,293.15,586.3,completed,netbanking
ORD_0002024,CUST_01031,2024-05-22,Home & Kitchen,2,21.55,43.1,returned,wallet
ORD_0002025,CUST_01231,2023-09-21,Apparel,1,165.02,165.02,completed,card
ORD_0002026,CUST_00755,2023-03-26,Home & Kitchen,4,243.36,973.44,completed,wallet
ORD_0002027,CUST_01431,2024-02-23,Apparel,4,359.32,1437.28,completed,netbanking
ORD_0002028,CUST_00477,2023-10-05,Electronics,5,54.44,272.2,completed,card
ORD_0002029,CUST_01804,2023-12-28,Apparel,4,216.09,864.36,completed,wallet
ORD_0002030,CUST_01753,2024-04-10,Sports,3,241.49,724.47,completed,card
ORD_0002031,CUST_00281,2024-06-28,Books,1,453.85,453.85,completed,card
ORD_0002032,CUST_00275,2024-02-21,Sports,5,192.33,961.65,completed,card
ORD_0002033,CUST_00700,2024-03-17,Beauty,3,85.82,257.46,completed,wallet
ORD_0002034,CUST_00330,2023-09-18,Home & Kitchen,4,19.23,76.92,completed,wallet
ORD_0002035,CUST_01554,2023-12-31,Books,3,217.19,651.57,completed,card
ORD_0002036,CUST_00734,2023-12-24,Books,4,59.85,239.4,completed,wallet
ORD_0002037,CUST_00251,2024-03-15,Beauty,4,404.69,1618.76,completed,upi
ORD_0002038,CUST_00986,2024-04-25,Books,1,116.08,116.08,completed,upi
ORD_0002039,CUST_01086,2024-04-11,Home & Kitchen,2,445.44,890.88,returned,netbanking
ORD_0002040,CUST_01031,2024-06-29,Beauty,3,355.77,1067.31,completed,card
ORD_0002041,CUST_00332,2024-05-24,Books,2,172.83,345.66,completed,wallet
ORD_0002042,CUST_00303,2024-01-17,Home & Kitchen,2,281.94,563.88,cancelled,wallet
ORD_0002043,CUST_00854,2024-02-25,Books,3,76.68,230.04,completed,wallet
ORD_0002044,CUST_01400,2024-04-15,Electronics,2,244.33,488.66,returned,upi
ORD_0002045,CUST_01932,2024-02-16,Books,2,366.04,732.08,completed,upi
ORD_0002046,CUST_00734,2024-01-16,Books,2,447.62,895.24,completed,wallet
ORD_0002047,CUST_01244,2024-03-12,Beauty,4,448.99,1795.96,completed,netbanking
ORD_0002048,CUST_01059,2024-05-29,Apparel,4,299.74,1198.96,completed,netbanking
ORD_0002049,CUST_01598,2023-12-19,Home & Kitchen,2,137.25,274.5,completed,upi
ORD_0002050,CUST_00972,2023-06-10,Electronics,5,214.87,1074.35,cancelled,netbanking
ORD_0002051,CUST_01221,2024-03-12,Electronics,4,476.25,1905.0,completed,netbanking
ORD_0002052,CUST_00843,2024-04-15,Sports,1,371.0,371.0,completed,wallet
ORD_0002053,CUST_01024,2024-01-03,Books,3,134.79,404.37,returned,card
ORD_0002054,CUST_00495,2024-04-25,Apparel,5,137.23,686.15,completed,wallet
ORD_0002055,CUST_01536,2023-06-16,Apparel,4,367.02,1468.08,completed,upi
ORD_0002056,CUST_00360,2024-04-07,Electronics,2,246.24,492.48,completed,wallet
ORD_0002057,CUST_01701,2023-11-19,Electronics,4,218.69,874.76,cancelled,card
ORD_0002058,CUST_00867,2024-04-27,Apparel,1,391.91,391.91,completed,netbanking
ORD_0002059,CUST_00234,2023-12-13,Books,3,420.19,1260.57,completed,upi
ORD_0002060,CUST_00067,2024-06-17,Books,2,470.59,941.18,cancelled,card
ORD_0002061,CUST_00425,2023-10-16,Apparel,2,24.49,48.98,completed,card
ORD_0002062,CUST_00196,2023-12-19,Home & Kitchen,2,342.51,685.02,completed,card
ORD_0002063,CUST_00125,2023-12-23,Electronics,5,22.37,111.85,completed,card
ORD_0002064,CUST_01888,2024-02-20,Apparel,1,206.02,206.02,completed,card
ORD_0002065,CUST_01819,2024-05-30,Home & Kitchen,1,471.26,471.26,completed,upi
ORD_0002066,CUST_00379,2024-05-23,Home & Kitchen,4,99.92,399.68,completed,upi
ORD_0002067,CUST_01747,2024-05-01,Home & Kitchen,4,88.35,353.4,completed,wallet
ORD_0002068,CUST_00495,2024-05-28,Apparel,5,12.6,63.0,cancelled,card
ORD_0002069,CUST_01519,2024-06-07,Apparel,3,137.44,412.32,returned,netbanking
ORD_0002070,CUST_00223,2024-06-19,Sports,5,117.29,586.45,completed,wallet
ORD_0002071,CUST_01436,2024-01-26,Electronics,4,98.28,393.12,completed,card
ORD_0002072,CUST_01684,2024-01-07,Electronics,2,180.54,361.08,completed,wallet
ORD_0002073,CUST_00122,2023-12-09,Books,4,362.07,1448.28,completed,netbanking
ORD_0002074,CUST_01688,2023-08-23,Sports,4,432.87,1731.48,completed,netbanking
ORD_0002075,CUST_00421,2024-05-19,Beauty,4,139.73,558.92,completed,netbanking
ORD_0002076,CUST_00048,2024-02-14,Sports,1,257.77,257.77,completed,card
ORD_0002077,CUST_00858,2024-05-12,Electronics,3,379.22,1137.66,completed,card
ORD_0002078,CUST_01363,2023-06-04,Apparel,5,480.31,2401.55,completed,upi
ORD_0002079,CUST_00382,2024-02-23,Home & Kitchen,3,390.54,1171.62,returned,upi
ORD_0002080,CUST_01270,2024-06-11,Sports,3,136.92,410.76,returned,upi
ORD_0002081,CUST_00356,2024-01-25,Apparel,3,478.98,1436.94,completed,card
ORD_0002082,CUST_01961,2023-12-24,Electronics,2,185.18,370.36,completed,netbanking
ORD_0002083,CUST_01856,2024-03-23,Electronics,3,428.21,1284.63,completed,upi
ORD_0002084,CUST_00692,2023-11-24,Beauty,3,400.14,1200.42,returned,upi
ORD_0002085,CUST_01752,2023-12-31,Sports,5,257.09,1285.45,returned,netbanking
ORD_0002086,CUST_01424,2023-12-04,Apparel,5,104.87,524.35,completed,upi
ORD_0002087,CUST_00604,2024-06-29,Apparel,2,203.11,406.22,completed,upi
ORD_0002088,CUST_00015,2024-06-08,Sports,5,23.05,115.25,completed,upi
ORD_0002089,CUST_00251,2024-01-29,Electronics,3,378.79,1136.37,completed,card
ORD_0002090,CUST_00910,2024-06-24,Sports,5,202.47,1012.35,completed,upi
ORD_0002091,CUST_01949,2023-10-19,Books,1,79.89,79.89,completed,card
ORD_0002092,CUST_00986,2024-02-05,Home & Kitchen,3,298.11,894.33,completed,card
ORD_0002093,CUST_00787,2024-06-13,Home & Kitchen,5,389.68,1948.4,completed,upi
ORD_0002094,CUST_01847,2024-06-04,Electronics,3,314.84,944.52,completed,upi
ORD_0002095,CUST_00811,2024-03-17,Electronics,1,354.46,354.46,completed,upi
ORD_0002096,CUST_01480,2023-12-09,Home & Kitchen,2,472.63,945.26,completed,upi
ORD_0002097,CUST_01368,2024-03-11,Electronics,4,133.41,533.64,returned,upi
ORD_0002098,CUST_01437,2024-04-11,Books,5,218.59,1092.95,returned,upi
ORD_0002099,CUST_00055,2024-01-26,Beauty,5,300.6,1503.0,completed,netbanking
ORD_0002100,CUST_00646,2024-03-08,Apparel,3,39.92,119.76,completed,card
ORD_0002101,CUST_00725,2023-08-24,Home & Kitchen,3,183.76,551.28,completed,upi
ORD_0002102,CUST_01475,2023-07-04,Electronics,1,295.11,295.11,completed,card
ORD_0002103,CUST_01060,2024-04-29,Books,4,459.48,1837.92,completed,netbanking
ORD_0002104,CUST_00955,2023-08-01,Home & Kitchen,3,349.28,1047.84,returned,upi
ORD_0002105,CUST_01989,2023-09-29,Beauty,5,277.17,1385.85,returned,netbanking
ORD_0002106,CUST_01435,2024-01-23,Electronics,5,98.35,491.75,completed,wallet
ORD_0002107,CUST_01009,2023-04-25,Books,4,251.42,1005.68,returned,upi
ORD_0002108,CUST_01970,2024-01-30,Sports,2,381.19,762.38,completed,wallet
ORD_0002109,CUST_00726,2023-08-28,Electronics,3,437.57,1312.71,completed,wallet
ORD_0002110,CUST_01468,2024-04-14,Home & Kitchen,3,480.41,1441.23,completed,netbanking
ORD_0002111,CUST_01304,2024-06-04,Sports,3,370.26,1110.78,completed,upi
ORD_0002112,CUST_01993,2024-06-14,Beauty,3,352.73,1058.19,completed,upi
ORD_0002113,CUST_00829,2024-05-13,Home & Kitchen,1,372.42,372.42,completed,upi
ORD_0002114,CUST_01349,2024-05-30,Apparel,2,187.57,375.14,returned,netbanking
ORD_0002115,CUST_01510,2024-06-22,Books,1,395.0,395.0,completed,upi
ORD_0002116,CUST_00354,2024-01-07,Electronics,3,14.22,42.66,completed,netbanking
ORD_0002117,CUST_01494,2024-06-27,Home & Kitchen,4,92.31,369.24,completed,wallet
ORD_0002118,CUST_00387,2024-06-10,Beauty,3,441.59,1324.77,completed,upi
ORD_0002119,CUST_01624,2024-02-06,Electronics,2,461.8,923.6,completed,upi
ORD_0002120,CUST_01217,2024-05-11,Beauty,1,306.68,306.68,completed,upi
ORD_0002121,CUST_01703,2024-03-27,Books,1,75.84,75.84,completed,netbanking
ORD_0002122,CUST_01696,2024-03-30,Apparel,5,187.03,935.15,completed,wallet
ORD_0002123,CUST_01713,2024-04-14,Apparel,1,19.18,19.18,completed,card
ORD_0002124,CUST_01511,2023-03-22,Home & Kitchen,5,117.6,588.0,completed,upi
ORD_0002125,CUST_00276,2023-11-10,Electronics,3,419.8,1259.4,completed,upi
ORD_0002126,CUST_00783,2023-09-08,Electronics,1,215.73,215.73,cancelled,upi
ORD_0002127,CUST_00945,2024-05-27,Home & Kitchen,1,166.97,166.97,completed,wallet
ORD_0002128,CUST_01702,2023-10-11,Apparel,4,488.04,1952.16,completed,upi
ORD_0002129,CUST_01452,2024-03-06,Sports,3,15.05,45.15,completed,wallet
ORD_0002130,CUST_00356,2024-02-11,Books,3,217.58,652.74,returned,upi
ORD_0002131,CUST_01756,2024-06-02,Apparel,1,110.73,110.73,completed,card
ORD_0002132,CUST_00026,2024-06-25,Beauty,5,136.89,684.45,completed,wallet
ORD_0002133,CUST_00614,2024-06-19,Books,2,360.54,721.08,completed,netbanking
ORD_0002134,CUST_00239,2024-05-12,Books,4,97.54,390.16,completed,wallet
ORD_0002135,CUST_01072,2024-02-09,Electronics,4,475.99,1903.96,completed,upi
ORD_0002136,CUST_01619,2024-02-25,Sports,5,153.23,766.15,cancelled,netbanking
ORD_0002137,CUST_01803,2024-06-03,Home & Kitchen,1,241.95,241.95,completed,wallet
ORD_0002138,CUST_00041,2024-06-07,Sports,4,313.65,1254.6,completed,netbanking
ORD_0002139,CUST_01429,2023-10-20,Home & Kitchen,1,442.27,442.27,completed,wallet
ORD_0002140,CUST_00631,2024-05-11,Books,3,48.1,144.3,completed,netbanking
ORD_0002141,CUST_00708,2024-03-18,Sports,3,400.09,1200.27,returned,netbanking
ORD_0002142,CUST_00919,2024-06-05,Home & Kitchen,2,185.87,371.74,completed,netbanking
ORD_0002143,CUST_01527,2024-05-22,Apparel,4,422.6,1690.4,completed,card
ORD_0002144,CUST_00576,2024-05-22,Books,2,106.94,213.88,completed,netbanking
ORD_0002145,CUST_00130,2023-06-13,Apparel,1,301.84,301.84,completed,netbanking
ORD_0002146,CUST_01282,2024-03-31,Home & Kitchen,4,373.53,1494.12,completed,wallet
ORD_0002147,CUST_01488,2024-03-13,Sports,2,167.42,334.84,completed,card
ORD_0002148,CUST_01192,2023-10-15,Home & Kitchen,4,271.47,1085.88,completed,card
ORD_0002149,CUST_00625,2023-12-21,Home & Kitchen,4,371.14,1484.56,completed,netbanking
ORD_0002150,CUST_00565,2024-02-10,Beauty,4,35.09,140.36,completed,wallet
ORD_0002151,CUST_01727,2024-01-18,Books,4,135.63,542.52,returned,upi
ORD_0002152,CUST_01392,2023-10-30,Electronics,2,208.01,416.02,completed,netbanking
ORD_0002153,CUST_01807,2023-12-01,Sports,5,192.65,963.25,completed,card
ORD_0002154,CUST_01922,2023-12-18,Beauty,2,231.87,463.74,completed,card
ORD_0002155,CUST_00023,2024-06-03,Beauty,3,173.91,521.73,completed,wallet
ORD_0002156,CUST_00042,2024-05-14,Books,2,188.03,376.06,completed,card
ORD_0002157,CUST_00467,2024-05-18,Books,2,227.65,455.3,completed,upi
ORD_0002158,CUST_00433,2023-07-15,Books,4,246.68,986.72,completed,card
ORD_0002159,CUST_01675,2024-01-27,Electronics,4,353.4,1413.6,completed,upi
ORD_0002160,CUST_00375,2024-04-10,Books,4,211.04,844.16,returned,netbanking
ORD_0002161,CUST_01590,2023-06-27,Sports,5,17.9,89.5,completed,wallet
ORD_0002162,CUST_00674,2024-04-20,Beauty,5,382.35,1911.75,completed,card
ORD_0002163,CUST_00794,2024-05-31,Apparel,2,290.58,581.16,completed,upi
ORD_0002164,CUST_01427,2024-05-05,Sports,5,435.53,2177.65,completed,wallet
ORD_0002165,CUST_00050,2024-06-05,Beauty,3,401.41,1204.23,completed,card
ORD_0002166,CUST_01729,2024-05-05,Apparel,3,289.78,869.34,returned,wallet
ORD_0002167,CUST_00121,2024-01-31,Beauty,5,217.06,1085.3,completed,wallet
ORD_0002168,CUST_01399,2024-06-24,Books,4,24.56,98.24,completed,card
ORD_0002169,CUST_01562,2023-12-15,Sports,4,383.86,1535.44,cancelled,card
ORD_0002170,CUST_00972,2023-06-03,Sports,5,294.85,1474.25,returned,card
ORD_0002171,CUST_01379,2024-05-25,Apparel,4,68.79,275.16,completed,netbanking
ORD_0002172,CUST_01978,2024-01-18,Books,2,237.18,474.36,completed,card
ORD_0002173,CUST_01094,2024-04-29,Apparel,3,309.26,927.78,completed,netbanking
ORD_0002174,CUST_00324,2024-03-24,Sports,2,361.79,723.58,completed,upi
ORD_0002175,CUST_01992,2023-06-11,Home & Kitchen,2,479.23,958.46,completed,card
ORD_0002176,CUST_00232,2024-05-23,Sports,3,389.78,1169.34,cancelled,wallet
ORD_0002177,CUST_00055,2024-04-08,Sports,5,98.01,490.05,completed,wallet
ORD_0002178,CUST_00389,2024-02-28,Sports,3,136.64,409.92,completed,netbanking
ORD_0002179,CUST_00476,2024-05-29,Home & Kitchen,5,373.81,1869.05,completed,upi
ORD_0002180,CUST_01663,2023-07-31,Beauty,2,393.57,787.14,completed,card
ORD_0002181,CUST_00955,2024-06-16,Sports,1,212.99,212.99,returned,card
ORD_0002182,CUST_00792,2024-04-19,Home & Kitchen,4,477.38,1909.52,completed,card
ORD_0002183,CUST_00704,2024-05-20,Electronics,5,294.14,1470.7,completed,netbanking
ORD_0002184,CUST_01808,2024-05-30,Beauty,2,451.6,903.2,completed,netbanking
ORD_0002185,CUST_00004,2024-05-01,Electronics,4,389.6,1558.4,completed,upi
ORD_0002186,CUST_00845,2024-04-05,Electronics,3,30.83,92.49,completed,card
ORD_0002187,CUST_01061,2024-04-04,Books,1,232.58,232.58,completed,upi
ORD_0002188,CUST_01231,2024-02-01,Home & Kitchen,5,95.18,475.9,returned,netbanking
ORD_0002189,CUST_01541,2024-06-28,Electronics,1,333.64,333.64,completed,netbanking
ORD_0002190,CUST_01949,2024-05-04,Books,2,324.37,648.74,completed,card
ORD_0002191,CUST_00155,2024-04-07,Sports,5,11.06,55.3,completed,wallet
ORD_0002192,CUST_01759,2023-08-05,Books,2,401.9,803.8,completed,card
ORD_0002193,CUST_01142,2023-09-27,Electronics,5,75.39,376.95,completed,card
ORD_0002194,CUST_00935,2024-04-07,Books,2,497.18,994.36,completed,netbanking
ORD_0002195,CUST_00575,2023-09-21,Sports,2,169.76,339.52,completed,upi
ORD_0002196,CUST_01315,2023-07-25,Beauty,3,499.17,1497.51,returned,wallet
ORD_0002197,CUST_01844,2023-08-31,Beauty,1,97.52,97.52,completed,upi
ORD_0002198,CUST_00611,2024-04-15,Sports,3,115.32,345.96,completed,card
ORD_0002199,CUST_01923,2024-02-23,Apparel,2,234.67,469.34,completed,netbanking
ORD_0002200,CUST_01168,2024-06-02,Beauty,4,413.22,1652.88,completed,wallet
ORD_0002201,CUST_01330,2023-12-15,Home & Kitchen,1,74.6,74.6,completed,netbanking
ORD_0002202,CUST_00273,2023-12-17,Apparel,1,182.44,182.44,completed,wallet
ORD_0002203,CUST_00524,2024-03-02,Books,1,352.95,352.95,completed,netbanking
ORD_0002204,CUST_01392,2023-01-14,Beauty,2,438.1,876.2,completed,upi
ORD_0002205,CUST_00244,2024-01-31,Books,5,231.36,1156.8,completed,netbanking
ORD_0002206,CUST_00567,2024-06-26,Apparel,4,211.44,845.76,cancelled,upi
ORD_0002207,CUST_00877,2023-02-24,Books,4,207.57,830.28,completed,wallet
ORD_0002208,CUST_00582,2023-07-19,Home & Kitchen,2,192.68,385.36,completed,wallet
ORD_0002209,CUST_01983,2023-10-14,Home & Kitchen,2,376.75,753.5,completed,wallet
ORD_0002210,CUST_00378,2024-05-21,Apparel,4,286.19,1144.76,completed,wallet
ORD_0002211,CUST_00816,2024-05-31,Sports,4,474.82,1899.28,completed,upi
ORD_0002212,CUST_00388,2024-04-01,Sports,4,309.02,1236.08,returned,upi
ORD_0002213,CUST_01205,2024-05-10,Home & Kitchen,5,131.48,657.4,completed,wallet
ORD_0002214,CUST_01772,2024-04-11,Beauty,5,262.23,1311.15,completed,upi
ORD_0002215,CUST_00763,2024-04-03,Apparel,1,157.53,157.53,completed,upi
ORD_0002216,CUST_00101,2024-01-28,Apparel,3,448.64,1345.92,completed,upi
ORD_0002217,CUST_01236,2024-05-28,Sports,2,488.25,976.5,completed,upi
ORD_0002218,CUST_00825,2023-08-21,Electronics,1,12.16,12.16,completed,card
ORD_0002219,CUST_01337,2024-05-14,Sports,4,81.92,327.68,completed,card
ORD_0002220,CUST_01960,2024-05-21,Home & Kitchen,2,427.91,855.82,completed,card
ORD_0002221,CUST_00446,2024-01-13,Sports,1,18.16,18.16,returned,wallet
ORD_0002222,CUST_00659,2023-10-06,Electronics,5,240.33,1201.65,completed,wallet
ORD_0002223,CUST_01320,2024-06-02,Beauty,4,155.58,622.32,completed,upi
ORD_0002224,CUST_00608,2023-03-22,Beauty,3,314.32,942.96,completed,card
ORD_0002225,CUST_01063,2023-08-09,Apparel,2,175.04,350.08,completed,wallet
ORD_0002226,CUST_00874,2023-12-18,Electronics,5,471.77,2358.85,completed,netbanking
ORD_0002227,CUST_01145,2024-06-29,Sports,4,71.29,285.16,cancelled,card
ORD_0002228,CUST_01330,2023-10-15,Electronics,4,271.62,1086.48,completed,netbanking
ORD_0002229,CUST_00504,2024-05-31,Books,1,229.79,229.79,completed,wallet
ORD_0002230,CUST_01172,2024-03-21,Beauty,4,84.93,339.72,returned,netbanking
ORD_0002231,CUST_01740,2024-06-27,Home & Kitchen,1,161.7,161.7,completed,card
ORD_0002232,CUST_01456,2023-08-26,Electronics,3,120.5,361.5,completed,wallet
ORD_0002233,CUST_01353,2024-05-15,Electronics,3,426.7,1280.1,completed,wallet
ORD_0002234,CUST_01004,2024-04-02,Electronics,2,324.75,649.5,completed,netbanking
ORD_0002235,CUST_00128,2023-09-21,Sports,4,52.21,208.84,completed,upi
ORD_0002236,CUST_01979,2023-07-05,Sports,2,350.54,701.08,completed,card
ORD_0002237,CUST_01210,2024-02-18,Apparel,5,247.29,1236.45,completed,upi
ORD_0002238,CUST_00611,2024-04-19,Home & Kitchen,3,427.36,1282.08,completed,wallet
ORD_0002239,CUST_00587,2023-06-01,Electronics,3,251.75,755.25,completed,wallet
ORD_0002240,CUST_01774,2024-01-17,Electronics,2,164.44,328.88,cancelled,card
ORD_0002241,CUST_01417,2024-05-21,Sports,4,167.45,669.8,completed,wallet
ORD_0002242,CUST_01290,2023-09-13,Home & Kitchen,5,428.12,2140.6,completed,upi
ORD_0002243,CUST_01969,2024-04-29,Sports,2,433.29,866.58,completed,netbanking
ORD_0002244,CUST_00721,2024-01-16,Electronics,2,486.07,972.14,completed,card
ORD_0002245,CUST_01144,2024-01-19,Home & Kitchen,5,10.7,53.5,completed,card
ORD_0002246,CUST_01493,2023-05-07,Books,3,448.64,1345.92,completed,wallet
ORD_0002247,CUST_01371,2024-01-30,Electronics,2,305.11,610.22,cancelled,card
ORD_0002248,CUST_01325,2024-04-21,Home & Kitchen,4,11.31,45.24,completed,upi
ORD_0002249,CUST_01828,2023-09-05,Home & Kitchen,3,166.27,498.81,completed,netbanking
ORD_0002250,CUST_00038,2024-04-14,Beauty,2,306.05,612.1,completed,upi
ORD_0002251,CUST_00167,2024-05-23,Apparel,5,21.82,109.1,completed,wallet
ORD_0002252,CUST_01575,2023-12-26,Home & Kitchen,1,126.88,126.88,returned,wallet
ORD_0002253,CUST_01402,2023-11-20,Sports,1,333.43,333.43,completed,upi
ORD_0002254,CUST_00803,2024-01-10,Home & Kitchen,2,307.95,615.9,completed,wallet
ORD_0002255,CUST_00579,2024-06-22,Apparel,4,357.54,1430.16,returned,upi
ORD_0002256,CUST_00702,2023-12-12,Apparel,2,108.03,216.06,completed,wallet
ORD_0002257,CUST_00615,2023-11-11,Sports,1,256.53,256.53,returned,wallet
ORD_0002258,CUST_00999,2023-12-26,Sports,5,362.71,1813.55,completed,card
ORD_0002259,CUST_01222,2024-05-24,Beauty,1,489.72,489.72,completed,card
ORD_0002260,CUST_01108,2024-04-26,Apparel,2,48.63,97.26,completed,upi
ORD_0002261,CUST_01661,2024-03-18,Home & Kitchen,4,59.12,236.48,completed,netbanking
ORD_0002262,CUST_01149,2023-02-20,Books,3,89.86,269.58,completed,card
ORD_0002263,CUST_00229,2024-05-25,Books,1,154.67,154.67,completed,upi
ORD_0002264,CUST_00301,2023-10-21,Books,3,120.68,362.04,completed,wallet
ORD_0002265,CUST_00978,2023-10-30,Home & Kitchen,3,358.46,1075.38,completed,card
ORD_0002266,CUST_01769,2024-06-28,Apparel,2,460.07,920.14,completed,card
ORD_0002267,CUST_00593,2023-12-02,Sports,1,413.2,413.2,completed,upi
ORD_0002268,CUST_01181,2024-05-30,Books,4,439.43,1757.72,returned,wallet
ORD_0002269,CUST_00271,2024-06-13,Beauty,2,131.61,263.22,completed,wallet
ORD_0002270,CUST_01890,2024-05-13,Electronics,3,123.71,371.13,completed,wallet
ORD_0002271,CUST_00151,2024-06-12,Apparel,5,157.58,787.9,completed,wallet
ORD_0002272,CUST_00013,2023-12-25,Electronics,4,263.29,1053.16,completed,card
ORD_0002273,CUST_00806,2023-11-25,Apparel,1,204.14,204.14,completed,card
ORD_0002274,CUST_00760,2023-07-14,Beauty,2,368.15,736.3,completed,wallet
ORD_0002275,CUST_00545,2023-09-19,Electronics,5,277.05,1385.25,completed,upi
ORD_0002276,CUST_01202,2023-04-13,Apparel,5,67.94,339.7,completed,upi
ORD_0002277,CUST_01309,2024-02-21,Electronics,2,188.76,377.52,completed,netbanking
ORD_0002278,CUST_00324,2024-04-26,Sports,4,380.91,1523.64,completed,netbanking
ORD_0002279,CUST_00474,2023-09-15,Apparel,5,328.13,1640.65,cancelled,card
ORD_0002280,CUST_00102,2024-05-11,Books,4,31.06,124.24,completed,wallet
ORD_0002281,CUST_01914,2023-12-22,Home & Kitchen,3,136.31,408.93,cancelled,upi
ORD_0002282,CUST_00090,2023-12-10,Sports,3,376.1,1128.3,completed,netbanking
ORD_0002283,CUST_01896,2024-02-28,Electronics,2,261.75,523.5,completed,card
ORD_0002284,CUST_01472,2024-04-27,Beauty,5,200.74,1003.7,completed,upi
ORD_0002285,CUST_00581,2024-06-27,Books,3,383.41,1150.23,cancelled,upi
ORD_0002286,CUST_01776,2023-10-07,Home & Kitchen,5,399.15,1995.75,completed,wallet
ORD_0002287,CUST_01263,2024-04-17,Books,1,164.29,164.29,completed,upi
ORD_0002288,CUST_01986,2024-06-09,Books,4,60.24,240.96,returned,netbanking
ORD_0002289,CUST_01110,2024-06-03,Home & Kitchen,1,229.34,229.34,completed,upi
ORD_0002290,CUST_01552,2024-06-04,Apparel,4,17.85,71.4,completed,card
ORD_0002291,CUST_00750,2024-02-14,Home & Kitchen,3,23.3,69.9,cancelled,card
ORD_0002292,CUST_00139,2024-06-05,Beauty,2,342.89,685.78,cancelled,wallet
ORD_0002293,CUST_01018,2024-05-13,Electronics,1,164.85,164.85,completed,wallet
ORD_0002294,CUST_01172,2024-01-29,Home & Kitchen,3,73.17,219.51,completed,upi
ORD_0002295,CUST_00503,2024-05-08,Sports,3,160.71,482.13,completed,wallet
ORD_0002296,CUST_01984,2024-05-13,Beauty,3,114.75,344.25,returned,wallet
ORD_0002297,CUST_01196,2023-02-16,Electronics,3,364.1,1092.3,completed,card
ORD_0002298,CUST_01554,2024-04-29,Books,5,270.43,1352.15,cancelled,netbanking
ORD_0002299,CUST_01736,2024-05-23,Home & Kitchen,5,115.25,576.25,completed,card
ORD_0002300,CUST_01135,2024-02-17,Beauty,2,441.73,883.46,completed,netbanking
ORD_0002301,CUST_01285,2024-06-20,Electronics,4,277.99,1111.96,completed,wallet
ORD_0002302,CUST_00101,2024-05-03,Beauty,2,485.57,971.14,completed,wallet
ORD_0002303,CUST_01642,2023-10-25,Electronics,5,140.02,700.1,returned,card
ORD_0002304,CUST_01155,2023-09-13,Home & Kitchen,2,22.5,45.0,completed,upi
ORD_0002305,CUST_00445,2024-01-28,Sports,2,348.19,696.38,completed,upi
ORD_0002306,CUST_01611,2024-06-25,Books,2,113.05,226.1,completed,card
ORD_0002307,CUST_00382,2024-05-26,Apparel,2,167.85,335.7,returned,wallet
ORD_0002308,CUST_00771,2024-06-23,Home & Kitchen,5,329.83,1649.15,completed,wallet
ORD_0002309,CUST_01881,2024-05-02,Apparel,5,467.19,2335.95,completed,netbanking
ORD_0002310,CUST_01335,2024-01-01,Beauty,1,76.95,76.95,completed,card
ORD_0002311,CUST_00515,2023-11-12,Apparel,1,217.4,217.4,completed,upi
ORD_0002312,CUST_01058,2024-05-18,Home & Kitchen,3,77.76,233.28,completed,card
ORD_0002313,CUST_01239,2024-06-23,Sports,5,83.17,415.85,completed,wallet
ORD_0002314,CUST_00679,2024-05-25,Home & Kitchen,3,432.38,1297.14,returned,netbanking
ORD_0002315,CUST_00260,2024-06-09,Books,4,38.2,152.8,completed,card
ORD_0002316,CUST_00414,2024-06-24,Electronics,2,70.91,141.82,completed,wallet
ORD_0002317,CUST_01616,2024-06-10,Apparel,2,114.58,229.16,completed,wallet
ORD_0002318,CUST_01281,2024-06-28,Books,2,457.66,915.32,completed,wallet
ORD_0002319,CUST_00448,2024-01-26,Beauty,1,212.93,212.93,completed,card
ORD_0002320,CUST_01956,2023-11-28,Beauty,4,464.99,1859.96,completed,wallet
ORD_0002321,CUST_00008,2023-07-14,Apparel,5,187.13,935.65,completed,card
ORD_0002322,CUST_00687,2024-04-22,Sports,3,93.03,279.09,completed,upi
ORD_0002323,CUST_01291,2024-02-24,Electronics,1,366.67,366.67,completed,netbanking
ORD_0002324,CUST_01491,2023-12-30,Home & Kitchen,2,449.92,899.84,completed,wallet
ORD_0002325,CUST_00970,2024-04-28,Books,3,258.1,774.3,completed,upi
ORD_0002326,CUST_00761,2024-04-15,Books,1,422.5,422.5,returned,card
ORD_0002327,CUST_01726,2023-12-28,Apparel,2,356.22,712.44,returned,netbanking
ORD_0002328,CUST_01300,2024-03-25,Beauty,3,473.46,1420.38,completed,wallet
ORD_0002329,CUST_00548,2024-01-17,Sports,5,247.98,1239.9,completed,upi
ORD_0002330,CUST_01203,2024-05-06,Beauty,5,342.89,1714.45,completed,netbanking
ORD_0002331,CUST_01725,2024-03-21,Beauty,3,303.37,910.11,completed,card
ORD_0002332,CUST_01207,2024-05-23,Home & Kitchen,5,445.47,2227.35,completed,netbanking
ORD_0002333,CUST_01224,2023-07-24,Books,2,413.53,827.06,completed,upi
ORD_0002334,CUST_00270,2024-05-18,Books,5,136.05,680.25,completed,card
ORD_0002335,CUST_00322,2024-01-12,Home & Kitchen,1,171.47,171.47,completed,netbanking
ORD_0002336,CUST_00467,2024-02-19,Electronics,1,11.99,11.99,completed,wallet
ORD_0002337,CUST_00895,2024-06-23,Apparel,2,77.35,154.7,returned,netbanking
ORD_0002338,CUST_01924,2024-05-27,Beauty,3,94.58,283.74,completed,wallet
ORD_0002339,CUST_01465,2024-02-22,Electronics,5,351.07,1755.35,returned,upi
ORD_0002340,CUST_01862,2024-01-21,Beauty,2,230.61,461.22,completed,wallet
ORD_0002341,CUST_00119,2024-03-10,Home & Kitchen,5,486.53,2432.65,completed,card
ORD_0002342,CUST_00788,2024-03-23,Home & Kitchen,2,351.96,703.92,completed,netbanking
ORD_0002343,CUST_00821,2023-10-07,Sports,4,376.31,1505.24,completed,netbanking
ORD_0002344,CUST_00802,2023-02-18,Beauty,3,262.49,787.47,completed,netbanking
ORD_0002345,CUST_01162,2024-04-02,Sports,2,442.95,885.9,completed,card
ORD_0002346,CUST_01754,2024-06-25,Books,4,85.53,342.12,returned,card
ORD_0002347,CUST_01720,2024-05-29,Apparel,1,291.22,291.22,completed,wallet
ORD_0002348,CUST_00821,2023-08-01,Home & Kitchen,1,58.48,58.48,completed,netbanking
ORD_0002349,CUST_01501,2024-03-29,Home & Kitchen,5,209.1,1045.5,completed,wallet
ORD_0002350,CUST_00661,2023-12-30,Home & Kitchen,3,445.34,1336.02,completed,upi
ORD_0002351,CUST_00522,2024-06-12,Electronics,4,144.54,578.16,completed,wallet
ORD_0002352,CUST_00692,2024-02-24,Apparel,4,406.08,1624.32,completed,card
ORD_0002353,CUST_00732,2023-09-03,Home & Kitchen,4,197.47,789.88,completed,upi
ORD_0002354,CUST_00359,2023-08-20,Sports,3,137.4,412.2,completed,wallet
ORD_0002355,CUST_01911,2024-03-12,Apparel,1,80.41,80.41,completed,wallet
ORD_0002356,CUST_01869,2024-05-24,Apparel,4,18.31,73.24,returned,wallet
ORD_0002357,CUST_01777,2024-04-09,Apparel,1,231.78,231.78,completed,card
ORD_0002358,CUST_01807,2024-06-26,Home & Kitchen,3,406.84,1220.52,completed,upi
ORD_0002359,CUST_01050,2024-03-01,Electronics,4,39.76,159.04,completed,netbanking
ORD_0002360,CUST_01498,2023-03-03,Sports,5,309.61,1548.05,completed,netbanking
ORD_0002361,CUST_01530,2023-08-22,Sports,2,141.86,283.72,completed,wallet
ORD_0002362,CUST_01307,2024-06-15,Books,5,243.05,1215.25,returned,wallet
ORD_0002363,CUST_00277,2023-09-09,Sports,3,495.11,1485.33,completed,upi
ORD_0002364,CUST_00743,2024-06-26,Electronics,5,142.44,712.2,completed,card
ORD_0002365,CUST_00951,2024-02-06,Books,3,379.21,1137.63,completed,wallet
ORD_0002366,CUST_00613,2024-06-01,Books,1,290.78,290.78,completed,upi
ORD_0002367,CUST_01174,2023-09-27,Sports,1,445.24,445.24,returned,card
ORD_0002368,CUST_00288,2024-04-26,Sports,1,92.6,92.6,completed,upi
ORD_0002369,CUST_01333,2023-02-06,Home & Kitchen,2,485.02,970.04,returned,upi
ORD_0002370,CUST_00681,2024-04-04,Electronics,5,422.34,2111.7,completed,netbanking
ORD_0002371,CUST_00315,2024-06-05,Beauty,2,57.21,114.42,completed,wallet
ORD_0002372,CUST_00965,2023-10-21,Home & Kitchen,5,224.02,1120.1,completed,card
ORD_0002373,CUST_01345,2024-04-23,Books,1,261.6,261.6,completed,upi
ORD_0002374,CUST_00413,2023-03-29,Beauty,5,265.76,1328.8,completed,netbanking
ORD_0002375,CUST_01612,2024-06-24,Home & Kitchen,4,351.19,1404.76,completed,wallet
ORD_0002376,CUST_00326,2023-10-25,Books,2,92.46,184.92,completed,netbanking
ORD_0002377,CUST_01480,2024-04-02,Home & Kitchen,4,361.04,1444.16,completed,wallet
ORD_0002378,CUST_01718,2024-03-14,Apparel,3,464.75,1394.25,completed,wallet
ORD_0002379,CUST_00395,2024-04-08,Apparel,1,198.13,198.13,returned,upi
ORD_0002380,CUST_01346,2024-05-18,Sports,1,192.04,192.04,cancelled,card
ORD_0002381,CUST_00960,2024-05-16,Apparel,5,83.28,416.4,returned,netbanking
ORD_0002382,CUST_01683,2024-06-03,Sports,5,163.07,815.35,completed,card
ORD_0002383,CUST_01912,2024-02-07,Books,2,125.42,250.84,completed,upi
ORD_0002384,CUST_01339,2024-06-20,Sports,1,230.64,230.64,cancelled,card
ORD_0002385,CUST_00311,2024-06-21,Beauty,2,121.71,243.42,returned,card
ORD_0002386,CUST_00074,2024-03-28,Beauty,3,413.71,1241.13,completed,wallet
ORD_0002387,CUST_00114,2024-06-09,Books,5,147.47,737.35,cancelled,netbanking
ORD_0002388,CUST_01441,2024-02-01,Books,1,317.28,317.28,completed,netbanking
ORD_0002389,CUST_00643,2024-02-20,Sports,5,267.16,1335.8,completed,card
ORD_0002390,CUST_01727,2024-04-06,Electronics,2,236.75,473.5,completed,card
ORD_0002391,CUST_00657,2024-04-29,Sports,5,38.45,192.25,completed,wallet
ORD_0002392,CUST_00344,2024-04-02,Home & Kitchen,5,112.94,564.7,completed,wallet
ORD_0002393,CUST_00842,2024-04-17,Apparel,5,21.19,105.95,cancelled,wallet
ORD_0002394,CUST_00817,2024-06-28,Books,2,126.51,253.02,completed,upi
ORD_0002395,CUST_00235,2024-06-02,Home & Kitchen,5,23.64,118.2,completed,card
ORD_0002396,CUST_00317,2024-06-09,Beauty,5,325.34,1626.7,completed,card
ORD_0002397,CUST_01047,2024-03-27,Books,1,327.93,327.93,completed,wallet
ORD_0002398,CUST_00795,2023-12-01,Sports,1,33.06,33.06,completed,wallet
ORD_0002399,CUST_01597,2023-06-25,Books,5,281.86,1409.3,completed,upi
ORD_0002400,CUST_00459,2024-04-23,Books,5,334.74,1673.7,completed,wallet
ORD_0002401,CUST_01887,2023-02-15,Electronics,2,359.78,719.56,completed,netbanking
ORD_0002402,CUST_00943,2024-06-11,Sports,5,212.74,1063.7,completed,upi
ORD_0002403,CUST_01996,2023-11-23,Books,3,183.6,550.8,completed,wallet
ORD_0002404,CUST_00906,2024-02-12,Beauty,1,385.3,385.3,returned,upi
ORD_0002405,CUST_00206,2023-11-17,Electronics,3,176.72,530.16,completed,netbanking
ORD_0002406,CUST_00902,2023-12-08,Electronics,3,72.21,216.63,completed,upi
ORD_0002407,CUST_01058,2024-05-17,Home & Kitchen,3,139.06,417.18,completed,upi
ORD_0002408,CUST_00215,2023-12-25,Books,3,41.3,123.9,cancelled,card
ORD_0002409,CUST_01542,2023-08-17,Home & Kitchen,2,489.1,978.2,returned,upi
ORD_0002410,CUST_00821,2024-01-05,Beauty,4,65.77,263.08,completed,card
ORD_0002411,CUST_01524,2024-03-08,Books,5,323.04,1615.2,completed,card
ORD_0002412,CUST_01790,2024-06-17,Home & Kitchen,2,123.73,247.46,returned,netbanking
ORD_0002413,CUST_00732,2024-01-19,Books,5,153.03,765.15,cancelled,netbanking
ORD_0002414,CUST_00051,2023-07-01,Books,4,365.55,1462.2,cancelled,card
ORD_0002415,CUST_00136,2024-05-03,Sports,2,469.43,938.86,completed,upi
ORD_0002416,CUST_01554,2024-04-09,Electronics,5,334.32,1671.6,completed,wallet
ORD_0002417,CUST_00750,2024-01-25,Beauty,2,304.69,609.38,completed,wallet
ORD_0002418,CUST_00479,2023-09-22,Sports,5,202.81,1014.05,completed,upi
ORD_0002419,CUST_01456,2023-05-21,Electronics,2,286.81,573.62,completed,netbanking
ORD_0002420,CUST_01888,2024-03-26,Apparel,2,498.0,996.0,completed,netbanking
ORD_0002421,CUST_00186,2024-06-09,Home & Kitchen,3,43.79,131.37,completed,netbanking
ORD_0002422,CUST_01101,2023-09-10,Books,5,222.09,1110.45,completed,wallet
ORD_0002423,CUST_01865,2023-10-26,Books,3,152.89,458.67,returned,netbanking
ORD_0002424,CUST_00797,2023-10-05,Beauty,1,179.22,179.22,completed,netbanking
ORD_0002425,CUST_01332,2024-02-01,Sports,4,141.18,564.72,completed,card
ORD_0002426,CUST_00906,2023-11-14,Apparel,3,16.42,49.26,returned,card
ORD_0002427,CUST_01052,2023-06-28,Electronics,4,286.62,1146.48,completed,netbanking
ORD_0002428,CUST_01826,2023-07-21,Home & Kitchen,2,395.98,791.96,returned,wallet
ORD_0002429,CUST_00792,2024-05-14,Home & Kitchen,1,355.55,355.55,returned,upi
ORD_0002430,CUST_01422,2024-02-02,Beauty,4,151.01,604.04,cancelled,upi
ORD_0002431,CUST_01098,2024-01-12,Apparel,3,335.56,1006.68,cancelled,card
ORD_0002432,CUST_01663,2023-09-06,Beauty,4,481.24,1924.96,completed,card
ORD_0002433,CUST_01178,2024-06-02,Apparel,2,67.11,134.22,completed,wallet
ORD_0002434,CUST_00942,2023-11-24,Books,5,375.65,1878.25,completed,card
ORD_0002435,CUST_00004,2024-04-25,Apparel,3,375.83,1127.49,completed,card
ORD_0002436,CUST_00276,2023-10-28,Apparel,2,343.21,686.42,completed,card
ORD_0002437,CUST_00149,2023-11-08,Sports,4,486.25,1945.0,completed,wallet
ORD_0002438,CUST_01000,2024-02-07,Electronics,5,372.77,1863.85,completed,wallet
ORD_0002439,CUST_01259,2023-08-06,Home & Kitchen,3,83.35,250.05,completed,wallet
ORD_0002440,CUST_00247,2023-11-22,Apparel,3,23.17,69.51,completed,netbanking
ORD_0002441,CUST_00129,2024-01-10,Home & Kitchen,3,427.21,1281.63,completed,netbanking
ORD_0002442,CUST_00287,2024-06-04,Books,1,63.91,63.91,completed,upi
ORD_0002443,CUST_00778,2023-06-24,Home & Kitchen,1,288.12,288.12,completed,wallet
ORD_0002444,CUST_01831,2024-06-24,Apparel,3,184.44,553.32,completed,wallet
ORD_0002445,CUST_01404,2024-06-20,Home & Kitchen,4,426.89,1707.56,returned,netbanking
ORD_0002446,CUST_01245,2023-06-17,Sports,1,115.99,115.99,completed,upi
ORD_0002447,CUST_01522,2024-06-27,Beauty,3,178.19,534.57,completed,upi
ORD_0002448,CUST_01704,2023-11-22,Home & Kitchen,3,463.42,1390.26,returned,wallet
ORD_0002449,CUST_00986,2023-10-04,Sports,2,271.38,542.76,completed,card
ORD_0002450,CUST_00616,2024-06-22,Electronics,2,478.77,957.54,completed,netbanking
ORD_0002451,CUST_00566,2024-02-08,Books,1,193.15,193.15,completed,upi
ORD_0002452,CUST_00305,2024-02-09,Beauty,1,66.07,66.07,completed,wallet
ORD_0002453,CUST_01078,2024-04-15,Home & Kitchen,4,298.92,1195.68,completed,upi
ORD_0002454,CUST_01792,2024-06-23,Sports,1,151.85,151.85,completed,upi
ORD_0002455,CUST_00903,2024-06-14,Sports,4,218.2,872.8,completed,netbanking
ORD_0002456,CUST_01029,2023-08-09,Beauty,1,58.94,58.94,completed,upi
ORD_0002457,CUST_00176,2024-01-14,Home & Kitchen,2,295.32,590.64,completed,card
ORD_0002458,CUST_00513,2024-03-27,Books,4,245.87,983.48,completed,card
ORD_0002459,CUST_01936,2024-05-31,Sports,1,248.07,248.07,completed,wallet
ORD_0002460,CUST_00200,2024-04-07,Beauty,5,338.97,1694.85,completed,wallet
ORD_0002461,CUST_00617,2023-10-15,Electronics,3,382.87,1148.61,completed,card
ORD_0002462,CUST_00293,2024-04-27,Apparel,5,331.7,1658.5,cancelled,card
ORD_0002463,CUST_00763,2024-01-28,Apparel,2,356.29,712.58,completed,card
ORD_0002464,CUST_00109,2023-10-20,Sports,2,36.56,73.12,completed,netbanking
ORD_0002465,CUST_01326,2024-06-18,Electronics,3,455.87,1367.61,completed,upi
ORD_0002466,CUST_00345,2023-10-03,Apparel,1,56.95,56.95,completed,wallet
ORD_0002467,CUST_00984,2023-08-07,Home & Kitchen,1,164.36,164.36,completed,upi
ORD_0002468,CUST_00040,2023-04-09,Apparel,4,217.95,871.8,completed,upi
ORD_0002469,CUST_00264,2024-04-03,Electronics,2,146.15,292.3,cancelled,upi
ORD_0002470,CUST_01780,2024-04-15,Apparel,2,100.24,200.48,completed,wallet
ORD_0002471,CUST_00287,2024-03-28,Beauty,1,480.82,480.82,completed,card
ORD_0002472,CUST_01742,2024-06-08,Home & Kitchen,1,381.49,381.49,completed,upi
ORD_0002473,CUST_00458,2024-05-19,Beauty,1,104.29,104.29,completed,upi
ORD_0002474,CUST_01059,2024-05-01,Apparel,1,400.33,400.33,completed,netbanking
ORD_0002475,CUST_00688,2024-04-10,Apparel,3,173.29,519.87,completed,wallet
ORD_0002476,CUST_00612,2024-05-29,Electronics,5,226.92,1134.6,completed,wallet
ORD_0002477,CUST_00880,2023-07-06,Electronics,3,95.19,285.57,completed,netbanking
ORD_0002478,CUST_00507,2024-05-04,Books,4,321.95,1287.8,completed,upi
ORD_0002479,CUST_00567,2024-06-16,Beauty,5,279.56,1397.8,completed,wallet
ORD_0002480,CUST_01701,2023-08-03,Electronics,3,208.33,624.99,completed,upi
ORD_0002481,CUST_00786,2024-06-28,Home & Kitchen,4,191.74,766.96,completed,card
ORD_0002482,CUST_00548,2024-05-30,Home & Kitchen,4,480.61,1922.44,completed,card
ORD_0002483,CUST_01269,2024-06-23,Home & Kitchen,4,157.06,628.24,completed,netbanking
ORD_0002484,CUST_00449,2023-10-16,Beauty,4,426.0,1704.0,completed,netbanking
ORD_0002485,CUST_01799,2024-04-03,Books,3,462.65,1387.95,completed,netbanking
ORD_0002486,CUST_01366,2024-06-15,Sports,3,112.1,336.3,completed,wallet
ORD_0002487,CUST_00261,2024-06-04,Beauty,5,445.22,2226.1,completed,netbanking
ORD_0002488,CUST_00415,2024-06-27,Sports,4,251.98,1007.92,completed,card
ORD_0002489,CUST_00694,2024-04-07,Books,1,86.75,86.75,returned,wallet
ORD_0002490,CUST_01948,2023-09-15,Home & Kitchen,5,466.29,2331.45,completed,netbanking
ORD_0002491,CUST_00842,2024-06-23,Books,3,255.09,765.27,completed,card
ORD_0002492,CUST_00846,2023-12-19,Apparel,4,368.05,1472.2,completed,wallet
ORD_0002493,CUST_01209,2023-09-25,Sports,5,308.12,1540.6,completed,card
ORD_0002494,CUST_00851,2024-06-09,Beauty,3,431.61,1294.83,cancelled,card
ORD_0002495,CUST_00208,2023-12-15,Beauty,5,331.32,1656.6,completed,card
ORD_0002496,CUST_00502,2024-01-27,Books,4,405.13,1620.52,completed,card
ORD_0002497,CUST_00966,2024-06-20,Electronics,2,389.75,779.5,cancelled,netbanking
ORD_0002498,CUST_01099,2024-05-02,Beauty,4,479.86,1919.44,completed,upi
ORD_0002499,CUST_00792,2024-05-27,Electronics,3,291.17,873.51,completed,card
ORD_0002500,CUST_00585,2024-04-02,Home & Kitchen,2,300.15,600.3,completed,wallet
ORD_0002501,CUST_00813,2023-06-29,Apparel,3,324.79,974.37,completed,upi
ORD_0002502,CUST_00796,2024-06-22,Books,3,178.78,536.34,completed,upi
ORD_0002503,CUST_01225,2023-10-15,Sports,4,77.95,311.8,returned,netbanking
ORD_0002504,CUST_00024,2024-01-17,Home & Kitchen,4,412.11,1648.44,completed,card
ORD_0002505,CUST_01368,2023-05-06,Beauty,2,324.59,649.18,returned,netbanking
ORD_0002506,CUST_01162,2024-05-29,Books,1,314.0,314.0,cancelled,card
ORD_0002507,CUST_00844,2024-04-30,Apparel,2,117.03,234.06,completed,card
ORD_0002508,CUST_00215,2024-04-25,Sports,1,93.2,93.2,completed,wallet
ORD_0002509,CUST_01590,2023-11-02,Beauty,5,304.79,1523.95,completed,card
ORD_0002510,CUST_00399,2024-01-28,Home & Kitchen,2,143.36,286.72,completed,wallet
ORD_0002511,CUST_01707,2024-06-08,Home & Kitchen,2,478.92,957.84,completed,card
ORD_0002512,CUST_00577,2023-08-09,Beauty,5,277.28,1386.4,completed,card
ORD_0002513,CUST_01956,2023-03-19,Apparel,4,251.87,1007.48,completed,netbanking
ORD_0002514,CUST_01862,2024-04-10,Electronics,1,60.82,60.82,cancelled,card
ORD_0002515,CUST_01581,2024-01-03,Beauty,1,425.72,425.72,returned,upi
ORD_0002516,CUST_01831,2024-05-27,Books,2,269.51,539.02,returned,card
ORD_0002517,CUST_00828,2024-06-25,Electronics,1,376.5,376.5,returned,card
ORD_0002518,CUST_00505,2024-04-22,Apparel,2,69.77,139.54,completed,netbanking
ORD_0002519,CUST_00620,2024-04-25,Electronics,3,445.19,1335.57,completed,upi
ORD_0002520,CUST_00153,2024-02-04,Sports,1,350.72,350.72,cancelled,card
ORD_0002521,CUST_00995,2024-06-23,Sports,5,58.84,294.2,completed,card
ORD_0002522,CUST_00664,2024-03-31,Electronics,1,429.04,429.04,completed,card
ORD_0002523,CUST_00417,2024-05-09,Home & Kitchen,1,295.64,295.64,cancelled,card
ORD_0002524,CUST_00278,2023-11-25,Electronics,4,337.8,1351.2,completed,card
ORD_0002525,CUST_00593,2023-04-14,Sports,1,74.92,74.92,completed,netbanking
ORD_0002526,CUST_00650,2024-02-27,Electronics,4,467.59,1870.36,completed,upi
ORD_0002527,CUST_01987,2024-06-09,Home & Kitchen,4,426.07,1704.28,completed,netbanking
ORD_0002528,CUST_01762,2023-12-27,Apparel,2,306.54,613.08,completed,card
ORD_0002529,CUST_00077,2024-05-23,Electronics,3,311.18,933.54,completed,wallet
ORD_0002530,CUST_00251,2024-06-04,Apparel,5,499.38,2496.9,completed,upi
ORD_0002531,CUST_00244,2024-01-30,Electronics,3,439.71,1319.13,completed,card
ORD_0002532,CUST_01885,2024-06-17,Books,2,172.42,344.84,completed,wallet
ORD_0002533,CUST_01978,2024-01-11,Sports,4,42.54,170.16,completed,netbanking
ORD_0002534,CUST_00691,2023-10-21,Beauty,3,95.99,287.97,completed,netbanking
ORD_0002535,CUST_01830,2023-06-07,Home & Kitchen,1,78.07,78.07,completed,card
ORD_0002536,CUST_01914,2024-05-03,Beauty,5,275.96,1379.8,completed,netbanking
ORD_0002537,CUST_00873,2024-05-04,Sports,5,148.33,741.65,cancelled,upi
ORD_0002538,CUST_00120,2023-12-10,Beauty,3,61.91,185.73,completed,netbanking
ORD_0002539,CUST_00887,2024-05-11,Books,3,470.14,1410.42,completed,netbanking
ORD_0002540,CUST_01594,2024-03-27,Apparel,3,444.38,1333.14,completed,card
ORD_0002541,CUST_00934,2024-03-25,Beauty,4,208.05,832.2,completed,netbanking
ORD_0002542,CUST_00054,2023-09-06,Books,4,438.23,1752.92,completed,card
ORD_0002543,CUST_00170,2023-12-23,Apparel,3,64.49,193.47,completed,wallet
ORD_0002544,CUST_01043,2024-03-22,Beauty,2,137.72,275.44,completed,card
ORD_0002545,CUST_01796,2024-03-06,Books,1,484.51,484.51,completed,card
ORD_0002546,CUST_01377,2023-09-15,Sports,1,248.06,248.06,completed,wallet
ORD_0002547,CUST_00835,2023-12-26,Electronics,2,255.73,511.46,completed,upi
ORD_0002548,CUST_00287,2024-05-06,Apparel,2,280.57,561.14,completed,upi
ORD_0002549,CUST_00582,2023-06-02,Home & Kitchen,5,146.07,730.35,returned,upi
ORD_0002550,CUST_00734,2024-03-23,Electronics,1,10.62,10.62,completed,netbanking
ORD_0002551,CUST_00927,2024-05-29,Electronics,1,121.79,121.79,completed,upi
ORD_0002552,CUST_00711,2023-12-17,Books,3,105.17,315.51,cancelled,upi
ORD_0002553,CUST_01570,2024-06-29,Electronics,5,300.09,1500.45,completed,wallet
ORD_0002554,CUST_00593,2023-05-04,Sports,3,478.68,1436.04,cancelled,wallet
ORD_0002555,CUST_01074,2023-08-15,Sports,1,72.53,72.53,completed,card
ORD_0002556,CUST_00049,2024-04-22,Beauty,1,314.8,314.8,cancelled,upi
ORD_0002557,CUST_00618,2023-05-13,Apparel,5,173.12,865.6,completed,card
ORD_0002558,CUST_01905,2023-11-21,Books,3,240.06,720.18,completed,netbanking
ORD_0002559,CUST_01501,2023-07-24,Electronics,5,27.83,139.15,completed,upi
ORD_0002560,CUST_00047,2024-04-21,Books,2,380.43,760.86,cancelled,card
ORD_0002561,CUST_01380,2023-09-24,Electronics,4,283.56,1134.24,completed,card
ORD_0002562,CUST_00455,2024-06-18,Beauty,5,365.43,1827.15,completed,upi
ORD_0002563,CUST_01684,2024-05-15,Electronics,4,302.16,1208.64,completed,netbanking
ORD_0002564,CUST_01132,2024-03-08,Home & Kitchen,3,458.32,1374.96,completed,netbanking
ORD_0002565,CUST_01430,2023-03-22,Apparel,5,382.17,1910.85,completed,card
ORD_0002566,CUST_01709,2024-06-04,Sports,5,482.72,2413.6,completed,netbanking
ORD_0002567,CUST_00736,2024-06-24,Sports,2,264.7,529.4,completed,wallet
ORD_0002568,CUST_00137,2024-03-03,Books,4,172.45,689.8,completed,wallet
ORD_0002569,CUST_01549,2024-06-22,Electronics,3,227.58,682.74,completed,netbanking
ORD_0002570,CUST_00295,2024-05-12,Apparel,4,55.67,222.68,completed,card
ORD_0002571,CUST_00613,2023-06-17,Beauty,2,185.27,370.54,completed,netbanking
ORD_0002572,CUST_00399,2024-05-05,Apparel,4,311.81,1247.24,completed,wallet
ORD_0002573,CUST_00606,2023-10-09,Books,3,235.31,705.93,returned,upi
ORD_0002574,CUST_00662,2024-06-22,Beauty,1,270.43,270.43,completed,upi
ORD_0002575,CUST_01846,2024-06-21,Sports,2,114.16,228.32,completed,card
ORD_0002576,CUST_00561,2024-01-01,Home & Kitchen,4,357.61,1430.44,completed,netbanking
ORD_0002577,CUST_00701,2023-12-09,Home & Kitchen,4,304.16,1216.64,completed,netbanking
ORD_0002578,CUST_00940,2023-09-07,Books,5,464.79,2323.95,completed,wallet
ORD_0002579,CUST_01154,2023-11-05,Apparel,1,89.44,89.44,completed,card
ORD_0002580,CUST_00490,2023-08-25,Sports,2,332.0,664.0,completed,netbanking
ORD_0002581,CUST_00735,2023-08-04,Home & Kitchen,2,425.67,851.34,completed,upi
ORD_0002582,CUST_01076,2024-04-02,Electronics,2,32.57,65.14,returned,upi
ORD_0002583,CUST_01240,2024-02-15,Beauty,4,100.06,400.24,completed,card
ORD_0002584,CUST_00907,2023-05-16,Apparel,1,247.82,247.82,completed,upi
ORD_0002585,CUST_00055,2024-03-24,Sports,1,209.55,209.55,cancelled,upi
ORD_0002586,CUST_01854,2023-08-03,Sports,3,345.39,1036.17,completed,wallet
ORD_0002587,CUST_00784,2024-04-08,Electronics,2,242.66,485.32,completed,upi
ORD_0002588,CUST_01679,2024-01-09,Electronics,1,485.87,485.87,returned,upi
ORD_0002589,CUST_01025,2023-09-20,Home & Kitchen,3,270.49,811.47,completed,upi
ORD_0002590,CUST_00093,2024-01-31,Electronics,1,338.99,338.99,completed,upi
ORD_0002591,CUST_01317,2023-07-27,Apparel,2,193.09,386.18,completed,wallet
ORD_0002592,CUST_00174,2024-05-03,Beauty,1,11.0,11.0,completed,netbanking
ORD_0002593,CUST_00882,2023-08-22,Home & Kitchen,4,81.64,326.56,completed,netbanking
ORD_0002594,CUST_01434,2024-04-08,Home & Kitchen,1,261.91,261.91,completed,netbanking
ORD_0002595,CUST_00006,2024-03-14,Apparel,5,498.77,2493.85,completed,netbanking
ORD_0002596,CUST_01626,2024-06-29,Apparel,3,366.2,1098.6,completed,upi
ORD_0002597,CUST_00170,2024-03-03,Sports,4,238.07,952.28,completed,netbanking
ORD_0002598,CUST_00679,2023-12-05,Home & Kitchen,3,226.13,678.39,returned,wallet
ORD_0002599,CUST_00027,2024-01-18,Home & Kitchen,5,154.89,774.45,completed,card
ORD_0002600,CUST_01885,2024-06-04,Books,4,487.27,1949.08,cancelled,wallet
ORD_0002601,CUST_00697,2024-01-13,Books,3,96.62,289.86,completed,wallet
ORD_0002602,CUST_00138,2024-04-17,Apparel,1,394.03,394.03,completed,netbanking
ORD_0002603,CUST_00977,2024-06-23,Electronics,1,209.31,209.31,completed,card
ORD_0002604,CUST_00320,2024-06-23,Electronics,2,43.92,87.84,completed,wallet
ORD_0002605,CUST_00050,2024-03-28,Apparel,4,319.97,1279.88,completed,upi
ORD_0002606,CUST_00310,2024-06-02,Home & Kitchen,4,70.31,281.24,completed,card
ORD_0002607,CUST_01780,2023-10-23,Sports,4,411.17,1644.68,completed,netbanking
ORD_0002608,CUST_00849,2023-07-18,Home & Kitchen,4,51.05,204.2,returned,netbanking
ORD_0002609,CUST_00395,2023-07-20,Beauty,1,24.16,24.16,completed,netbanking
ORD_0002610,CUST_01583,2023-11-10,Sports,5,378.64,1893.2,returned,upi
ORD_0002611,CUST_01790,2024-02-14,Home & Kitchen,1,111.51,111.51,completed,wallet
ORD_0002612,CUST_00779,2024-06-04,Books,2,72.13,144.26,completed,netbanking
ORD_0002613,CUST_00212,2024-01-23,Beauty,5,108.83,544.15,completed,netbanking
ORD_0002614,CUST_01168,2024-04-26,Sports,3,448.79,1346.37,completed,card
ORD_0002615,CUST_00202,2023-11-29,Home & Kitchen,1,409.11,409.11,completed,wallet
ORD_0002616,CUST_00805,2024-01-16,Apparel,2,221.22,442.44,returned,netbanking
ORD_0002617,CUST_00131,2023-10-18,Home & Kitchen,4,99.7,398.8,completed,netbanking
ORD_0002618,CUST_00452,2023-10-12,Home & Kitchen,4,475.58,1902.32,completed,netbanking
ORD_0002619,CUST_01906,2024-04-25,Books,5,239.93,1199.65,completed,wallet
ORD_0002620,CUST_01048,2024-05-07,Apparel,5,218.66,1093.3,completed,netbanking
ORD_0002621,CUST_01451,2023-11-23,Books,1,20.61,20.61,completed,netbanking
ORD_0002622,CUST_00012,2024-03-31,Sports,5,73.5,367.5,completed,wallet
ORD_0002623,CUST_01094,2024-02-20,Beauty,1,80.06,80.06,completed,wallet
ORD_0002624,CUST_01569,2023-09-13,Beauty,4,439.14,1756.56,completed,upi
ORD_0002625,CUST_01515,2023-10-11,Sports,1,310.8,310.8,completed,netbanking
ORD_0002626,CUST_01403,2024-03-17,Sports,2,45.74,91.48,completed,wallet
ORD_0002627,CUST_01780,2024-06-29,Apparel,3,451.5,1354.5,completed,upi
ORD_0002628,CUST_00600,2024-03-18,Beauty,4,279.54,1118.16,cancelled,card
ORD_0002629,CUST_00588,2024-03-26,Books,4,364.28,1457.12,returned,upi
ORD_0002630,CUST_00766,2024-01-12,Beauty,5,152.73,763.65,completed,card
ORD_0002631,CUST_00417,2024-05-18,Electronics,5,269.54,1347.7,completed,upi
ORD_0002632,CUST_01586,2024-06-05,Beauty,2,227.9,455.8,returned,card
ORD_0002633,CUST_01898,2023-11-15,Books,3,41.37,124.11,completed,wallet
ORD_0002634,CUST_00025,2024-05-20,Apparel,2,209.42,418.84,completed,wallet
ORD_0002635,CUST_00411,2023-08-22,Apparel,1,43.0,43.0,returned,upi
ORD_0002636,CUST_00056,2024-02-08,Home & Kitchen,5,153.16,765.8,completed,netbanking
ORD_0002637,CUST_01584,2024-06-25,Apparel,5,109.72,548.6,completed,wallet
ORD_0002638,CUST_01384,2024-03-26,Sports,4,21.23,84.92,completed,wallet
ORD_0002639,CUST_01022,2024-03-23,Home & Kitchen,2,196.77,393.54,completed,netbanking
ORD_0002640,CUST_01243,2024-05-25,Sports,4,439.58,1758.32,completed,netbanking
ORD_0002641,CUST_01879,2023-11-24,Electronics,3,288.44,865.32,completed,upi
ORD_0002642,CUST_00299,2024-05-30,Electronics,5,191.09,955.45,returned,upi
ORD_0002643,CUST_00767,2024-01-05,Home & Kitchen,1,47.94,47.94,completed,card
ORD_0002644,CUST_00974,2024-01-23,Beauty,5,360.53,1802.65,completed,card
ORD_0002645,CUST_00444,2024-04-09,Beauty,5,292.76,1463.8,completed,netbanking
ORD_0002646,CUST_00523,2024-02-12,Electronics,1,40.0,40.0,completed,card
ORD_0002647,CUST_00714,2024-01-21,Home & Kitchen,4,447.87,1791.48,completed,upi
ORD_0002648,CUST_01708,2024-01-03,Beauty,2,265.99,531.98,completed,upi
ORD_0002649,CUST_00978,2023-11-14,Sports,4,166.65,666.6,completed,card
ORD_0002650,CUST_01279,2023-05-01,Sports,1,461.86,461.86,cancelled,wallet
ORD_0002651,CUST_00578,2024-02-21,Books,1,248.65,248.65,completed,card
ORD_0002652,CUST_00187,2024-04-27,Books,1,85.83,85.83,completed,card
ORD_0002653,CUST_00830,2024-05-16,Beauty,5,350.01,1750.05,completed,wallet
ORD_0002654,CUST_01438,2024-03-03,Home & Kitchen,4,55.76,223.04,completed,wallet
ORD_0002655,CUST_00869,2024-04-29,Sports,1,51.73,51.73,completed,wallet
ORD_0002656,CUST_00899,2024-04-29,Sports,5,370.55,1852.75,completed,upi
ORD_0002657,CUST_00328,2024-01-17,Electronics,1,243.47,243.47,completed,card
ORD_0002658,CUST_00682,2024-05-10,Home & Kitchen,2,193.7,387.4,completed,card
ORD_0002659,CUST_01205,2023-10-25,Beauty,4,170.29,681.16,completed,netbanking
ORD_0002660,CUST_00506,2023-12-07,Sports,2,493.81,987.62,completed,upi
ORD_0002661,CUST_00579,2023-11-28,Apparel,4,206.08,824.32,completed,wallet
ORD_0002662,CUST_00687,2024-04-11,Home & Kitchen,1,42.59,42.59,completed,netbanking
ORD_0002663,CUST_01903,2024-03-31,Sports,4,278.54,1114.16,returned,card
ORD_0002664,CUST_01669,2023-07-21,Sports,1,84.29,84.29,completed,upi
ORD_0002665,CUST_01846,2024-06-26,Books,2,244.7,489.4,completed,upi
ORD_0002666,CUST_00523,2023-10-10,Beauty,1,322.6,322.6,completed,upi
ORD_0002667,CUST_00656,2023-10-24,Home & Kitchen,5,191.59,957.95,completed,upi
ORD_0002668,CUST_00010,2024-05-06,Electronics,4,410.9,1643.6,completed,wallet
ORD_0002669,CUST_00257,2024-06-16,Apparel,1,323.06,323.06,completed,upi
ORD_0002670,CUST_01946,2024-06-04,Beauty,4,239.87,959.48,cancelled,card
ORD_0002671,CUST_00248,2024-04-19,Apparel,3,78.69,236.07,completed,wallet
ORD_0002672,CUST_01337,2024-06-12,Sports,4,107.22,428.88,completed,wallet
ORD_0002673,CUST_01859,2023-05-01,Apparel,2,45.85,91.7,completed,netbanking
ORD_0002674,CUST_00289,2024-05-13,Books,3,340.81,1022.43,completed,card
ORD_0002675,CUST_00715,2024-06-21,Electronics,4,492.86,1971.44,completed,wallet
ORD_0002676,CUST_01915,2023-11-13,Books,5,295.45,1477.25,completed,netbanking
ORD_0002677,CUST_01454,2024-06-24,Books,4,181.42,725.68,completed,wallet
ORD_0002678,CUST_00833,2023-10-02,Beauty,1,307.55,307.55,completed,upi
ORD_0002679,CUST_00399,2024-02-21,Sports,3,17.87,53.61,completed,upi
ORD_0002680,CUST_00331,2024-02-21,Books,2,493.33,986.66,completed,netbanking
ORD_0002681,CUST_00402,2024-03-15,Beauty,5,108.13,540.65,completed,card
ORD_0002682,CUST_01187,2023-08-03,Sports,3,129.49,388.47,completed,wallet
ORD_0002683,CUST_00044,2024-04-04,Apparel,3,244.33,732.99,completed,card
ORD_0002684,CUST_00686,2024-06-19,Home & Kitchen,5,65.99,329.95,completed,card
ORD_0002685,CUST_00090,2023-05-30,Apparel,4,357.32,1429.28,completed,card
ORD_0002686,CUST_01033,2023-11-04,Sports,2,206.64,413.28,completed,upi
ORD_0002687,CUST_01371,2023-12-20,Sports,4,455.76,1823.04,completed,upi
ORD_0002688,CUST_00452,2023-12-05,Beauty,3,258.71,776.13,completed,wallet
ORD_0002689,CUST_01832,2024-06-18,Home & Kitchen,5,101.57,507.85,completed,wallet
ORD_0002690,CUST_01168,2024-04-28,Beauty,3,198.35,595.05,completed,wallet
ORD_0002691,CUST_01298,2023-12-16,Apparel,3,342.59,1027.77,returned,card
ORD_0002692,CUST_01796,2024-04-15,Books,1,471.77,471.77,completed,wallet
ORD_0002693,CUST_00867,2024-05-17,Apparel,2,391.54,783.08,completed,netbanking
ORD_0002694,CUST_00541,2024-05-13,Books,2,494.36,988.72,completed,netbanking
ORD_0002695,CUST_00006,2023-10-07,Beauty,1,347.7,347.7,completed,upi
ORD_0002696,CUST_00043,2024-03-26,Beauty,1,52.31,52.31,completed,card
ORD_0002697,CUST_00655,2024-05-28,Home & Kitchen,5,21.79,108.95,completed,upi
ORD_0002698,CUST_01015,2023-07-01,Apparel,4,477.63,1910.52,completed,upi
ORD_0002699,CUST_00481,2023-12-26,Apparel,4,424.05,1696.2,completed,upi
ORD_0002700,CUST_01663,2023-07-14,Electronics,1,454.46,454.46,completed,card
ORD_0002701,CUST_01078,2024-06-15,Sports,5,125.04,625.2,completed,card
ORD_0002702,CUST_01490,2023-11-12,Sports,3,428.26,1284.78,cancelled,upi
ORD_0002703,CUST_01079,2024-05-26,Home & Kitchen,2,174.59,349.18,completed,upi
ORD_0002704,CUST_01280,2023-05-25,Electronics,5,372.39,1861.95,cancelled,upi
ORD_0002705,CUST_01298,2024-01-07,Apparel,4,218.09,872.36,completed,wallet
ORD_0002706,CUST_00349,2024-04-03,Electronics,1,260.79,260.79,completed,upi
ORD_0002707,CUST_01382,2024-05-13,Sports,5,42.71,213.55,completed,wallet
ORD_0002708,CUST_01832,2024-06-22,Home & Kitchen,4,424.92,1699.68,returned,upi
ORD_0002709,CUST_00151,2024-06-21,Home & Kitchen,1,27.79,27.79,completed,upi
ORD_0002710,CUST_01382,2024-03-02,Books,1,432.38,432.38,completed,upi
ORD_0002711,CUST_01239,2024-03-03,Apparel,5,256.87,1284.35,completed,card
ORD_0002712,CUST_01530,2023-11-23,Sports,2,336.95,673.9,completed,wallet
ORD_0002713,CUST_01503,2024-05-28,Electronics,1,381.15,381.15,completed,wallet
ORD_0002714,CUST_00875,2024-05-12,Books,1,259.44,259.44,completed,upi
ORD_0002715,CUST_01348,2024-03-20,Apparel,5,407.13,2035.65,completed,upi
ORD_0002716,CUST_00886,2024-03-30,Beauty,5,453.96,2269.8,completed,card
ORD_0002717,CUST_01493,2023-12-26,Books,2,235.34,470.68,completed,upi
ORD_0002718,CUST_00377,2024-04-28,Sports,4,223.13,892.52,returned,card
ORD_0002719,CUST_01168,2024-06-26,Books,2,229.29,458.58,completed,wallet
ORD_0002720,CUST_01674,2024-06-26,Beauty,2,101.75,203.5,completed,card
ORD_0002721,CUST_00950,2023-12-15,Home & Kitchen,5,296.02,1480.1,completed,card
ORD_0002722,CUST_00278,2023-12-03,Books,3,315.01,945.03,completed,wallet
ORD_0002723,CUST_00661,2024-04-15,Electronics,4,196.28,785.12,completed,upi
ORD_0002724,CUST_01869,2024-05-29,Sports,3,480.19,1440.57,completed,card
ORD_0002725,CUST_01893,2023-12-17,Books,3,71.14,213.42,completed,wallet
ORD_0002726,CUST_00676,2023-12-15,Sports,5,295.52,1477.6,completed,upi
ORD_0002727,CUST_01209,2023-12-24,Electronics,4,181.94,727.76,completed,wallet
ORD_0002728,CUST_00165,2024-05-20,Home & Kitchen,1,422.33,422.33,completed,card
ORD_0002729,CUST_00115,2024-04-10,Sports,1,12.13,12.13,completed,netbanking
ORD_0002730,CUST_01218,2024-04-15,Books,2,266.19,532.38,completed,wallet
ORD_0002731,CUST_00716,2024-05-10,Beauty,4,496.27,1985.08,completed,card
ORD_0002732,CUST_01586,2024-05-31,Electronics,5,106.12,530.6,completed,upi
ORD_0002733,CUST_00697,2024-05-04,Sports,1,41.26,41.26,completed,card
ORD_0002734,CUST_01011,2024-03-11,Electronics,2,290.08,580.16,completed,netbanking
ORD_0002735,CUST_00306,2023-06-20,Apparel,2,121.25,242.5,completed,upi
ORD_0002736,CUST_01682,2023-04-07,Apparel,5,17.67,88.35,returned,card
ORD_0002737,CUST_01603,2024-06-14,Electronics,4,323.07,1292.28,cancelled,netbanking
ORD_0002738,CUST_01609,2024-02-02,Books,4,329.08,1316.32,completed,wallet
ORD_0002739,CUST_00745,2024-03-23,Beauty,4,473.13,1892.52,completed,card
ORD_0002740,CUST_01429,2024-02-09,Beauty,4,443.21,1772.84,completed,netbanking
ORD_0002741,CUST_00625,2023-11-13,Books,5,190.05,950.25,completed,wallet
ORD_0002742,CUST_00524,2023-09-09,Books,4,275.94,1103.76,completed,netbanking
ORD_0002743,CUST_01323,2023-10-21,Apparel,3,470.46,1411.38,completed,card
ORD_0002744,CUST_00575,2023-11-03,Sports,4,449.19,1796.76,completed,wallet
ORD_0002745,CUST_00725,2024-04-01,Home & Kitchen,2,336.46,672.92,completed,netbanking
ORD_0002746,CUST_01151,2024-06-03,Home & Kitchen,2,334.05,668.1,completed,wallet
ORD_0002747,CUST_01291,2024-01-31,Apparel,4,417.73,1670.92,completed,wallet
ORD_0002748,CUST_01700,2024-03-13,Apparel,5,163.45,817.25,completed,wallet
ORD_0002749,CUST_00969,2024-06-27,Sports,5,240.78,1203.9,returned,netbanking
ORD_0002750,CUST_00500,2024-04-04,Sports,4,388.0,1552.0,completed,netbanking
ORD_0002751,CUST_00616,2024-06-11,Beauty,4,498.43,1993.72,completed,card
ORD_0002752,CUST_00730,2023-05-21,Electronics,3,166.36,499.08,completed,card
ORD_0002753,CUST_01221,2023-11-26,Books,5,141.87,709.35,completed,card
ORD_0002754,CUST_00105,2024-05-21,Sports,2,147.37,294.74,completed,card
ORD_0002755,CUST_01428,2024-06-11,Beauty,4,121.36,485.44,completed,upi
ORD_0002756,CUST_01730,2024-01-10,Home & Kitchen,3,321.11,963.33,completed,card
ORD_0002757,CUST_00495,2024-01-12,Apparel,1,41.07,41.07,completed,netbanking
ORD_0002758,CUST_00226,2023-12-15,Beauty,1,341.52,341.52,completed,card
ORD_0002759,CUST_00615,2023-12-12,Sports,1,332.38,332.38,completed,upi
ORD_0002760,CUST_00704,2024-02-29,Books,1,78.23,78.23,completed,upi
ORD_0002761,CUST_01689,2024-03-27,Home & Kitchen,4,314.01,1256.04,completed,card
ORD_0002762,CUST_00229,2024-04-04,Sports,2,331.83,663.66,completed,upi
ORD_0002763,CUST_00822,2023-10-15,Home & Kitchen,2,443.6,887.2,completed,wallet
ORD_0002764,CUST_01722,2024-04-16,Beauty,4,453.98,1815.92,completed,card
ORD_0002765,CUST_01073,2023-12-04,Apparel,4,119.48,477.92,completed,netbanking
ORD_0002766,CUST_00714,2023-12-08,Home & Kitchen,3,477.72,1433.16,completed,wallet
ORD_0002767,CUST_00084,2024-06-17,Home & Kitchen,1,296.44,296.44,completed,wallet
ORD_0002768,CUST_01364,2024-05-30,Home & Kitchen,3,416.1,1248.3,completed,upi
ORD_0002769,CUST_01411,2024-02-05,Books,1,462.66,462.66,completed,upi
ORD_0002770,CUST_01114,2024-05-15,Apparel,1,213.7,213.7,completed,netbanking
ORD_0002771,CUST_00790,2023-10-25,Beauty,2,424.46,848.92,completed,wallet
ORD_0002772,CUST_00768,2023-12-18,Home & Kitchen,2,382.9,765.8,returned,upi
ORD_0002773,CUST_01543,2024-05-20,Sports,1,261.7,261.7,completed,wallet
ORD_0002774,CUST_00804,2023-05-08,Electronics,1,298.68,298.68,completed,upi
ORD_0002775,CUST_00172,2024-03-21,Apparel,4,127.83,511.32,cancelled,netbanking
ORD_0002776,CUST_01946,2023-07-22,Electronics,4,374.91,1499.64,completed,card
ORD_0002777,CUST_01459,2024-04-17,Sports,5,412.53,2062.65,completed,upi
ORD_0002778,CUST_01873,2024-06-07,Beauty,4,225.94,903.76,returned,upi
ORD_0002779,CUST_01951,2024-04-30,Sports,3,393.0,1179.0,returned,card
ORD_0002780,CUST_00632,2024-03-07,Electronics,3,426.59,1279.77,completed,upi
ORD_0002781,CUST_00118,2024-01-27,Apparel,3,307.82,923.46,completed,netbanking
ORD_0002782,CUST_00095,2024-02-04,Beauty,5,96.09,480.45,completed,upi
ORD_0002783,CUST_00523,2023-07-31,Home & Kitchen,4,187.28,749.12,completed,wallet
ORD_0002784,CUST_00379,2024-06-29,Beauty,5,41.31,206.55,completed,card
ORD_0002785,CUST_01533,2024-03-24,Electronics,3,105.09,315.27,completed,upi
ORD_0002786,CUST_01325,2024-03-15,Sports,2,223.57,447.14,completed,card
ORD_0002787,CUST_01816,2023-12-16,Sports,2,335.58,671.16,completed,card
ORD_0002788,CUST_01389,2024-06-08,Apparel,3,17.73,53.19,completed,card
ORD_0002789,CUST_01943,2024-04-15,Home & Kitchen,5,71.98,359.9,returned,wallet
ORD_0002790,CUST_00438,2023-07-14,Books,5,64.65,323.25,completed,card
ORD_0002791,CUST_01523,2023-11-29,Sports,5,249.68,1248.4,completed,card
ORD_0002792,CUST_01216,2024-06-19,Electronics,2,204.55,409.1,completed,wallet
ORD_0002793,CUST_00447,2024-06-24,Electronics,4,391.22,1564.88,completed,netbanking
ORD_0002794,CUST_00281,2024-06-29,Books,5,344.39,1721.95,completed,netbanking
ORD_0002795,CUST_00710,2024-05-07,Electronics,5,421.83,2109.15,completed,upi
ORD_0002796,CUST_00116,2023-09-27,Electronics,3,165.71,497.13,returned,upi
ORD_0002797,CUST_00013,2023-11-22,Sports,4,373.77,1495.08,completed,wallet
ORD_0002798,CUST_01137,2024-06-21,Beauty,1,444.65,444.65,cancelled,netbanking
ORD_0002799,CUST_01804,2023-10-03,Sports,2,301.27,602.54,completed,wallet
ORD_0002800,CUST_00097,2024-05-18,Sports,1,143.37,143.37,completed,upi
ORD_0002801,CUST_00560,2024-06-04,Home & Kitchen,4,342.91,1371.64,completed,upi
ORD_0002802,CUST_00492,2024-06-16,Electronics,4,275.42,1101.68,completed,upi
ORD_0002803,CUST_01701,2024-04-05,Electronics,2,228.73,457.46,completed,netbanking
ORD_0002804,CUST_00206,2023-09-17,Electronics,2,147.59,295.18,completed,netbanking
ORD_0002805,CUST_00328,2023-10-06,Sports,1,58.27,58.27,completed,upi
ORD_0002806,CUST_00741,2023-12-25,Sports,2,25.44,50.88,completed,card
ORD_0002807,CUST_01806,2024-05-26,Beauty,4,266.25,1065.0,completed,wallet
ORD_0002808,CUST_00456,2024-05-12,Sports,1,126.39,126.39,completed,card
ORD_0002809,CUST_01329,2024-06-15,Sports,2,371.75,743.5,completed,netbanking
ORD_0002810,CUST_01328,2024-04-02,Electronics,4,246.24,984.96,completed,netbanking
ORD_0002811,CUST_00266,2023-04-12,Electronics,3,352.38,1057.14,completed,wallet
ORD_0002812,CUST_01871,2023-10-24,Apparel,4,65.92,263.68,completed,netbanking
ORD_0002813,CUST_01785,2023-06-26,Home & Kitchen,5,420.59,2102.95,completed,upi
ORD_0002814,CUST_00940,2023-02-05,Electronics,5,191.93,959.65,returned,card
ORD_0002815,CUST_01275,2023-12-16,Home & Kitchen,3,187.28,561.84,completed,wallet
ORD_0002816,CUST_00291,2024-04-05,Electronics,3,175.82,527.46,completed,wallet
ORD_0002817,CUST_00877,2024-02-17,Books,1,125.79,125.79,completed,card
ORD_0002818,CUST_01410,2024-05-29,Apparel,5,255.22,1276.1,returned,upi
ORD_0002819,CUST_01198,2024-05-15,Beauty,4,62.2,248.8,completed,wallet
ORD_0002820,CUST_01892,2024-06-20,Electronics,4,276.5,1106.0,completed,wallet
ORD_0002821,CUST_00425,2024-05-20,Sports,1,105.83,105.83,completed,netbanking
ORD_0002822,CUST_01686,2024-04-01,Apparel,2,367.41,734.82,completed,netbanking
ORD_0002823,CUST_01367,2024-04-29,Books,1,157.93,157.93,returned,upi
ORD_0002824,CUST_01013,2024-05-05,Electronics,2,366.48,732.96,completed,card
ORD_0002825,CUST_00147,2024-03-20,Beauty,4,391.77,1567.08,completed,card
ORD_0002826,CUST_00768,2023-09-17,Electronics,3,260.56,781.68,completed,wallet
ORD_0002827,CUST_00425,2024-04-16,Home & Kitchen,3,244.8,734.4,completed,wallet
ORD_0002828,CUST_01104,2024-06-25,Books,4,300.64,1202.56,cancelled,upi
ORD_0002829,CUST_00773,2024-05-20,Apparel,5,391.9,1959.5,completed,netbanking
ORD_0002830,CUST_01109,2024-05-27,Beauty,4,344.62,1378.48,completed,upi
ORD_0002831,CUST_01414,2024-03-31,Apparel,3,292.55,877.65,completed,upi
ORD_0002832,CUST_01597,2024-06-07,Apparel,1,334.04,334.04,completed,card
ORD_0002833,CUST_00786,2023-10-28,Electronics,5,119.29,596.45,completed,netbanking
ORD_0002834,CUST_00103,2024-06-26,Electronics,2,293.7,587.4,completed,upi
ORD_0002835,CUST_00263,2024-04-09,Electronics,2,147.57,295.14,completed,card
ORD_0002836,CUST_00180,2024-06-03,Sports,1,228.7,228.7,completed,wallet
ORD_0002837,CUST_01336,2023-10-12,Books,4,173.98,695.92,completed,netbanking
ORD_0002838,CUST_01706,2024-05-01,Sports,4,448.24,1792.96,completed,card
ORD_0002839,CUST_00647,2023-08-12,Electronics,2,62.15,124.3,completed,wallet
ORD_0002840,CUST_01620,2024-02-23,Beauty,4,184.4,737.6,completed,card
ORD_0002841,CUST_01927,2023-05-18,Apparel,4,47.71,190.84,completed,netbanking
ORD_0002842,CUST_00833,2023-08-22,Apparel,1,496.64,496.64,returned,upi
ORD_0002843,CUST_01222,2024-06-07,Books,3,418.06,1254.18,returned,wallet
ORD_0002844,CUST_00212,2023-12-26,Books,5,159.48,797.4,completed,card
ORD_0002845,CUST_00182,2024-03-21,Beauty,2,267.51,535.02,completed,card
ORD_0002846,CUST_00803,2024-03-31,Electronics,2,351.86,703.72,completed,card
ORD_0002847,CUST_01024,2023-06-13,Home & Kitchen,4,495.63,1982.52,completed,upi
ORD_0002848,CUST_00236,2024-05-07,Beauty,2,403.2,806.4,completed,card
ORD_0002849,CUST_01644,2024-06-26,Sports,2,47.66,95.32,returned,netbanking
ORD_0002850,CUST_00549,2024-05-09,Sports,1,162.12,162.12,returned,upi
ORD_0002851,CUST_00976,2024-06-28,Beauty,2,304.66,609.32,completed,netbanking
ORD_0002852,CUST_01032,2024-03-15,Apparel,3,350.46,1051.38,completed,card
ORD_0002853,CUST_00314,2024-06-27,Apparel,3,499.59,1498.77,completed,upi
ORD_0002854,CUST_00298,2024-06-02,Home & Kitchen,3,61.85,185.55,completed,upi
ORD_0002855,CUST_00661,2024-03-28,Home & Kitchen,1,318.37,318.37,returned,wallet
ORD_0002856,CUST_01840,2023-10-23,Apparel,1,411.25,411.25,completed,wallet
ORD_0002857,CUST_01662,2023-10-31,Books,1,351.13,351.13,completed,netbanking
ORD_0002858,CUST_00734,2024-03-08,Beauty,1,414.15,414.15,completed,netbanking
ORD_0002859,CUST_00652,2023-09-28,Apparel,1,163.83,163.83,completed,upi
ORD_0002860,CUST_00018,2024-06-15,Beauty,5,205.96,1029.8,completed,card
ORD_0002861,CUST_01333,2024-04-03,Home & Kitchen,4,350.91,1403.64,completed,wallet
ORD_0002862,CUST_00278,2024-03-31,Electronics,3,458.18,1374.54,completed,upi
ORD_0002863,CUST_01439,2023-06-01,Apparel,4,246.88,987.52,completed,card
ORD_0002864,CUST_00858,2024-04-05,Apparel,5,41.53,207.65,completed,wallet
ORD_0002865,CUST_00394,2024-02-20,Beauty,4,24.09,96.36,completed,wallet
ORD_0002866,CUST_01346,2024-02-27,Beauty,3,487.55,1462.65,returned,netbanking
ORD_0002867,CUST_00272,2024-06-29,Beauty,2,326.7,653.4,returned,netbanking
ORD_0002868,CUST_00193,2024-05-01,Beauty,5,267.34,1336.7,completed,card
ORD_0002869,CUST_00844,2023-09-06,Books,2,369.41,738.82,completed,card
ORD_0002870,CUST_00193,2024-03-06,Home & Kitchen,1,327.91,327.91,completed,upi
ORD_0002871,CUST_00608,2024-05-16,Beauty,3,86.09,258.27,completed,netbanking
ORD_0002872,CUST_00502,2024-06-27,Sports,3,13.58,40.74,completed,wallet
ORD_0002873,CUST_00719,2023-05-19,Sports,1,337.46,337.46,completed,card
ORD_0002874,CUST_00689,2023-11-24,Sports,3,13.94,41.82,completed,netbanking
ORD_0002875,CUST_01014,2024-02-10,Sports,2,314.28,628.56,completed,upi
ORD_0002876,CUST_00958,2024-01-09,Beauty,3,162.4,487.2,completed,netbanking
ORD_0002877,CUST_00192,2023-12-10,Apparel,5,455.55,2277.75,completed,card
ORD_0002878,CUST_01367,2023-12-31,Home & Kitchen,1,325.06,325.06,completed,netbanking
ORD_0002879,CUST_00372,2024-06-23,Electronics,5,495.13,2475.65,completed,upi
ORD_0002880,CUST_00496,2024-02-10,Books,4,358.44,1433.76,completed,wallet
ORD_0002881,CUST_01229,2023-11-03,Apparel,2,289.22,578.44,completed,wallet
ORD_0002882,CUST_00192,2024-06-26,Electronics,3,55.49,166.47,completed,upi
ORD_0002883,CUST_01247,2023-02-23,Home & Kitchen,5,398.58,1992.9,completed,upi
ORD_0002884,CUST_00603,2023-04-15,Apparel,4,218.06,872.24,completed,upi
ORD_0002885,CUST_00554,2024-04-21,Home & Kitchen,2,108.76,217.52,completed,upi
ORD_0002886,CUST_01951,2024-05-05,Home & Kitchen,3,112.25,336.75,completed,wallet
ORD_0002887,CUST_00894,2024-06-23,Sports,3,368.5,1105.5,completed,netbanking
ORD_0002888,CUST_01663,2023-10-29,Beauty,2,149.29,298.58,completed,wallet
ORD_0002889,CUST_01933,2024-06-29,Home & Kitchen,2,281.69,563.38,completed,netbanking
ORD_0002890,CUST_00419,2024-04-19,Home & Kitchen,1,293.02,293.02,completed,netbanking
ORD_0002891,CUST_01247,2023-09-10,Electronics,4,423.32,1693.28,completed,wallet
ORD_0002892,CUST_01653,2024-06-27,Apparel,4,148.85,595.4,completed,card
ORD_0002893,CUST_01720,2024-04-03,Home & Kitchen,4,170.78,683.12,completed,upi
ORD_0002894,CUST_00010,2023-10-22,Home & Kitchen,5,401.09,2005.45,completed,wallet
ORD_0002895,CUST_00435,2023-10-19,Sports,3,372.38,1117.14,completed,wallet
ORD_0002896,CUST_01058,2024-06-02,Sports,4,230.48,921.92,completed,netbanking
ORD_0002897,CUST_00936,2024-02-04,Books,4,353.38,1413.52,completed,card
ORD_0002898,CUST_01787,2024-03-01,Home & Kitchen,5,35.22,176.1,completed,card
ORD_0002899,CUST_00166,2023-02-15,Home & Kitchen,2,401.22,802.44,completed,wallet
ORD_0002900,CUST_00211,2024-03-27,Home & Kitchen,4,245.4,981.6,completed,netbanking
ORD_0002901,CUST_00001,2024-06-12,Sports,1,275.97,275.97,completed,card
ORD_0002902,CUST_01406,2024-01-09,Home & Kitchen,4,250.77,1003.08,completed,upi
ORD_0002903,CUST_00419,2024-03-28,Home & Kitchen,2,485.12,970.24,completed,wallet
ORD_0002904,CUST_01179,2024-04-22,Home & Kitchen,1,442.63,442.63,completed,card
ORD_0002905,CUST_01323,2023-11-14,Beauty,4,210.17,840.68,completed,upi
ORD_0002906,CUST_00993,2023-11-16,Beauty,3,32.31,96.93,completed,netbanking
ORD_0002907,CUST_01846,2024-06-19,Books,5,222.96,1114.8,returned,upi
ORD_0002908,CUST_01843,2024-03-06,Electronics,4,70.93,283.72,returned,netbanking
ORD_0002909,CUST_00115,2024-02-23,Beauty,5,168.62,843.1,cancelled,wallet
ORD_0002910,CUST_01525,2024-04-26,Home & Kitchen,4,438.52,1754.08,completed,card
ORD_0002911,CUST_01289,2024-06-18,Home & Kitchen,2,263.47,526.94,completed,wallet
ORD_0002912,CUST_01761,2024-03-29,Apparel,1,338.86,338.86,completed,netbanking
ORD_0002913,CUST_00453,2023-09-06,Electronics,1,20.64,20.64,returned,upi
ORD_0002914,CUST_00900,2024-05-04,Home & Kitchen,5,194.9,974.5,completed,upi
ORD_0002915,CUST_00004,2024-06-24,Sports,3,324.91,974.73,returned,upi
ORD_0002916,CUST_01857,2024-03-15,Books,4,181.63,726.52,completed,card
ORD_0002917,CUST_01826,2023-09-04,Apparel,4,170.49,681.96,completed,upi
ORD_0002918,CUST_01531,2024-05-22,Beauty,2,134.32,268.64,completed,netbanking
ORD_0002919,CUST_00826,2024-03-01,Beauty,5,194.97,974.85,completed,upi
ORD_0002920,CUST_00215,2024-06-21,Apparel,1,340.38,340.38,completed,netbanking
ORD_0002921,CUST_00901,2024-06-10,Beauty,1,243.61,243.61,returned,wallet
ORD_0002922,CUST_01808,2024-03-21,Home & Kitchen,1,444.09,444.09,completed,netbanking
ORD_0002923,CUST_00945,2024-05-08,Books,4,94.79,379.16,returned,wallet
ORD_0002924,CUST_00502,2024-04-08,Beauty,4,273.7,1094.8,completed,wallet
ORD_0002925,CUST_01667,2024-03-12,Home & Kitchen,3,393.93,1181.79,completed,netbanking
ORD_0002926,CUST_01332,2024-03-03,Beauty,3,421.25,1263.75,completed,netbanking
ORD_0002927,CUST_01738,2023-09-08,Home & Kitchen,4,377.44,1509.76,returned,card
ORD_0002928,CUST_01971,2023-08-01,Books,4,200.74,802.96,completed,netbanking
ORD_0002929,CUST_00052,2024-06-26,Books,2,21.03,42.06,completed,netbanking
ORD_0002930,CUST_00165,2023-08-30,Apparel,5,228.11,1140.55,completed,card
ORD_0002931,CUST_00650,2024-06-26,Beauty,4,385.59,1542.36,completed,card
ORD_0002932,CUST_01274,2024-04-25,Beauty,1,396.49,396.49,completed,netbanking
ORD_0002933,CUST_01513,2024-01-06,Home & Kitchen,4,192.56,770.24,completed,upi
ORD_0002934,CUST_00496,2024-05-23,Home & Kitchen,3,363.94,1091.82,completed,netbanking
ORD_0002935,CUST_01341,2024-01-12,Apparel,3,130.53,391.59,returned,upi
ORD_0002936,CUST_01929,2024-03-27,Beauty,4,492.08,1968.32,completed,card
ORD_0002937,CUST_01765,2024-01-10,Sports,3,238.53,715.59,completed,card
ORD_0002938,CUST_00123,2024-05-22,Sports,2,409.31,818.62,cancelled,netbanking
ORD_0002939,CUST_01689,2024-05-04,Beauty,1,48.54,48.54,completed,wallet
ORD_0002940,CUST_01708,2023-12-28,Electronics,1,52.5,52.5,completed,netbanking
ORD_0002941,CUST_01029,2023-10-11,Home & Kitchen,4,395.89,1583.56,completed,card
ORD_0002942,CUST_00639,2024-04-20,Electronics,4,229.84,919.36,completed,wallet
ORD_0002943,CUST_01047,2024-06-04,Books,1,147.52,147.52,completed,wallet
ORD_0002944,CUST_00819,2024-03-28,Beauty,5,443.85,2219.25,completed,netbanking
ORD_0002945,CUST_01459,2024-03-09,Sports,3,208.01,624.03,completed,card
ORD_0002946,CUST_01079,2024-05-26,Beauty,5,43.21,216.05,completed,upi
ORD_0002947,CUST_01417,2024-04-04,Sports,1,367.69,367.69,completed,wallet
ORD_0002948,CUST_00866,2024-01-12,Books,1,164.61,164.61,completed,wallet
ORD_0002949,CUST_00358,2024-04-28,Home & Kitchen,1,134.14,134.14,completed,card
ORD_0002950,CUST_01090,2023-12-17,Books,4,25.78,103.12,completed,upi
ORD_0002951,CUST_00437,2024-03-13,Home & Kitchen,5,420.61,2103.05,completed,netbanking
ORD_0002952,CUST_00344,2024-02-06,Home & Kitchen,4,156.61,626.44,returned,card
ORD_0002953,CUST_00385,2024-01-09,Electronics,5,138.59,692.95,completed,upi
ORD_0002954,CUST_01877,2024-02-24,Apparel,5,245.61,1228.05,returned,card
ORD_0002955,CUST_01101,2024-01-11,Books,4,161.94,647.76,completed,card
ORD_0002956,CUST_00418,2023-08-12,Electronics,2,460.14,920.28,completed,upi
ORD_0002957,CUST_00018,2024-04-12,Apparel,3,261.91,785.73,completed,wallet
ORD_0002958,CUST_01582,2023-11-22,Home & Kitchen,5,409.2,2046.0,completed,netbanking
ORD_0002959,CUST_01307,2024-06-18,Sports,1,249.58,249.58,completed,card
ORD_0002960,CUST_01657,2024-06-10,Beauty,3,355.87,1067.61,completed,card
ORD_0002961,CUST_01878,2023-09-24,Home & Kitchen,5,489.8,2449.0,completed,card
ORD_0002962,CUST_00772,2024-06-08,Apparel,3,381.36,1144.08,completed,upi
ORD_0002963,CUST_01931,2024-05-11,Home & Kitchen,1,297.91,297.91,completed,card
ORD_0002964,CUST_01122,2023-03-16,Sports,1,496.44,496.44,completed,netbanking
ORD_0002965,CUST_01774,2024-04-26,Beauty,2,136.96,273.92,completed,upi
ORD_0002966,CUST_00639,2024-03-22,Home & Kitchen,1,347.67,347.67,completed,upi
ORD_0002967,CUST_01563,2024-03-29,Electronics,5,370.39,1851.95,completed,netbanking
ORD_0002968,CUST_00317,2024-04-17,Electronics,2,154.63,309.26,completed,wallet
ORD_0002969,CUST_00181,2023-11-17,Beauty,2,51.08,102.16,completed,upi
ORD_0002970,CUST_01739,2023-02-18,Electronics,1,167.15,167.15,completed,netbanking
ORD_0002971,CUST_00608,2023-03-21,Electronics,4,226.06,904.24,completed,card
ORD_0002972,CUST_01831,2024-05-28,Beauty,5,499.9,2499.5,completed,netbanking
ORD_0002973,CUST_01360,2024-01-14,Beauty,3,233.73,701.19,returned,wallet
ORD_0002974,CUST_00487,2023-12-16,Home & Kitchen,3,494.09,1482.27,completed,upi
ORD_0002975,CUST_01224,2024-05-17,Sports,1,79.26,79.26,returned,netbanking
ORD_0002976,CUST_00699,2023-06-11,Beauty,1,214.31,214.31,completed,card
ORD_0002977,CUST_00047,2024-05-04,Beauty,1,459.67,459.67,completed,wallet
ORD_0002978,CUST_01414,2024-04-03,Beauty,1,38.84,38.84,completed,upi
ORD_0002979,CUST_00328,2024-04-23,Beauty,3,75.65,226.95,completed,upi
ORD_0002980,CUST_00855,2024-04-15,Electronics,2,84.44,168.88,completed,wallet
ORD_0002981,CUST_00729,2024-05-06,Books,2,328.68,657.36,returned,wallet
ORD_0002982,CUST_01956,2023-05-16,Beauty,1,269.24,269.24,completed,card
ORD_0002983,CUST_01528,2023-07-07,Apparel,1,179.17,179.17,completed,netbanking
ORD_0002984,CUST_01009,2023-07-02,Books,2,280.11,560.22,completed,upi
ORD_0002985,CUST_00324,2024-04-16,Beauty,1,32.84,32.84,completed,netbanking
ORD_0002986,CUST_01145,2024-06-15,Apparel,5,251.73,1258.65,completed,upi
ORD_0002987,CUST_01140,2024-01-03,Home & Kitchen,1,80.92,80.92,completed,netbanking
ORD_0002988,CUST_00382,2024-06-26,Sports,1,172.27,172.27,returned,card
ORD_0002989,CUST_01447,2024-06-25,Sports,2,457.62,915.24,completed,wallet
ORD_0002990,CUST_00090,2023-11-16,Apparel,5,24.04,120.2,completed,wallet
ORD_0002991,CUST_01604,2024-06-09,Home & Kitchen,3,444.33,1332.99,completed,wallet
ORD_0002992,CUST_01419,2024-03-13,Sports,3,30.4,91.2,completed,card
ORD_0002993,CUST_01300,2024-06-10,Books,5,257.47,1287.35,completed,netbanking
ORD_0002994,CUST_00419,2023-12-22,Home & Kitchen,1,451.27,451.27,completed,netbanking
ORD_0002995,CUST_00884,2023-09-14,Books,2,262.25,524.5,completed,wallet
ORD_0002996,CUST_01491,2024-06-07,Beauty,4,180.31,721.24,cancelled,upi
ORD_0002997,CUST_00152,2023-08-27,Electronics,4,332.9,1331.6,completed,upi
ORD_0002998,CUST_01813,2023-12-10,Electronics,5,21.27,106.35,cancelled,upi
ORD_0002999,CUST_01139,2024-02-22,Books,1,461.82,461.82,returned,netbanking
ORD_0003000,CUST_01363,2024-02-26,Sports,1,379.29,379.29,completed,card
ORD_0003001,CUST_00425,2024-02-09,Beauty,1,382.35,382.35,completed,netbanking
ORD_0003002,CUST_01495,2023-09-07,Beauty,5,92.55,462.75,completed,netbanking
ORD_0003003,CUST_00151,2024-05-29,Sports,1,137.2,137.2,completed,netbanking
ORD_0003004,CUST_00478,2024-04-23,Apparel,4,72.78,291.12,completed,card
ORD_0003005,CUST_01961,2024-03-26,Electronics,4,115.37,461.48,returned,netbanking
ORD_0003006,CUST_01493,2023-08-12,Books,2,332.17,664.34,completed,netbanking
ORD_0003007,CUST_01771,2024-06-22,Beauty,5,207.96,1039.8,completed,wallet
ORD_0003008,CUST_01710,2024-06-08,Beauty,3,196.19,588.57,completed,upi
ORD_0003009,CUST_00753,2024-05-08,Apparel,2,437.58,875.16,completed,upi
ORD_0003010,CUST_01469,2024-06-28,Electronics,1,382.46,382.46,completed,upi
ORD_0003011,CUST_00503,2024-03-27,Sports,2,30.44,60.88,completed,wallet
ORD_0003012,CUST_01097,2023-10-14,Books,4,247.62,990.48,completed,card
ORD_0003013,CUST_01251,2024-02-01,Sports,3,168.72,506.16,completed,netbanking
ORD_0003014,CUST_01504,2024-02-17,Sports,5,169.46,847.3,completed,upi
ORD_0003015,CUST_00163,2023-09-14,Electronics,3,321.72,965.16,cancelled,netbanking
ORD_0003016,CUST_01838,2024-06-16,Apparel,3,303.84,911.52,cancelled,wallet
ORD_0003017,CUST_00563,2024-05-13,Electronics,4,483.02,1932.08,cancelled,card
ORD_0003018,CUST_01446,2024-04-07,Books,3,485.65,1456.95,completed,upi
ORD_0003019,CUST_00878,2024-06-18,Beauty,3,382.69,1148.07,completed,wallet
ORD_0003020,CUST_00870,2024-06-12,Sports,3,119.76,359.28,completed,netbanking
ORD_0003021,CUST_00148,2024-06-29,Electronics,4,162.22,648.88,completed,wallet
ORD_0003022,CUST_01085,2024-04-20,Electronics,2,468.32,936.64,returned,card
ORD_0003023,CUST_01159,2024-06-22,Apparel,3,370.83,1112.49,completed,card
ORD_0003024,CUST_00812,2024-05-30,Beauty,1,52.06,52.06,completed,wallet
ORD_0003025,CUST_01336,2024-05-27,Home & Kitchen,2,94.54,189.08,completed,netbanking
ORD_0003026,CUST_01556,2024-04-02,Beauty,2,159.59,319.18,completed,wallet
ORD_0003027,CUST_00782,2024-04-25,Beauty,5,33.91,169.55,completed,netbanking
ORD_0003028,CUST_00893,2024-06-01,Sports,1,404.18,404.18,cancelled,netbanking
ORD_0003029,CUST_00017,2023-11-21,Sports,2,455.88,911.76,completed,netbanking
ORD_0003030,CUST_01783,2024-06-15,Home & Kitchen,4,376.39,1505.56,completed,wallet
ORD_0003031,CUST_00820,2024-05-21,Home & Kitchen,1,464.98,464.98,completed,wallet
ORD_0003032,CUST_01804,2023-09-18,Apparel,3,130.06,390.18,returned,card
ORD_0003033,CUST_01260,2024-05-21,Home & Kitchen,4,247.42,989.68,cancelled,wallet
ORD_0003034,CUST_01297,2024-05-02,Electronics,2,252.92,505.84,completed,upi
ORD_0003035,CUST_00810,2023-11-30,Electronics,5,290.95,1454.75,completed,upi
ORD_0003036,CUST_01456,2024-06-07,Beauty,3,210.29,630.87,completed,upi
ORD_0003037,CUST_01645,2024-05-29,Apparel,3,371.54,1114.62,cancelled,netbanking
ORD_0003038,CUST_01987,2024-06-03,Electronics,2,282.96,565.92,completed,wallet
ORD_0003039,CUST_00697,2024-06-19,Electronics,3,279.01,837.03,returned,wallet
ORD_0003040,CUST_00374,2024-04-24,Sports,3,116.59,349.77,completed,wallet
ORD_0003041,CUST_01314,2024-06-20,Books,3,151.39,454.17,completed,card
ORD_0003042,CUST_01703,2024-04-25,Sports,3,50.26,150.78,completed,card
ORD_0003043,CUST_01244,2024-06-08,Home & Kitchen,1,233.47,233.47,completed,upi
ORD_0003044,CUST_01173,2024-02-29,Home & Kitchen,3,57.02,171.06,completed,upi
ORD_0003045,CUST_00695,2024-03-06,Home & Kitchen,1,220.42,220.42,completed,upi
ORD_0003046,CUST_01065,2024-02-25,Home & Kitchen,5,392.5,1962.5,completed,wallet
ORD_0003047,CUST_00558,2024-05-17,Books,4,222.83,891.32,completed,card
ORD_0003048,CUST_00986,2023-08-18,Beauty,3,169.8,509.4,completed,upi
ORD_0003049,CUST_01308,2024-03-31,Books,2,492.15,984.3,completed,wallet
ORD_0003050,CUST_00209,2024-04-22,Apparel,4,402.33,1609.32,cancelled,card
ORD_0003051,CUST_01700,2024-05-07,Electronics,3,386.15,1158.45,completed,upi
ORD_0003052,CUST_00612,2024-05-11,Sports,3,113.14,339.42,completed,card
ORD_0003053,CUST_00105,2024-06-10,Home & Kitchen,1,63.79,63.79,completed,wallet
ORD_0003054,CUST_00932,2024-05-27,Home & Kitchen,3,311.13,933.39,completed,card
ORD_0003055,CUST_01677,2024-06-09,Books,3,350.16,1050.48,completed,netbanking
ORD_0003056,CUST_01931,2023-11-03,Home & Kitchen,4,481.33,1925.32,completed,card
ORD_0003057,CUST_00458,2024-02-19,Beauty,3,327.59,982.77,completed,netbanking
ORD_0003058,CUST_00196,2024-02-06,Beauty,5,171.1,855.5,completed,upi
ORD_0003059,CUST_01269,2024-06-29,Apparel,3,84.3,252.9,completed,netbanking
ORD_0003060,CUST_00716,2024-04-06,Beauty,1,418.65,418.65,completed,netbanking
ORD_0003061,CUST_00996,2024-05-19,Sports,4,187.43,749.72,completed,wallet
ORD_0003062,CUST_00825,2023-09-04,Sports,2,395.82,791.64,completed,netbanking
ORD_0003063,CUST_01287,2024-06-16,Books,1,390.57,390.57,completed,upi
ORD_0003064,CUST_01519,2024-05-29,Electronics,4,10.91,43.64,completed,netbanking
ORD_0003065,CUST_00821,2024-04-19,Books,5,498.56,2492.8,completed,card
ORD_0003066,CUST_00522,2024-06-16,Beauty,5,249.67,1248.35,completed,netbanking
ORD_0003067,CUST_00255,2024-04-24,Electronics,3,290.22,870.66,completed,upi
ORD_0003068,CUST_01023,2023-12-03,Books,3,359.79,1079.37,completed,wallet
ORD_0003069,CUST_00053,2023-11-01,Electronics,5,414.07,2070.35,completed,wallet
ORD_0003070,CUST_00713,2024-05-31,Electronics,1,332.93,332.93,completed,wallet
ORD_0003071,CUST_01536,2023-04-03,Beauty,4,235.4,941.6,completed,card
ORD_0003072,CUST_01002,2024-01-17,Apparel,4,353.35,1413.4,cancelled,netbanking
ORD_0003073,CUST_00643,2024-01-11,Apparel,4,452.88,1811.52,completed,netbanking
ORD_0003074,CUST_01185,2023-09-28,Sports,5,387.61,1938.05,completed,wallet
ORD_0003075,CUST_01387,2024-04-26,Books,3,499.12,1497.36,completed,upi
ORD_0003076,CUST_00754,2024-04-11,Sports,3,354.57,1063.71,completed,wallet
ORD_0003077,CUST_00119,2024-04-27,Sports,2,75.08,150.16,completed,card
ORD_0003078,CUST_01981,2023-11-15,Electronics,2,402.4,804.8,completed,card
ORD_0003079,CUST_00153,2023-12-06,Books,2,33.08,66.16,returned,netbanking
ORD_0003080,CUST_00338,2024-01-12,Apparel,3,488.02,1464.06,completed,upi
ORD_0003081,CUST_00643,2024-06-07,Electronics,5,212.87,1064.35,cancelled,netbanking
ORD_0003082,CUST_01066,2023-02-11,Beauty,2,354.75,709.5,completed,card
ORD_0003083,CUST_01873,2024-03-14,Beauty,2,404.24,808.48,completed,netbanking
ORD_0003084,CUST_01149,2023-05-14,Sports,4,413.93,1655.72,completed,netbanking
ORD_0003085,CUST_00372,2024-05-22,Books,2,449.48,898.96,returned,netbanking
ORD_0003086,CUST_01450,2023-06-16,Sports,2,444.3,888.6,completed,card
ORD_0003087,CUST_00182,2023-04-09,Apparel,2,478.88,957.76,completed,upi
ORD_0003088,CUST_00661,2023-10-25,Electronics,4,50.47,201.88,completed,upi
ORD_0003089,CUST_01727,2024-01-04,Books,5,433.91,2169.55,cancelled,netbanking
ORD_0003090,CUST_00925,2023-12-14,Home & Kitchen,3,194.99,584.97,completed,upi
ORD_0003091,CUST_00768,2024-03-29,Electronics,3,147.27,441.81,completed,card
ORD_0003092,CUST_01633,2024-05-25,Books,3,51.8,155.4,cancelled,upi
ORD_0003093,CUST_01047,2024-03-05,Apparel,3,80.74,242.22,completed,card
ORD_0003094,CUST_01414,2024-04-27,Beauty,4,420.37,1681.48,completed,netbanking
ORD_0003095,CUST_01599,2024-05-28,Home & Kitchen,5,391.5,1957.5,returned,card
ORD_0003096,CUST_00533,2024-06-13,Electronics,2,91.24,182.48,completed,upi
ORD_0003097,CUST_00407,2023-10-28,Electronics,3,140.8,422.4,returned,card
ORD_0003098,CUST_00379,2024-05-29,Books,2,275.42,550.84,completed,card
ORD_0003099,CUST_01041,2024-03-24,Books,4,460.86,1843.44,returned,card
ORD_0003100,CUST_01500,2024-06-23,Beauty,1,495.77,495.77,completed,wallet
ORD_0003101,CUST_00223,2024-06-12,Books,2,389.98,779.96,completed,netbanking
ORD_0003102,CUST_00006,2024-03-27,Beauty,4,330.55,1322.2,returned,wallet
ORD_0003103,CUST_00380,2023-04-26,Home & Kitchen,4,82.16,328.64,completed,wallet
ORD_0003104,CUST_01149,2023-02-22,Books,3,60.45,181.35,returned,upi
ORD_0003105,CUST_00092,2023-11-21,Home & Kitchen,2,199.68,399.36,completed,wallet
ORD_0003106,CUST_00526,2024-03-17,Sports,4,156.26,625.04,completed,wallet
ORD_0003107,CUST_00076,2023-11-15,Electronics,2,308.51,617.02,completed,netbanking
ORD_0003108,CUST_01631,2023-05-24,Books,5,362.46,1812.3,completed,upi
ORD_0003109,CUST_00612,2024-05-13,Electronics,3,409.02,1227.06,completed,wallet
ORD_0003110,CUST_01399,2023-10-08,Beauty,1,280.62,280.62,returned,card
ORD_0003111,CUST_00385,2024-03-03,Books,5,79.67,398.35,completed,card
ORD_0003112,CUST_00947,2024-01-17,Home & Kitchen,2,67.74,135.48,cancelled,card
ORD_0003113,CUST_01226,2023-12-20,Home & Kitchen,4,367.02,1468.08,cancelled,wallet
ORD_0003114,CUST_01630,2023-12-26,Books,2,95.36,190.72,completed,card
ORD_0003115,CUST_01128,2024-03-22,Home & Kitchen,5,233.18,1165.9,completed,upi
ORD_0003116,CUST_01772,2024-06-29,Home & Kitchen,2,107.49,214.98,completed,netbanking
ORD_0003117,CUST_00394,2023-05-27,Books,1,210.03,210.03,completed,netbanking
ORD_0003118,CUST_01744,2024-06-25,Home & Kitchen,4,162.62,650.48,completed,upi
ORD_0003119,CUST_01581,2024-05-12,Apparel,3,69.83,209.49,completed,netbanking
ORD_0003120,CUST_00097,2024-05-03,Apparel,2,456.32,912.64,completed,netbanking
ORD_0003121,CUST_00753,2024-04-21,Sports,5,356.19,1780.95,completed,upi
ORD_0003122,CUST_00695,2024-06-21,Books,5,232.35,1161.75,cancelled,card
ORD_0003123,CUST_01756,2024-06-28,Home & Kitchen,1,104.19,104.19,completed,wallet
ORD_0003124,CUST_01859,2023-04-11,Apparel,5,158.69,793.45,completed,wallet
ORD_0003125,CUST_00010,2024-02-13,Home & Kitchen,1,481.95,481.95,completed,upi
ORD_0003126,CUST_01559,2024-06-18,Apparel,5,299.38,1496.9,completed,wallet
ORD_0003127,CUST_01145,2024-06-11,Books,1,380.46,380.46,completed,wallet
ORD_0003128,CUST_00937,2024-01-01,Electronics,4,430.27,1721.08,completed,upi
ORD_0003129,CUST_00636,2023-11-05,Books,5,401.52,2007.6,completed,upi
ORD_0003130,CUST_01726,2024-01-13,Electronics,4,382.54,1530.16,completed,upi
ORD_0003131,CUST_00542,2024-04-02,Beauty,4,376.71,1506.84,completed,netbanking
ORD_0003132,CUST_01869,2024-05-18,Home & Kitchen,3,497.32,1491.96,completed,card
ORD_0003133,CUST_00619,2024-01-21,Electronics,3,449.47,1348.41,completed,wallet
ORD_0003134,CUST_01486,2024-06-25,Home & Kitchen,1,275.28,275.28,completed,netbanking
ORD_0003135,CUST_01731,2024-06-19,Books,2,246.98,493.96,completed,netbanking
ORD_0003136,CUST_01675,2024-04-04,Books,3,403.34,1210.02,returned,card
ORD_0003137,CUST_00221,2023-07-09,Sports,4,477.14,1908.56,completed,netbanking
ORD_0003138,CUST_01805,2024-04-26,Beauty,3,152.06,456.18,completed,netbanking
ORD_0003139,CUST_00945,2023-09-09,Books,5,286.97,1434.85,completed,wallet
ORD_0003140,CUST_01400,2024-05-20,Home & Kitchen,2,155.05,310.1,completed,card
ORD_0003141,CUST_01553,2024-02-25,Sports,5,15.09,75.45,completed,wallet
ORD_0003142,CUST_01083,2024-01-10,Books,4,15.58,62.32,completed,upi
ORD_0003143,CUST_01889,2024-06-26,Sports,4,43.15,172.6,completed,wallet
ORD_0003144,CUST_01602,2024-06-05,Books,4,26.54,106.16,returned,wallet
ORD_0003145,CUST_00900,2024-06-10,Beauty,3,239.5,718.5,completed,wallet
ORD_0003146,CUST_00296,2024-06-07,Sports,2,253.52,507.04,completed,wallet
ORD_0003147,CUST_00143,2023-08-03,Apparel,1,473.7,473.7,cancelled,card
ORD_0003148,CUST_00267,2024-06-13,Electronics,2,101.83,203.66,completed,upi
ORD_0003149,CUST_00589,2023-08-09,Beauty,2,123.59,247.18,cancelled,upi
ORD_0003150,CUST_00107,2024-06-04,Sports,2,115.67,231.34,cancelled,netbanking
ORD_0003151,CUST_00574,2024-05-11,Beauty,1,395.86,395.86,returned,wallet
ORD_0003152,CUST_01160,2023-12-09,Electronics,2,343.21,686.42,completed,netbanking
ORD_0003153,CUST_01341,2023-05-30,Sports,2,177.09,354.18,returned,netbanking
ORD_0003154,CUST_01595,2023-05-10,Apparel,5,159.7,798.5,completed,upi
ORD_0003155,CUST_00988,2024-06-28,Books,1,26.16,26.16,returned,netbanking
ORD_0003156,CUST_00520,2024-01-20,Sports,5,174.79,873.95,completed,netbanking
ORD_0003157,CUST_00503,2024-02-04,Beauty,1,481.29,481.29,completed,card
ORD_0003158,CUST_00525,2024-01-02,Home & Kitchen,3,181.52,544.56,returned,card
ORD_0003159,CUST_00664,2024-01-01,Home & Kitchen,4,210.99,843.96,cancelled,netbanking
ORD_0003160,CUST_00683,2024-04-27,Books,1,245.03,245.03,completed,wallet
ORD_0003161,CUST_01115,2024-06-23,Electronics,1,342.57,342.57,completed,upi
ORD_0003162,CUST_00346,2023-11-02,Books,2,444.97,889.94,completed,card
ORD_0003163,CUST_01273,2024-05-12,Books,5,206.62,1033.1,cancelled,upi
ORD_0003164,CUST_01106,2024-05-21,Books,5,266.99,1334.95,completed,wallet
ORD_0003165,CUST_00416,2023-04-09,Home & Kitchen,3,402.69,1208.07,completed,wallet
ORD_0003166,CUST_00356,2024-01-08,Sports,4,458.69,1834.76,completed,netbanking
ORD_0003167,CUST_00236,2024-05-14,Apparel,1,124.87,124.87,completed,card
ORD_0003168,CUST_00965,2023-03-17,Beauty,1,168.84,168.84,completed,wallet
ORD_0003169,CUST_00640,2023-11-20,Electronics,1,83.52,83.52,completed,upi
ORD_0003170,CUST_01497,2024-02-26,Books,1,364.34,364.34,completed,netbanking
ORD_0003171,CUST_01940,2024-01-07,Sports,1,205.18,205.18,completed,upi
ORD_0003172,CUST_01349,2024-06-26,Home & Kitchen,1,37.21,37.21,completed,upi
ORD_0003173,CUST_01791,2024-03-14,Electronics,3,328.6,985.8,completed,netbanking
ORD_0003174,CUST_00351,2024-05-14,Home & Kitchen,5,229.18,1145.9,completed,card
ORD_0003175,CUST_00471,2024-05-09,Home & Kitchen,1,245.82,245.82,completed,upi
ORD_0003176,CUST_00414,2024-06-18,Sports,5,484.11,2420.55,cancelled,upi
ORD_0003177,CUST_01848,2024-03-30,Sports,5,115.91,579.55,completed,card
ORD_0003178,CUST_00873,2024-02-28,Home & Kitchen,1,433.56,433.56,completed,upi
ORD_0003179,CUST_00470,2024-06-04,Home & Kitchen,4,247.85,991.4,completed,netbanking
ORD_0003180,CUST_01025,2024-06-02,Books,1,314.26,314.26,completed,netbanking
ORD_0003181,CUST_00091,2023-12-25,Sports,5,221.81,1109.05,cancelled,wallet
ORD_0003182,CUST_01371,2023-10-31,Home & Kitchen,1,312.53,312.53,completed,upi
ORD_0003183,CUST_00095,2024-01-25,Beauty,5,85.81,429.05,completed,upi
ORD_0003184,CUST_00488,2024-02-16,Books,2,485.06,970.12,returned,netbanking
ORD_0003185,CUST_01179,2024-03-02,Sports,4,296.88,1187.52,completed,card
ORD_0003186,CUST_00704,2024-04-28,Electronics,3,458.09,1374.27,completed,upi
ORD_0003187,CUST_01643,2024-04-06,Sports,4,50.8,203.2,completed,card
ORD_0003188,CUST_01852,2024-05-22,Books,4,173.77,695.08,completed,card
ORD_0003189,CUST_01622,2024-05-14,Books,2,156.51,313.02,returned,wallet
ORD_0003190,CUST_00325,2024-04-09,Electronics,2,179.45,358.9,completed,upi
ORD_0003191,CUST_01420,2024-06-03,Sports,2,157.18,314.36,cancelled,wallet
ORD_0003192,CUST_01491,2024-03-16,Beauty,2,382.26,764.52,completed,wallet
ORD_0003193,CUST_00984,2023-09-28,Beauty,3,155.55,466.65,completed,netbanking
ORD_0003194,CUST_01762,2023-11-09,Sports,5,449.39,2246.95,completed,wallet
ORD_0003195,CUST_00742,2024-02-22,Books,1,175.39,175.39,completed,netbanking
ORD_0003196,CUST_00457,2024-05-27,Sports,1,419.1,419.1,returned,card
ORD_0003197,CUST_01563,2024-05-01,Beauty,3,464.76,1394.28,completed,netbanking
ORD_0003198,CUST_00257,2024-01-01,Books,4,294.77,1179.08,cancelled,card
ORD_0003199,CUST_01477,2023-10-22,Sports,5,150.66,753.3,completed,netbanking
ORD_0003200,CUST_00990,2024-06-12,Home & Kitchen,4,213.44,853.76,returned,wallet
ORD_0003201,CUST_00783,2024-06-01,Home & Kitchen,2,71.68,143.36,completed,card
ORD_0003202,CUST_00453,2024-02-06,Sports,5,123.15,615.75,completed,netbanking
ORD_0003203,CUST_01891,2024-01-02,Apparel,1,342.59,342.59,completed,card
ORD_0003204,CUST_01934,2023-06-04,Apparel,4,100.32,401.28,completed,card
ORD_0003205,CUST_00530,2024-04-11,Electronics,3,216.33,648.99,returned,card
ORD_0003206,CUST_01069,2023-10-24,Apparel,2,460.01,920.02,completed,netbanking
ORD_0003207,CUST_01251,2024-03-21,Home & Kitchen,3,229.69,689.07,completed,upi
ORD_0003208,CUST_01709,2024-06-26,Beauty,3,312.05,936.15,completed,wallet
ORD_0003209,CUST_01613,2024-04-14,Apparel,1,491.63,491.63,returned,card
ORD_0003210,CUST_01618,2024-01-27,Apparel,2,221.32,442.64,completed,wallet
ORD_0003211,CUST_01493,2023-08-24,Electronics,4,168.97,675.88,completed,upi
ORD_0003212,CUST_01240,2024-04-05,Beauty,1,291.57,291.57,cancelled,card
ORD_0003213,CUST_00886,2023-09-22,Beauty,4,209.21,836.84,completed,upi
ORD_0003214,CUST_00925,2024-03-16,Beauty,4,132.21,528.84,completed,netbanking
ORD_0003215,CUST_00533,2024-05-12,Apparel,3,96.25,288.75,completed,wallet
ORD_0003216,CUST_01227,2023-09-30,Books,1,370.0,370.0,cancelled,netbanking
ORD_0003217,CUST_01938,2024-05-28,Home & Kitchen,2,314.76,629.52,cancelled,wallet
ORD_0003218,CUST_01204,2024-03-15,Apparel,3,166.53,499.59,completed,upi
ORD_0003219,CUST_01621,2024-06-16,Books,3,95.5,286.5,completed,upi
ORD_0003220,CUST_00685,2024-02-17,Sports,2,131.57,263.14,completed,upi
ORD_0003221,CUST_00505,2024-02-29,Home & Kitchen,4,123.89,495.56,completed,upi
ORD_0003222,CUST_00104,2023-08-23,Electronics,2,217.31,434.62,returned,upi
ORD_0003223,CUST_00601,2024-05-06,Sports,3,20.59,61.77,completed,upi
ORD_0003224,CUST_01464,2024-03-24,Apparel,2,36.92,73.84,completed,netbanking
ORD_0003225,CUST_01876,2024-05-08,Apparel,4,33.61,134.44,returned,netbanking
ORD_0003226,CUST_00197,2024-05-14,Electronics,1,248.85,248.85,completed,netbanking
ORD_0003227,CUST_00665,2024-02-21,Sports,4,36.52,146.08,cancelled,netbanking
ORD_0003228,CUST_01299,2024-06-10,Apparel,1,143.95,143.95,returned,netbanking
ORD_0003229,CUST_01939,2024-01-29,Electronics,4,159.71,638.84,completed,upi
ORD_0003230,CUST_00761,2024-01-29,Apparel,1,74.47,74.47,completed,card
ORD_0003231,CUST_01928,2024-06-26,Electronics,5,46.92,234.6,returned,netbanking
ORD_0003232,CUST_01851,2023-06-02,Apparel,3,360.58,1081.74,completed,netbanking
ORD_0003233,CUST_01252,2023-09-29,Books,1,312.06,312.06,completed,wallet
ORD_0003234,CUST_01758,2024-04-07,Electronics,3,253.12,759.36,returned,wallet
ORD_0003235,CUST_00886,2023-07-30,Beauty,2,479.8,959.6,completed,netbanking
ORD_0003236,CUST_00839,2023-09-26,Books,1,421.54,421.54,completed,wallet
ORD_0003237,CUST_00275,2023-12-21,Beauty,5,331.99,1659.95,completed,netbanking
ORD_0003238,CUST_00270,2024-04-27,Electronics,1,234.51,234.51,completed,netbanking
ORD_0003239,CUST_00316,2023-07-02,Beauty,3,307.48,922.44,completed,netbanking
ORD_0003240,CUST_01368,2024-01-02,Electronics,5,228.23,1141.15,completed,upi
ORD_0003241,CUST_01419,2024-01-02,Sports,1,457.31,457.31,completed,card
ORD_0003242,CUST_00224,2023-05-17,Books,1,459.06,459.06,completed,card
ORD_0003243,CUST_01501,2023-09-30,Sports,5,82.9,414.5,completed,card
ORD_0003244,CUST_01102,2024-02-14,Books,2,28.74,57.48,completed,wallet
ORD_0003245,CUST_01922,2024-02-27,Books,5,266.26,1331.3,cancelled,wallet
ORD_0003246,CUST_01450,2024-06-13,Beauty,3,53.4,160.2,completed,wallet
ORD_0003247,CUST_01907,2024-06-28,Beauty,1,496.57,496.57,completed,wallet
ORD_0003248,CUST_00685,2024-01-04,Apparel,5,272.78,1363.9,completed,upi
ORD_0003249,CUST_01074,2023-03-08,Apparel,1,244.78,244.78,completed,upi
ORD_0003250,CUST_01688,2023-04-13,Beauty,5,65.0,325.0,cancelled,netbanking
ORD_0003251,CUST_00917,2023-11-23,Home & Kitchen,2,234.46,468.92,completed,card
ORD_0003252,CUST_00955,2024-05-29,Beauty,2,366.29,732.58,completed,upi
ORD_0003253,CUST_00102,2024-01-28,Sports,5,227.28,1136.4,completed,netbanking
ORD_0003254,CUST_00212,2024-03-22,Home & Kitchen,3,179.86,539.58,completed,upi
ORD_0003255,CUST_00844,2024-02-21,Books,1,137.49,137.49,completed,card
ORD_0003256,CUST_01933,2024-06-11,Beauty,4,268.15,1072.6,completed,netbanking
ORD_0003257,CUST_00141,2024-05-16,Books,5,175.43,877.15,returned,card
ORD_0003258,CUST_00871,2024-06-26,Home & Kitchen,3,221.23,663.69,completed,netbanking
ORD_0003259,CUST_01682,2023-11-13,Apparel,2,498.48,996.96,cancelled,card
ORD_0003260,CUST_01032,2024-02-10,Apparel,4,112.65,450.6,completed,card
ORD_0003261,CUST_00276,2024-01-22,Home & Kitchen,5,419.09,2095.45,completed,upi
ORD_0003262,CUST_00492,2024-06-14,Books,4,354.71,1418.84,completed,card
ORD_0003263,CUST_01387,2024-04-16,Beauty,1,195.47,195.47,completed,card
ORD_0003264,CUST_01213,2024-06-21,Electronics,2,421.42,842.84,completed,wallet
ORD_0003265,CUST_01379,2024-05-24,Apparel,1,427.53,427.53,completed,card
ORD_0003266,CUST_00284,2024-04-24,Electronics,3,175.13,525.39,completed,netbanking
ORD_0003267,CUST_00606,2024-06-14,Beauty,1,258.56,258.56,completed,upi
ORD_0003268,CUST_01164,2024-03-14,Apparel,4,319.23,1276.92,completed,wallet
ORD_0003269,CUST_00277,2023-10-08,Apparel,4,57.71,230.84,completed,netbanking
ORD_0003270,CUST_00510,2024-02-25,Electronics,2,388.49,776.98,completed,card
ORD_0003271,CUST_00597,2024-04-22,Home & Kitchen,3,87.11,261.33,completed,upi
ORD_0003272,CUST_00037,2024-06-11,Sports,3,62.1,186.3,completed,wallet
ORD_0003273,CUST_00644,2024-06-14,Apparel,4,379.74,1518.96,completed,wallet
ORD_0003274,CUST_01420,2024-06-09,Sports,3,58.88,176.64,completed,upi
ORD_0003275,CUST_00298,2024-06-03,Home & Kitchen,2,231.64,463.28,completed,card
ORD_0003276,CUST_00009,2023-12-25,Apparel,2,132.4,264.8,completed,netbanking
ORD_0003277,CUST_00080,2024-06-29,Books,4,374.33,1497.32,returned,card
ORD_0003278,CUST_00378,2024-05-30,Sports,1,333.04,333.04,completed,card
ORD_0003279,CUST_01692,2023-11-12,Beauty,1,462.27,462.27,completed,card
ORD_0003280,CUST_00690,2023-06-18,Electronics,4,207.24,828.96,completed,card
ORD_0003281,CUST_01741,2024-05-27,Books,2,293.76,587.52,completed,netbanking
ORD_0003282,CUST_01580,2023-12-19,Electronics,4,321.08,1284.32,completed,wallet
ORD_0003283,CUST_01638,2023-07-19,Apparel,4,50.61,202.44,completed,netbanking
ORD_0003284,CUST_01699,2024-03-27,Apparel,3,158.34,475.02,completed,upi
ORD_0003285,CUST_01637,2023-09-06,Sports,5,83.09,415.45,completed,wallet
ORD_0003286,CUST_00392,2024-06-25,Books,1,129.71,129.71,completed,card
ORD_0003287,CUST_00615,2023-12-21,Electronics,1,120.91,120.91,returned,card
ORD_0003288,CUST_01871,2024-05-15,Books,1,350.76,350.76,completed,card
ORD_0003289,CUST_01885,2024-06-13,Apparel,1,306.09,306.09,completed,wallet
ORD_0003290,CUST_00014,2024-03-05,Books,1,22.0,22.0,cancelled,card
ORD_0003291,CUST_01789,2024-02-26,Electronics,5,418.31,2091.55,returned,upi
ORD_0003292,CUST_01503,2024-05-20,Beauty,4,478.63,1914.52,completed,netbanking
ORD_0003293,CUST_01488,2024-06-01,Beauty,4,284.49,1137.96,completed,netbanking
ORD_0003294,CUST_00130,2023-07-09,Home & Kitchen,2,138.29,276.58,completed,card
ORD_0003295,CUST_01057,2023-07-31,Sports,1,472.49,472.49,completed,netbanking
ORD_0003296,CUST_00020,2024-01-09,Apparel,1,351.72,351.72,completed,card
ORD_0003297,CUST_00912,2024-06-12,Books,1,161.75,161.75,completed,netbanking
ORD_0003298,CUST_00849,2023-01-29,Electronics,5,374.96,1874.8,returned,wallet
ORD_0003299,CUST_00929,2023-08-02,Sports,3,333.68,1001.04,completed,upi
ORD_0003300,CUST_00142,2024-04-10,Home & Kitchen,2,61.23,122.46,completed,wallet
ORD_0003301,CUST_00557,2024-06-24,Apparel,4,71.31,285.24,completed,wallet
ORD_0003302,CUST_01229,2023-12-10,Home & Kitchen,1,232.94,232.94,completed,upi
ORD_0003303,CUST_01757,2024-02-29,Beauty,3,136.54,409.62,completed,wallet
ORD_0003304,CUST_00008,2024-05-17,Electronics,2,130.99,261.98,completed,wallet
ORD_0003305,CUST_01532,2024-05-13,Beauty,3,53.58,160.74,completed,netbanking
ORD_0003306,CUST_00146,2023-08-27,Apparel,4,18.28,73.12,completed,wallet
ORD_0003307,CUST_00719,2023-09-07,Sports,1,354.37,354.37,completed,wallet
ORD_0003308,CUST_01896,2024-03-26,Electronics,2,52.91,105.82,completed,wallet
ORD_0003309,CUST_01319,2023-12-18,Electronics,3,209.42,628.26,completed,upi
ORD_0003310,CUST_00812,2024-05-15,Electronics,4,466.19,1864.76,completed,wallet
ORD_0003311,CUST_00596,2024-05-10,Home & Kitchen,4,237.29,949.16,returned,wallet
ORD_0003312,CUST_01587,2024-06-19,Sports,5,409.98,2049.9,completed,netbanking
ORD_0003313,CUST_01059,2024-03-02,Beauty,4,15.93,63.72,completed,card
ORD_0003314,CUST_00052,2024-06-25,Electronics,4,400.98,1603.92,completed,wallet
ORD_0003315,CUST_00996,2024-05-04,Home & Kitchen,4,163.46,653.84,completed,upi
ORD_0003316,CUST_01671,2023-09-15,Electronics,4,268.61,1074.44,cancelled,card
ORD_0003317,CUST_00906,2023-12-24,Books,5,354.7,1773.5,returned,card
ORD_0003318,CUST_00570,2023-05-26,Home & Kitchen,2,461.73,923.46,completed,card
ORD_0003319,CUST_01935,2024-06-16,Sports,3,173.74,521.22,completed,netbanking
ORD_0003320,CUST_00466,2023-08-18,Sports,2,336.13,672.26,completed,wallet
ORD_0003321,CUST_01437,2024-05-12,Apparel,3,470.65,1411.95,completed,card
ORD_0003322,CUST_00984,2024-05-20,Beauty,1,411.08,411.08,completed,upi
ORD_0003323,CUST_01858,2023-05-09,Beauty,1,162.44,162.44,completed,upi
ORD_0003324,CUST_00788,2024-05-26,Books,3,115.07,345.21,completed,wallet
ORD_0003325,CUST_01327,2024-05-06,Books,4,125.32,501.28,completed,netbanking
ORD_0003326,CUST_01564,2024-06-11,Books,2,143.78,287.56,completed,upi
ORD_0003327,CUST_01903,2024-02-16,Sports,5,413.1,2065.5,completed,netbanking
ORD_0003328,CUST_01987,2024-06-20,Apparel,2,419.43,838.86,returned,wallet
ORD_0003329,CUST_01134,2024-03-03,Electronics,1,137.77,137.77,cancelled,upi
ORD_0003330,CUST_00561,2024-02-16,Books,1,448.32,448.32,returned,wallet
ORD_0003331,CUST_00902,2023-12-08,Home & Kitchen,4,12.86,51.44,completed,card
ORD_0003332,CUST_00979,2024-02-02,Apparel,3,236.62,709.86,completed,card
ORD_0003333,CUST_00796,2023-11-15,Beauty,3,21.99,65.97,returned,upi
ORD_0003334,CUST_01914,2024-02-19,Books,3,202.63,607.89,completed,wallet
ORD_0003335,CUST_00032,2023-08-15,Beauty,3,334.67,1004.01,completed,netbanking
ORD_0003336,CUST_00996,2024-03-22,Apparel,2,303.65,607.3,completed,upi
ORD_0003337,CUST_00974,2023-07-16,Books,5,492.92,2464.6,cancelled,upi
ORD_0003338,CUST_00742,2023-10-25,Beauty,2,306.12,612.24,completed,card
ORD_0003339,CUST_01273,2024-04-12,Electronics,4,492.6,1970.4,completed,card
ORD_0003340,CUST_01606,2023-06-10,Home & Kitchen,1,50.74,50.74,completed,wallet
ORD_0003341,CUST_00145,2024-04-12,Home & Kitchen,4,104.33,417.32,completed,card
ORD_0003342,CUST_00286,2023-04-11,Beauty,2,10.58,21.16,completed,upi
ORD_0003343,CUST_01342,2024-02-28,Beauty,5,428.3,2141.5,cancelled,card
ORD_0003344,CUST_01566,2024-06-16,Books,5,427.81,2139.05,completed,upi
ORD_0003345,CUST_00151,2024-04-07,Sports,3,335.99,1007.97,completed,wallet
ORD_0003346,CUST_01943,2023-10-25,Home & Kitchen,4,429.47,1717.88,cancelled,wallet
ORD_0003347,CUST_00144,2024-02-26,Electronics,2,71.95,143.9,completed,upi
ORD_0003348,CUST_01800,2024-05-12,Electronics,1,211.21,211.21,completed,wallet
ORD_0003349,CUST_01684,2023-11-29,Electronics,1,245.53,245.53,completed,upi
ORD_0003350,CUST_01697,2023-09-05,Home & Kitchen,2,102.89,205.78,completed,wallet
ORD_0003351,CUST_01245,2023-11-15,Home & Kitchen,4,258.29,1033.16,returned,card
ORD_0003352,CUST_00848,2024-04-20,Apparel,4,144.21,576.84,completed,card
ORD_0003353,CUST_01461,2024-04-01,Home & Kitchen,2,332.7,665.4,completed,upi
ORD_0003354,CUST_01814,2024-04-20,Electronics,4,404.46,1617.84,completed,upi
ORD_0003355,CUST_00945,2023-12-03,Sports,5,424.39,2121.95,completed,upi
ORD_0003356,CUST_01918,2024-05-25,Sports,3,100.64,301.92,completed,netbanking
ORD_0003357,CUST_00529,2024-01-06,Apparel,5,146.42,732.1,returned,wallet
ORD_0003358,CUST_01571,2024-05-07,Electronics,5,223.14,1115.7,returned,card
ORD_0003359,CUST_00153,2023-12-21,Books,2,118.18,236.36,completed,card
ORD_0003360,CUST_00657,2024-05-13,Home & Kitchen,4,244.65,978.6,completed,netbanking
ORD_0003361,CUST_01217,2024-05-15,Apparel,4,352.3,1409.2,completed,wallet
ORD_0003362,CUST_01903,2024-05-06,Home & Kitchen,1,94.14,94.14,completed,upi
ORD_0003363,CUST_00033,2023-09-17,Books,4,477.31,1909.24,completed,wallet
ORD_0003364,CUST_00366,2024-03-15,Apparel,4,365.16,1460.64,completed,netbanking
ORD_0003365,CUST_01042,2024-02-28,Electronics,1,272.23,272.23,completed,netbanking
ORD_0003366,CUST_00706,2024-06-20,Beauty,4,387.08,1548.32,completed,upi
ORD_0003367,CUST_01233,2024-06-19,Sports,3,488.6,1465.8,completed,netbanking
ORD_0003368,CUST_00139,2024-02-11,Home & Kitchen,3,362.7,1088.1,completed,card
ORD_0003369,CUST_00132,2024-06-16,Books,2,493.93,987.86,completed,wallet
ORD_0003370,CUST_00304,2024-03-13,Books,4,479.33,1917.32,returned,card
ORD_0003371,CUST_00212,2023-09-17,Home & Kitchen,3,474.55,1423.65,completed,upi
ORD_0003372,CUST_00421,2023-07-29,Sports,1,400.27,400.27,completed,wallet
ORD_0003373,CUST_01959,2024-03-06,Sports,1,374.12,374.12,completed,upi
ORD_0003374,CUST_01287,2024-04-02,Books,5,78.25,391.25,completed,upi
ORD_0003375,CUST_01638,2023-05-15,Beauty,1,445.1,445.1,completed,upi
ORD_0003376,CUST_00171,2024-02-12,Books,4,122.46,489.84,cancelled,netbanking
ORD_0003377,CUST_01116,2024-05-25,Books,2,100.1,200.2,completed,card
ORD_0003378,CUST_01264,2024-06-03,Apparel,1,279.69,279.69,completed,netbanking
ORD_0003379,CUST_01700,2024-05-24,Beauty,1,224.05,224.05,completed,wallet
ORD_0003380,CUST_01561,2024-06-22,Apparel,4,169.85,679.4,completed,netbanking
ORD_0003381,CUST_00724,2024-05-27,Electronics,1,345.36,345.36,completed,netbanking
ORD_0003382,CUST_01813,2023-11-18,Sports,1,261.49,261.49,completed,netbanking
ORD_0003383,CUST_01455,2024-06-26,Apparel,2,220.33,440.66,completed,card
ORD_0003384,CUST_00027,2024-02-23,Books,4,15.25,61.0,completed,upi
ORD_0003385,CUST_00660,2023-12-28,Sports,2,375.44,750.88,completed,upi
ORD_0003386,CUST_01372,2023-10-17,Beauty,2,439.8,879.6,completed,wallet
ORD_0003387,CUST_00678,2024-06-29,Books,2,291.4,582.8,completed,upi
ORD_0003388,CUST_01740,2024-05-02,Electronics,1,433.58,433.58,returned,wallet
ORD_0003389,CUST_00453,2023-10-17,Books,4,421.7,1686.8,completed,wallet
ORD_0003390,CUST_01489,2024-06-16,Apparel,3,14.52,43.56,returned,netbanking
ORD_0003391,CUST_00766,2024-02-13,Electronics,3,41.49,124.47,completed,wallet
ORD_0003392,CUST_00801,2024-06-01,Electronics,5,237.5,1187.5,completed,netbanking
ORD_0003393,CUST_00595,2023-10-10,Home & Kitchen,5,23.45,117.25,completed,card
ORD_0003394,CUST_01004,2024-01-24,Books,3,79.91,239.73,returned,upi
ORD_0003395,CUST_01057,2023-06-22,Electronics,5,73.49,367.45,completed,card
ORD_0003396,CUST_00651,2023-05-17,Books,5,482.51,2412.55,completed,wallet
ORD_0003397,CUST_00203,2024-01-19,Apparel,1,171.64,171.64,completed,netbanking
ORD_0003398,CUST_00328,2024-05-07,Apparel,2,351.18,702.36,completed,card
ORD_0003399,CUST_00665,2024-01-27,Books,5,104.61,523.05,completed,netbanking
ORD_0003400,CUST_00482,2023-12-15,Beauty,3,372.67,1118.01,returned,netbanking
ORD_0003401,CUST_01018,2023-12-08,Beauty,2,469.82,939.64,returned,upi
ORD_0003402,CUST_01221,2024-02-08,Electronics,1,388.07,388.07,completed,netbanking
ORD_0003403,CUST_01590,2023-08-26,Beauty,3,166.47,499.41,completed,upi
ORD_0003404,CUST_00949,2024-02-09,Apparel,5,280.55,1402.75,completed,upi
ORD_0003405,CUST_00169,2023-12-13,Electronics,3,270.44,811.32,cancelled,card
ORD_0003406,CUST_00522,2024-05-21,Sports,5,446.53,2232.65,completed,wallet
ORD_0003407,CUST_00242,2024-06-22,Home & Kitchen,5,221.56,1107.8,returned,upi
ORD_0003408,CUST_00365,2024-06-08,Beauty,2,190.3,380.6,completed,netbanking
ORD_0003409,CUST_01354,2024-02-18,Electronics,5,440.84,2204.2,completed,netbanking
ORD_0003410,CUST_01155,2023-12-07,Books,4,167.37,669.48,completed,card
ORD_0003411,CUST_00220,2024-05-01,Sports,2,394.76,789.52,completed,upi
ORD_0003412,CUST_00038,2024-03-25,Books,3,381.7,1145.1,completed,upi
ORD_0003413,CUST_00906,2024-02-18,Beauty,3,385.85,1157.55,completed,wallet
ORD_0003414,CUST_00002,2024-06-18,Home & Kitchen,5,489.65,2448.25,cancelled,wallet
ORD_0003415,CUST_01867,2023-10-21,Beauty,1,440.31,440.31,cancelled,upi
ORD_0003416,CUST_00372,2024-03-25,Beauty,2,108.68,217.36,completed,wallet
ORD_0003417,CUST_00125,2023-07-15,Books,5,105.91,529.55,completed,card
ORD_0003418,CUST_00267,2024-05-07,Books,1,346.55,346.55,completed,card
ORD_0003419,CUST_01517,2023-05-29,Sports,2,367.95,735.9,completed,wallet
ORD_0003420,CUST_01183,2024-04-03,Beauty,2,238.6,477.2,returned,netbanking
ORD_0003421,CUST_01426,2024-01-28,Apparel,1,457.05,457.05,completed,wallet
ORD_0003422,CUST_01533,2024-06-23,Apparel,3,442.42,1327.26,completed,wallet
ORD_0003423,CUST_01050,2024-03-05,Home & Kitchen,1,277.58,277.58,completed,wallet
ORD_0003424,CUST_00811,2023-10-11,Sports,1,358.75,358.75,completed,card
ORD_0003425,CUST_00964,2024-05-03,Sports,4,297.81,1191.24,completed,netbanking
ORD_0003426,CUST_01602,2024-02-21,Beauty,3,236.64,709.92,completed,netbanking
ORD_0003427,CUST_00568,2024-06-25,Sports,1,231.42,231.42,returned,upi
ORD_0003428,CUST_01524,2024-05-22,Home & Kitchen,2,198.93,397.86,completed,upi
ORD_0003429,CUST_00610,2024-03-01,Electronics,3,496.81,1490.43,completed,card
ORD_0003430,CUST_01919,2023-11-12,Beauty,2,177.02,354.04,returned,upi
ORD_0003431,CUST_01887,2024-04-29,Beauty,5,171.39,856.95,completed,card
ORD_0003432,CUST_00947,2024-05-24,Home & Kitchen,5,483.39,2416.95,completed,netbanking
ORD_0003433,CUST_00923,2024-06-28,Books,2,461.74,923.48,completed,card
ORD_0003434,CUST_00775,2024-06-02,Apparel,5,161.61,808.05,cancelled,card
ORD_0003435,CUST_01002,2024-05-12,Books,2,37.82,75.64,completed,card
ORD_0003436,CUST_01652,2024-02-02,Electronics,4,479.07,1916.28,returned,upi
ORD_0003437,CUST_00648,2024-06-16,Electronics,1,324.53,324.53,completed,upi
ORD_0003438,CUST_00795,2024-01-16,Beauty,2,103.46,206.92,completed,netbanking
ORD_0003439,CUST_00579,2023-10-03,Books,2,453.04,906.08,completed,netbanking
ORD_0003440,CUST_00267,2024-05-27,Apparel,1,366.73,366.73,completed,upi
ORD_0003441,CUST_01905,2024-03-01,Books,3,105.82,317.46,completed,netbanking
ORD_0003442,CUST_01657,2023-08-02,Apparel,3,315.29,945.87,completed,card
ORD_0003443,CUST_00386,2024-04-09,Books,2,130.37,260.74,completed,netbanking
ORD_0003444,CUST_00869,2024-02-17,Beauty,1,296.72,296.72,completed,netbanking
ORD_0003445,CUST_00706,2024-05-21,Apparel,1,457.48,457.48,completed,wallet
ORD_0003446,CUST_00233,2023-12-20,Books,3,46.08,138.24,cancelled,netbanking
ORD_0003447,CUST_01920,2024-02-09,Books,5,144.3,721.5,completed,card
ORD_0003448,CUST_01569,2023-10-09,Apparel,1,279.99,279.99,cancelled,card
ORD_0003449,CUST_01960,2024-04-20,Electronics,4,341.72,1366.88,returned,netbanking
ORD_0003450,CUST_00061,2024-04-21,Apparel,4,60.64,242.56,completed,upi
ORD_0003451,CUST_01857,2024-04-24,Beauty,2,331.54,663.08,completed,wallet
ORD_0003452,CUST_00607,2024-02-01,Home & Kitchen,4,283.14,1132.56,completed,card
ORD_0003453,CUST_01919,2023-11-10,Home & Kitchen,3,191.15,573.45,completed,card
ORD_0003454,CUST_00259,2024-06-08,Books,2,355.78,711.56,completed,wallet
ORD_0003455,CUST_00998,2024-05-17,Home & Kitchen,5,402.97,2014.85,cancelled,upi
ORD_0003456,CUST_00476,2023-07-04,Apparel,4,210.86,843.44,completed,card
ORD_0003457,CUST_00539,2024-05-28,Apparel,1,24.31,24.31,completed,upi
ORD_0003458,CUST_00820,2024-06-21,Apparel,4,363.22,1452.88,cancelled,wallet
ORD_0003459,CUST_01823,2024-03-19,Beauty,1,100.02,100.02,completed,card
ORD_0003460,CUST_01156,2024-06-13,Beauty,3,474.95,1424.85,completed,card
ORD_0003461,CUST_00938,2023-05-18,Books,4,325.21,1300.84,completed,card
ORD_0003462,CUST_01959,2024-03-24,Electronics,1,94.59,94.59,completed,upi
ORD_0003463,CUST_00518,2024-06-29,Books,5,26.24,131.2,completed,upi
ORD_0003464,CUST_01869,2024-03-04,Electronics,4,99.33,397.32,completed,upi
ORD_0003465,CUST_01405,2024-06-11,Beauty,2,298.19,596.38,returned,card
ORD_0003466,CUST_01517,2024-06-05,Books,2,293.21,586.42,completed,upi
ORD_0003467,CUST_00231,2024-05-10,Books,3,119.91,359.73,completed,upi
ORD_0003468,CUST_01884,2024-06-17,Sports,1,434.28,434.28,completed,upi
ORD_0003469,CUST_01047,2024-04-16,Home & Kitchen,4,227.78,911.12,completed,card
ORD_0003470,CUST_00647,2023-11-17,Books,5,284.22,1421.1,completed,wallet
ORD_0003471,CUST_01617,2023-07-12,Electronics,5,467.42,2337.1,completed,upi
ORD_0003472,CUST_00326,2024-05-24,Apparel,1,480.38,480.38,completed,card
ORD_0003473,CUST_01847,2024-04-04,Books,3,213.81,641.43,completed,netbanking
ORD_0003474,CUST_00282,2023-09-10,Sports,4,210.08,840.32,completed,card
ORD_0003475,CUST_01325,2024-04-08,Beauty,3,225.57,676.71,completed,netbanking
ORD_0003476,CUST_00363,2023-11-30,Sports,4,116.57,466.28,completed,netbanking
ORD_0003477,CUST_00962,2024-04-13,Home & Kitchen,5,454.0,2270.0,completed,card
ORD_0003478,CUST_01660,2024-03-03,Books,4,165.85,663.4,completed,card
ORD_0003479,CUST_00889,2024-05-08,Sports,2,453.38,906.76,completed,wallet
ORD_0003480,CUST_01953,2024-06-24,Apparel,2,277.41,554.82,completed,card
ORD_0003481,CUST_01630,2024-04-20,Apparel,2,261.19,522.38,returned,card
ORD_0003482,CUST_01449,2024-06-03,Electronics,3,68.56,205.68,completed,upi
ORD_0003483,CUST_01773,2024-06-19,Books,1,326.27,326.27,completed,wallet
ORD_0003484,CUST_01493,2023-12-27,Apparel,5,262.49,1312.45,completed,wallet
ORD_0003485,CUST_00775,2024-05-16,Sports,4,485.0,1940.0,returned,card
ORD_0003486,CUST_00296,2024-06-16,Electronics,5,266.6,1333.0,returned,netbanking
ORD_0003487,CUST_00274,2024-06-29,Home & Kitchen,3,126.72,380.16,completed,netbanking
ORD_0003488,CUST_00171,2024-05-10,Sports,1,51.51,51.51,completed,netbanking
ORD_0003489,CUST_01140,2023-07-15,Beauty,5,225.59,1127.95,completed,card
ORD_0003490,CUST_01418,2024-05-04,Electronics,4,248.08,992.32,completed,card
ORD_0003491,CUST_00983,2024-04-19,Electronics,1,365.01,365.01,completed,netbanking
ORD_0003492,CUST_00120,2024-03-18,Sports,2,120.21,240.42,completed,wallet
ORD_0003493,CUST_01223,2024-05-05,Beauty,4,352.69,1410.76,returned,wallet
ORD_0003494,CUST_00171,2023-12-28,Electronics,3,487.47,1462.41,completed,card
ORD_0003495,CUST_00105,2024-06-11,Electronics,4,34.98,139.92,completed,netbanking
ORD_0003496,CUST_00058,2024-04-21,Apparel,1,192.38,192.38,completed,netbanking
ORD_0003497,CUST_01158,2024-03-11,Beauty,2,346.17,692.34,completed,upi
ORD_0003498,CUST_00068,2023-05-27,Apparel,1,494.97,494.97,completed,wallet
ORD_0003499,CUST_00747,2024-04-10,Beauty,3,327.72,983.16,completed,netbanking
ORD_0003500,CUST_01311,2023-10-28,Sports,5,216.9,1084.5,returned,wallet
ORD_0003501,CUST_01533,2024-04-03,Apparel,3,417.38,1252.14,completed,wallet
ORD_0003502,CUST_01359,2024-06-05,Electronics,2,37.51,75.02,completed,card
ORD_0003503,CUST_00716,2024-06-10,Electronics,2,225.99,451.98,cancelled,netbanking
ORD_0003504,CUST_00191,2024-04-28,Sports,2,234.7,469.4,completed,wallet
ORD_0003505,CUST_01617,2024-01-28,Beauty,4,373.35,1493.4,completed,wallet
ORD_0003506,CUST_01093,2024-05-31,Electronics,4,385.88,1543.52,returned,netbanking
ORD_0003507,CUST_00704,2024-04-21,Books,1,406.07,406.07,completed,card
ORD_0003508,CUST_01639,2024-01-08,Beauty,5,156.14,780.7,completed,card
ORD_0003509,CUST_00564,2023-11-25,Sports,5,310.0,1550.0,completed,netbanking
ORD_0003510,CUST_01031,2024-06-07,Electronics,2,148.78,297.56,completed,wallet
ORD_0003511,CUST_00524,2023-12-02,Sports,3,23.13,69.39,completed,wallet
ORD_0003512,CUST_00429,2024-01-12,Apparel,3,193.19,579.57,completed,wallet
ORD_0003513,CUST_01509,2024-06-25,Electronics,1,57.6,57.6,completed,card
ORD_0003514,CUST_01866,2024-06-23,Home & Kitchen,1,481.45,481.45,completed,wallet
ORD_0003515,CUST_01838,2024-06-20,Beauty,5,281.4,1407.0,completed,upi
ORD_0003516,CUST_01677,2024-03-05,Sports,1,128.94,128.94,completed,upi
ORD_0003517,CUST_00108,2024-06-15,Apparel,4,364.36,1457.44,completed,card
ORD_0003518,CUST_01798,2023-04-27,Books,2,82.41,164.82,completed,netbanking
ORD_0003519,CUST_01262,2024-06-02,Home & Kitchen,2,14.23,28.46,completed,upi
ORD_0003520,CUST_01685,2024-05-31,Books,5,436.16,2180.8,cancelled,card
ORD_0003521,CUST_01471,2024-05-10,Home & Kitchen,2,484.5,969.0,completed,netbanking
ORD_0003522,CUST_01247,2024-04-05,Books,3,228.95,686.85,completed,upi
ORD_0003523,CUST_01196,2023-07-16,Books,4,479.61,1918.44,completed,netbanking
ORD_0003524,CUST_01398,2024-06-10,Books,2,49.49,98.98,completed,upi
ORD_0003525,CUST_01023,2024-01-12,Home & Kitchen,5,33.23,166.15,completed,upi
ORD_0003526,CUST_01273,2024-04-14,Books,4,228.54,914.16,completed,wallet
ORD_0003527,CUST_01208,2024-06-15,Books,5,235.89,1179.45,completed,netbanking
ORD_0003528,CUST_00675,2024-03-18,Home & Kitchen,3,442.89,1328.67,cancelled,upi
ORD_0003529,CUST_00569,2023-04-03,Apparel,1,459.84,459.84,completed,upi
ORD_0003530,CUST_00852,2024-06-02,Sports,1,348.71,348.71,completed,wallet
ORD_0003531,CUST_00682,2023-05-09,Books,5,112.3,561.5,returned,card
ORD_0003532,CUST_00228,2023-06-26,Sports,3,422.32,1266.96,completed,netbanking
ORD_0003533,CUST_00981,2024-06-29,Beauty,2,216.74,433.48,completed,card
ORD_0003534,CUST_01887,2023-03-06,Books,3,210.69,632.07,completed,upi
ORD_0003535,CUST_01437,2024-05-02,Books,1,483.37,483.37,completed,wallet
ORD_0003536,CUST_00687,2024-04-22,Home & Kitchen,3,264.04,792.12,cancelled,card
ORD_0003537,CUST_00776,2023-11-02,Books,2,356.2,712.4,completed,netbanking
ORD_0003538,CUST_00495,2023-09-12,Books,1,114.45,114.45,cancelled,upi
ORD_0003539,CUST_01656,2024-04-08,Beauty,1,273.07,273.07,completed,netbanking
ORD_0003540,CUST_00611,2024-06-11,Electronics,3,214.99,644.97,completed,card
ORD_0003541,CUST_00267,2024-04-07,Electronics,2,276.36,552.72,completed,upi
ORD_0003542,CUST_01142,2024-03-22,Electronics,5,381.56,1907.8,returned,wallet
ORD_0003543,CUST_00159,2024-05-13,Sports,3,179.88,539.64,completed,wallet
ORD_0003544,CUST_00772,2024-05-28,Beauty,3,222.16,666.48,returned,card
ORD_0003545,CUST_01071,2024-06-06,Sports,1,90.96,90.96,completed,upi
ORD_0003546,CUST_00694,2023-11-29,Beauty,1,469.68,469.68,completed,wallet
ORD_0003547,CUST_00887,2024-05-24,Home & Kitchen,1,456.54,456.54,returned,netbanking
ORD_0003548,CUST_00799,2024-01-26,Home & Kitchen,5,267.72,1338.6,completed,upi
ORD_0003549,CUST_01419,2024-06-12,Books,5,495.16,2475.8,returned,netbanking
ORD_0003550,CUST_00316,2023-06-24,Apparel,2,48.82,97.64,returned,upi
ORD_0003551,CUST_01669,2024-06-07,Books,5,282.18,1410.9,completed,upi
ORD_0003552,CUST_00430,2023-07-04,Books,1,111.9,111.9,cancelled,wallet
ORD_0003553,CUST_00601,2024-02-28,Beauty,4,465.43,1861.72,completed,wallet
ORD_0003554,CUST_00279,2024-05-02,Home & Kitchen,5,354.18,1770.9,completed,upi
ORD_0003555,CUST_01084,2024-06-07,Beauty,4,490.95,1963.8,completed,card
ORD_0003556,CUST_01036,2024-06-15,Apparel,4,229.92,919.68,returned,wallet
ORD_0003557,CUST_01987,2024-05-22,Beauty,1,209.27,209.27,completed,upi
ORD_0003558,CUST_00545,2024-05-20,Beauty,3,408.49,1225.47,completed,wallet
ORD_0003559,CUST_00498,2024-03-06,Beauty,4,95.0,380.0,completed,wallet
ORD_0003560,CUST_01024,2023-05-13,Apparel,1,134.79,134.79,completed,netbanking
ORD_0003561,CUST_01446,2024-03-17,Apparel,4,116.97,467.88,completed,upi
ORD_0003562,CUST_01527,2024-05-13,Books,2,279.86,559.72,cancelled,card
ORD_0003563,CUST_00640,2023-07-07,Beauty,3,30.45,91.35,cancelled,netbanking
ORD_0003564,CUST_00701,2024-01-14,Sports,3,455.03,1365.09,completed,upi
ORD_0003565,CUST_01186,2024-05-10,Home & Kitchen,4,328.12,1312.48,completed,wallet
ORD_0003566,CUST_00977,2024-06-25,Electronics,5,428.36,2141.8,completed,wallet
ORD_0003567,CUST_01306,2024-02-24,Books,4,436.02,1744.08,completed,wallet
ORD_0003568,CUST_01724,2023-10-08,Home & Kitchen,4,308.26,1233.04,cancelled,netbanking
ORD_0003569,CUST_01055,2024-04-21,Apparel,4,254.73,1018.92,completed,upi
ORD_0003570,CUST_01278,2024-06-07,Sports,2,148.87,297.74,completed,wallet
ORD_0003571,CUST_01881,2024-06-15,Beauty,4,24.2,96.8,returned,upi
ORD_0003572,CUST_00490,2023-10-02,Sports,3,295.51,886.53,completed,netbanking
ORD_0003573,CUST_01964,2024-04-19,Books,4,144.54,578.16,completed,netbanking
ORD_0003574,CUST_00423,2024-01-04,Beauty,1,73.09,73.09,completed,upi
ORD_0003575,CUST_01180,2024-05-20,Apparel,1,349.96,349.96,completed,wallet
ORD_0003576,CUST_00187,2023-10-29,Apparel,2,276.7,553.4,completed,card
ORD_0003577,CUST_00657,2024-05-10,Beauty,1,28.7,28.7,completed,card
ORD_0003578,CUST_00750,2024-06-15,Home & Kitchen,2,111.28,222.56,returned,upi
ORD_0003579,CUST_00668,2024-04-26,Beauty,4,20.37,81.48,completed,wallet
ORD_0003580,CUST_00340,2024-05-23,Home & Kitchen,4,44.72,178.88,cancelled,netbanking
ORD_0003581,CUST_01246,2024-01-10,Beauty,5,190.35,951.75,returned,netbanking
ORD_0003582,CUST_00724,2024-06-28,Sports,3,288.48,865.44,completed,netbanking
ORD_0003583,CUST_00053,2023-12-30,Apparel,3,449.3,1347.9,completed,wallet
ORD_0003584,CUST_00275,2024-06-28,Home & Kitchen,1,227.11,227.11,completed,netbanking
ORD_0003585,CUST_01839,2023-07-22,Home & Kitchen,5,119.88,599.4,cancelled,netbanking
ORD_0003586,CUST_00269,2024-05-18,Electronics,3,80.26,240.78,cancelled,upi
ORD_0003587,CUST_01587,2023-04-10,Electronics,4,328.54,1314.16,returned,upi
ORD_0003588,CUST_00190,2024-02-29,Beauty,3,250.79,752.37,completed,upi
ORD_0003589,CUST_00123,2024-06-05,Beauty,2,29.77,59.54,completed,wallet
ORD_0003590,CUST_01567,2024-05-05,Sports,4,109.21,436.84,completed,upi
ORD_0003591,CUST_00615,2023-08-23,Home & Kitchen,2,413.03,826.06,completed,upi
ORD_0003592,CUST_00353,2023-11-17,Home & Kitchen,2,371.53,743.06,returned,netbanking
ORD_0003593,CUST_00020,2023-08-31,Books,5,108.12,540.6,completed,card
ORD_0003594,CUST_01180,2024-02-09,Beauty,1,96.24,96.24,completed,card
ORD_0003595,CUST_00741,2024-06-07,Sports,2,183.25,366.5,completed,card
ORD_0003596,CUST_01449,2024-03-27,Books,3,463.28,1389.84,completed,netbanking
ORD_0003597,CUST_00182,2023-04-16,Home & Kitchen,2,453.07,906.14,completed,card
ORD_0003598,CUST_00177,2023-07-27,Home & Kitchen,1,109.92,109.92,completed,upi
ORD_0003599,CUST_00537,2024-04-14,Apparel,3,241.76,725.28,completed,wallet
ORD_0003600,CUST_01418,2023-08-15,Books,4,219.47,877.88,completed,wallet
ORD_0003601,CUST_00490,2023-10-24,Electronics,2,66.82,133.64,completed,upi
ORD_0003602,CUST_01269,2024-06-15,Apparel,2,256.22,512.44,completed,netbanking
ORD_0003603,CUST_01213,2024-03-21,Sports,5,26.83,134.15,completed,card
ORD_0003604,CUST_01139,2024-06-28,Sports,5,358.58,1792.9,completed,wallet
ORD_0003605,CUST_00619,2024-05-04,Electronics,3,87.3,261.9,returned,card
ORD_0003606,CUST_01385,2024-05-17,Apparel,5,27.68,138.4,completed,upi
ORD_0003607,CUST_00394,2023-11-28,Beauty,4,482.46,1929.84,returned,upi
ORD_0003608,CUST_00193,2024-01-26,Books,2,124.41,248.82,returned,wallet
ORD_0003609,CUST_01002,2023-07-11,Beauty,3,487.15,1461.45,returned,card
ORD_0003610,CUST_01867,2024-04-11,Beauty,1,15.55,15.55,completed,card
ORD_0003611,CUST_01267,2024-05-20,Books,5,398.65,1993.25,completed,netbanking
ORD_0003612,CUST_01666,2023-01-31,Apparel,1,127.19,127.19,completed,card
ORD_0003613,CUST_01564,2024-05-25,Home & Kitchen,3,476.81,1430.43,completed,wallet
ORD_0003614,CUST_00057,2024-06-19,Sports,1,135.48,135.48,completed,wallet
ORD_0003615,CUST_00707,2023-10-01,Beauty,4,232.34,929.36,completed,wallet
ORD_0003616,CUST_00312,2024-06-27,Beauty,1,414.49,414.49,completed,wallet
ORD_0003617,CUST_00054,2023-07-19,Sports,4,480.23,1920.92,completed,card
ORD_0003618,CUST_01336,2024-06-08,Beauty,1,164.56,164.56,completed,card
ORD_0003619,CUST_01955,2024-06-05,Apparel,5,309.9,1549.5,completed,wallet
ORD_0003620,CUST_01782,2024-03-21,Sports,1,16.69,16.69,completed,wallet
ORD_0003621,CUST_01872,2024-04-08,Apparel,4,346.34,1385.36,returned,upi
ORD_0003622,CUST_01569,2023-12-16,Electronics,2,348.1,696.2,completed,card
ORD_0003623,CUST_01521,2024-03-02,Electronics,3,266.22,798.66,completed,wallet
ORD_0003624,CUST_01775,2024-06-09,Sports,3,331.41,994.23,completed,upi
ORD_0003625,CUST_00374,2023-11-20,Electronics,3,115.58,346.74,completed,wallet
ORD_0003626,CUST_00692,2024-02-29,Beauty,4,153.63,614.52,completed,upi
ORD_0003627,CUST_01277,2023-12-31,Sports,2,239.37,478.74,completed,wallet
ORD_0003628,CUST_00382,2024-03-06,Home & Kitchen,5,426.94,2134.7,returned,upi
ORD_0003629,CUST_01405,2024-06-15,Beauty,5,473.31,2366.55,completed,netbanking
ORD_0003630,CUST_01783,2024-06-12,Electronics,2,313.89,627.78,returned,wallet
ORD_0003631,CUST_01601,2023-03-03,Sports,2,460.47,920.94,returned,upi
ORD_0003632,CUST_00878,2024-06-20,Apparel,5,284.78,1423.9,completed,wallet
ORD_0003633,CUST_00401,2024-06-11,Apparel,5,422.17,2110.85,completed,upi
ORD_0003634,CUST_01090,2023-03-04,Apparel,1,136.46,136.46,completed,wallet
ORD_0003635,CUST_00746,2024-04-13,Home & Kitchen,4,216.32,865.28,completed,wallet
ORD_0003636,CUST_01933,2024-05-25,Books,1,202.51,202.51,completed,upi
ORD_0003637,CUST_00080,2024-06-29,Home & Kitchen,2,61.76,123.52,completed,upi
ORD_0003638,CUST_01178,2024-06-13,Electronics,4,205.81,823.24,completed,netbanking
ORD_0003639,CUST_00010,2024-04-24,Home & Kitchen,1,64.33,64.33,completed,card
ORD_0003640,CUST_00758,2024-04-04,Beauty,2,276.57,553.14,completed,upi
ORD_0003641,CUST_01440,2024-05-19,Sports,1,45.61,45.61,completed,card
ORD_0003642,CUST_00629,2023-12-09,Books,1,431.27,431.27,completed,upi
ORD_0003643,CUST_00819,2023-06-22,Beauty,3,177.42,532.26,completed,wallet
ORD_0003644,CUST_01990,2024-06-21,Books,3,95.96,287.88,completed,upi
ORD_0003645,CUST_00778,2024-02-03,Apparel,3,463.19,1389.57,completed,card
ORD_0003646,CUST_00547,2023-09-17,Beauty,2,152.12,304.24,completed,netbanking
ORD_0003647,CUST_00576,2024-04-27,Books,5,183.53,917.65,completed,card
ORD_0003648,CUST_00019,2024-02-01,Electronics,1,427.09,427.09,completed,wallet
ORD_0003649,CUST_01318,2023-08-10,Apparel,2,253.3,506.6,cancelled,wallet
ORD_0003650,CUST_01639,2024-06-29,Beauty,4,454.47,1817.88,completed,card
ORD_0003651,CUST_01335,2024-04-28,Sports,2,201.37,402.74,completed,netbanking
ORD_0003652,CUST_01348,2024-06-27,Home & Kitchen,1,471.72,471.72,returned,wallet
ORD_0003653,CUST_00044,2024-01-30,Beauty,3,24.38,73.14,completed,card
ORD_0003654,CUST_00833,2023-11-22,Electronics,1,276.35,276.35,completed,netbanking
ORD_0003655,CUST_01754,2024-06-28,Sports,1,127.86,127.86,completed,netbanking
ORD_0003656,CUST_00387,2024-06-24,Electronics,4,408.34,1633.36,completed,wallet
ORD_0003657,CUST_00354,2024-05-04,Beauty,5,172.04,860.2,completed,card
ORD_0003658,CUST_00625,2024-04-25,Home & Kitchen,2,301.01,602.02,completed,wallet
ORD_0003659,CUST_00877,2024-04-17,Electronics,3,153.9,461.7,cancelled,wallet
ORD_0003660,CUST_01726,2024-04-28,Home & Kitchen,4,73.9,295.6,completed,card
ORD_0003661,CUST_01981,2023-08-29,Beauty,1,213.29,213.29,returned,card
ORD_0003662,CUST_01328,2024-03-03,Books,2,142.73,285.46,completed,netbanking
ORD_0003663,CUST_01428,2024-04-14,Home & Kitchen,5,100.21,501.05,completed,wallet
ORD_0003664,CUST_01458,2024-03-07,Apparel,5,121.69,608.45,completed,wallet
ORD_0003665,CUST_01472,2023-11-02,Books,1,35.97,35.97,completed,card
ORD_0003666,CUST_00257,2024-06-01,Beauty,5,149.09,745.45,completed,wallet
ORD_0003667,CUST_01950,2023-09-15,Home & Kitchen,2,30.06,60.12,returned,netbanking
ORD_0003668,CUST_01146,2024-01-09,Home & Kitchen,1,352.43,352.43,completed,upi
ORD_0003669,CUST_00642,2024-04-20,Sports,2,395.71,791.42,completed,upi
ORD_0003670,CUST_00990,2024-06-11,Beauty,5,406.73,2033.65,completed,wallet
ORD_0003671,CUST_01349,2024-05-21,Electronics,5,496.83,2484.15,completed,card
ORD_0003672,CUST_01881,2024-04-23,Books,4,443.77,1775.08,completed,wallet
ORD_0003673,CUST_01947,2024-04-07,Home & Kitchen,1,415.68,415.68,completed,upi
ORD_0003674,CUST_01810,2023-12-03,Books,5,433.99,2169.95,cancelled,netbanking
ORD_0003675,CUST_00150,2024-06-28,Sports,1,248.93,248.93,completed,wallet
ORD_0003676,CUST_00245,2024-03-20,Home & Kitchen,3,467.17,1401.51,completed,card
ORD_0003677,CUST_01983,2023-08-20,Apparel,5,429.56,2147.8,completed,wallet
ORD_0003678,CUST_00744,2024-06-08,Home & Kitchen,3,94.5,283.5,returned,wallet
ORD_0003679,CUST_00436,2024-06-06,Home & Kitchen,5,430.4,2152.0,cancelled,upi
ORD_0003680,CUST_00494,2024-04-22,Sports,4,485.53,1942.12,completed,wallet
ORD_0003681,CUST_00939,2024-05-27,Sports,1,239.68,239.68,returned,upi
ORD_0003682,CUST_00698,2023-09-23,Electronics,2,173.81,347.62,completed,card
ORD_0003683,CUST_01128,2023-08-24,Sports,2,209.02,418.04,cancelled,card
ORD_0003684,CUST_01259,2023-12-14,Electronics,4,211.84,847.36,completed,wallet
ORD_0003685,CUST_00739,2024-04-28,Apparel,2,279.15,558.3,returned,netbanking
ORD_0003686,CUST_00941,2023-11-07,Beauty,4,160.64,642.56,completed,card
ORD_0003687,CUST_01574,2024-05-18,Apparel,1,416.25,416.25,completed,wallet
ORD_0003688,CUST_00020,2023-05-05,Apparel,4,32.85,131.4,completed,card
ORD_0003689,CUST_01081,2024-03-01,Books,5,378.38,1891.9,returned,wallet
ORD_0003690,CUST_01539,2024-06-01,Books,2,90.46,180.92,returned,card
ORD_0003691,CUST_01169,2024-05-27,Home & Kitchen,2,143.74,287.48,completed,wallet
ORD_0003692,CUST_01008,2024-01-29,Books,5,225.72,1128.6,cancelled,upi
ORD_0003693,CUST_01261,2024-05-12,Books,3,39.03,117.09,completed,netbanking
ORD_0003694,CUST_01664,2024-01-07,Apparel,4,165.15,660.6,completed,wallet
ORD_0003695,CUST_00739,2024-04-11,Sports,3,54.0,162.0,completed,card
ORD_0003696,CUST_00915,2023-11-16,Home & Kitchen,4,243.54,974.16,completed,card
ORD_0003697,CUST_00397,2023-12-28,Apparel,3,384.7,1154.1,completed,wallet
ORD_0003698,CUST_01997,2024-06-28,Apparel,4,309.6,1238.4,completed,upi
ORD_0003699,CUST_01731,2024-06-21,Home & Kitchen,3,179.19,537.57,cancelled,upi
ORD_0003700,CUST_00495,2023-06-11,Electronics,5,456.15,2280.75,cancelled,wallet
ORD_0003701,CUST_01544,2024-01-27,Apparel,1,368.89,368.89,completed,wallet
ORD_0003702,CUST_01055,2024-05-06,Home & Kitchen,2,327.17,654.34,completed,wallet
ORD_0003703,CUST_00754,2023-09-10,Sports,2,177.86,355.72,completed,card
ORD_0003704,CUST_00127,2024-05-15,Apparel,3,421.87,1265.61,completed,wallet
ORD_0003705,CUST_01230,2023-08-18,Books,2,76.63,153.26,completed,netbanking
ORD_0003706,CUST_00266,2023-06-05,Beauty,5,472.39,2361.95,completed,upi
ORD_0003707,CUST_00954,2023-08-22,Apparel,2,253.66,507.32,completed,upi
ORD_0003708,CUST_00209,2024-02-23,Beauty,2,406.85,813.7,completed,card
ORD_0003709,CUST_00015,2024-02-24,Beauty,5,162.97,814.85,completed,card
ORD_0003710,CUST_00419,2024-05-30,Apparel,1,140.87,140.87,completed,upi
ORD_0003711,CUST_01399,2023-11-05,Sports,5,444.74,2223.7,completed,netbanking
ORD_0003712,CUST_00752,2024-05-05,Beauty,1,72.65,72.65,completed,card
ORD_0003713,CUST_00552,2024-06-01,Sports,2,225.54,451.08,completed,netbanking
ORD_0003714,CUST_01542,2024-06-16,Books,1,243.97,243.97,completed,wallet
ORD_0003715,CUST_01107,2024-02-22,Beauty,4,154.93,619.72,completed,netbanking
ORD_0003716,CUST_01491,2024-05-29,Books,2,56.96,113.92,completed,upi
ORD_0003717,CUST_00950,2023-09-02,Home & Kitchen,4,151.78,607.12,completed,upi
ORD_0003718,CUST_01289,2024-06-20,Sports,2,327.36,654.72,completed,netbanking
ORD_0003719,CUST_01264,2024-02-29,Apparel,3,365.65,1096.95,completed,upi
ORD_0003720,CUST_01302,2024-06-23,Sports,5,28.62,143.1,completed,wallet
ORD_0003721,CUST_01872,2023-11-21,Home & Kitchen,2,49.34,98.68,completed,upi
ORD_0003722,CUST_00194,2024-05-10,Sports,5,193.31,966.55,returned,wallet
ORD_0003723,CUST_01975,2023-11-05,Beauty,3,391.88,1175.64,completed,card
ORD_0003724,CUST_00262,2024-01-11,Books,1,204.09,204.09,returned,wallet
ORD_0003725,CUST_01307,2024-06-14,Apparel,4,326.64,1306.56,cancelled,wallet
ORD_0003726,CUST_00856,2024-06-29,Sports,1,436.7,436.7,completed,wallet
ORD_0003727,CUST_00506,2023-06-17,Beauty,5,295.94,1479.7,completed,card
ORD_0003728,CUST_00474,2024-02-23,Apparel,3,100.74,302.22,returned,wallet
ORD_0003729,CUST_00346,2023-11-14,Sports,1,169.36,169.36,completed,upi
ORD_0003730,CUST_01859,2024-02-04,Beauty,3,110.88,332.64,cancelled,upi
ORD_0003731,CUST_01222,2024-06-14,Sports,3,311.38,934.14,completed,upi
ORD_0003732,CUST_01140,2024-02-11,Beauty,3,166.98,500.94,completed,netbanking
ORD_0003733,CUST_00892,2024-06-29,Books,3,107.2,321.6,completed,wallet
ORD_0003734,CUST_00445,2023-12-29,Electronics,1,83.3,83.3,completed,upi
ORD_0003735,CUST_01508,2024-05-28,Books,2,196.27,392.54,completed,upi
ORD_0003736,CUST_00719,2024-01-07,Beauty,4,110.39,441.56,returned,upi
ORD_0003737,CUST_01940,2023-12-12,Books,3,459.87,1379.61,completed,upi
ORD_0003738,CUST_01226,2023-10-10,Electronics,4,337.08,1348.32,completed,card
ORD_0003739,CUST_00069,2024-02-02,Sports,1,158.15,158.15,completed,card
ORD_0003740,CUST_01532,2023-12-31,Beauty,2,488.31,976.62,completed,netbanking
ORD_0003741,CUST_00624,2024-06-07,Beauty,5,444.41,2222.05,completed,wallet
ORD_0003742,CUST_01053,2024-03-27,Home & Kitchen,5,187.89,939.45,completed,wallet
ORD_0003743,CUST_01629,2024-05-06,Sports,5,338.73,1693.65,completed,card
ORD_0003744,CUST_01882,2024-06-06,Beauty,3,458.48,1375.44,completed,netbanking
ORD_0003745,CUST_01308,2024-01-14,Books,1,149.92,149.92,returned,netbanking
ORD_0003746,CUST_00858,2024-04-19,Home & Kitchen,5,419.33,2096.65,returned,upi
ORD_0003747,CUST_01411,2023-08-18,Sports,5,225.83,1129.15,returned,netbanking
ORD_0003748,CUST_00268,2024-04-18,Home & Kitchen,5,24.69,123.45,completed,netbanking
ORD_0003749,CUST_01881,2024-04-18,Sports,5,103.77,518.85,completed,netbanking
ORD_0003750,CUST_01516,2024-02-11,Sports,4,54.37,217.48,cancelled,upi
ORD_0003751,CUST_00912,2024-04-12,Home & Kitchen,2,409.48,818.96,completed,wallet
ORD_0003752,CUST_01041,2023-11-18,Electronics,5,115.01,575.05,completed,netbanking
ORD_0003753,CUST_00119,2023-12-31,Sports,2,32.08,64.16,completed,wallet
ORD_0003754,CUST_00575,2023-11-08,Apparel,5,476.62,2383.1,completed,upi
ORD_0003755,CUST_00611,2024-04-29,Books,3,133.05,399.15,completed,upi
ORD_0003756,CUST_00230,2023-08-28,Books,1,346.14,346.14,completed,upi
ORD_0003757,CUST_01034,2024-06-24,Sports,1,12.49,12.49,completed,netbanking
ORD_0003758,CUST_01778,2024-03-31,Books,4,314.72,1258.88,completed,netbanking
ORD_0003759,CUST_01204,2024-03-23,Home & Kitchen,2,243.69,487.38,completed,wallet
ORD_0003760,CUST_00882,2024-04-25,Beauty,5,70.03,350.15,returned,wallet
ORD_0003761,CUST_00167,2024-01-24,Home & Kitchen,2,66.73,133.46,completed,upi
ORD_0003762,CUST_01489,2024-06-11,Home & Kitchen,4,352.38,1409.52,completed,wallet
ORD_0003763,CUST_01455,2024-06-29,Beauty,1,322.84,322.84,completed,netbanking
ORD_0003764,CUST_00252,2024-04-17,Apparel,5,305.06,1525.3,completed,upi
ORD_0003765,CUST_01731,2024-06-25,Beauty,4,360.17,1440.68,completed,card
ORD_0003766,CUST_01669,2023-08-06,Beauty,5,163.75,818.75,completed,card
ORD_0003767,CUST_00343,2024-05-22,Books,3,394.84,1184.52,completed,card
ORD_0003768,CUST_00217,2023-10-18,Home & Kitchen,1,100.33,100.33,returned,wallet
ORD_0003769,CUST_00194,2024-04-30,Sports,1,456.49,456.49,completed,card
ORD_0003770,CUST_01225,2023-12-26,Sports,5,288.41,1442.05,completed,wallet
ORD_0003771,CUST_01281,2024-06-28,Home & Kitchen,3,27.72,83.16,completed,card
ORD_0003772,CUST_01376,2024-06-08,Sports,5,119.07,595.35,completed,wallet
ORD_0003773,CUST_00167,2024-03-25,Books,4,399.52,1598.08,completed,card
ORD_0003774,CUST_01099,2023-11-24,Apparel,3,309.05,927.15,completed,upi
ORD_0003775,CUST_01449,2024-04-22,Home & Kitchen,5,454.5,2272.5,completed,card
ORD_0003776,CUST_01230,2024-01-31,Sports,1,85.3,85.3,completed,upi
ORD_0003777,CUST_00153,2024-06-14,Home & Kitchen,2,146.92,293.84,completed,upi
ORD_0003778,CUST_00087,2024-05-21,Electronics,3,30.25,90.75,cancelled,upi
ORD_0003779,CUST_00979,2023-12-04,Sports,4,253.04,1012.16,completed,wallet
ORD_0003780,CUST_00317,2024-03-30,Books,3,275.03,825.09,completed,card
ORD_0003781,CUST_01415,2024-06-16,Beauty,2,453.5,907.0,completed,card
ORD_0003782,CUST_01331,2024-06-27,Sports,1,497.38,497.38,cancelled,netbanking
ORD_0003783,CUST_01932,2023-07-26,Beauty,4,165.81,663.24,completed,card
ORD_0003784,CUST_00242,2024-03-05,Beauty,4,33.54,134.16,completed,card
ORD_0003785,CUST_01842,2023-06-30,Beauty,2,433.1,866.2,completed,upi
ORD_0003786,CUST_01792,2024-06-16,Apparel,5,423.43,2117.15,completed,upi
ORD_0003787,CUST_00665,2023-10-06,Sports,5,438.65,2193.25,completed,upi
ORD_0003788,CUST_00122,2024-04-05,Home & Kitchen,2,118.36,236.72,returned,netbanking
ORD_0003789,CUST_01229,2024-02-11,Sports,5,332.46,1662.3,completed,card
ORD_0003790,CUST_01733,2023-08-29,Beauty,5,354.9,1774.5,completed,wallet
ORD_0003791,CUST_01762,2024-02-11,Home & Kitchen,1,483.76,483.76,completed,upi
ORD_0003792,CUST_00183,2023-07-15,Apparel,2,379.71,759.42,completed,card
ORD_0003793,CUST_01063,2023-06-24,Electronics,4,395.14,1580.56,cancelled,card
ORD_0003794,CUST_00519,2023-12-23,Sports,4,421.51,1686.04,completed,wallet
ORD_0003795,CUST_01858,2023-07-27,Sports,3,28.68,86.04,returned,netbanking
ORD_0003796,CUST_00871,2024-06-29,Sports,3,139.16,417.48,returned,card
ORD_0003797,CUST_01680,2024-03-21,Beauty,1,299.4,299.4,completed,card
ORD_0003798,CUST_00848,2024-02-16,Books,4,138.51,554.04,completed,upi
ORD_0003799,CUST_01402,2024-03-31,Home & Kitchen,5,458.12,2290.6,completed,card
ORD_0003800,CUST_00998,2024-03-24,Home & Kitchen,2,308.1,616.2,completed,upi
ORD_0003801,CUST_01363,2023-03-28,Books,3,313.94,941.82,cancelled,wallet
ORD_0003802,CUST_01859,2024-01-26,Apparel,2,164.93,329.86,completed,netbanking
ORD_0003803,CUST_00931,2024-06-09,Sports,4,306.35,1225.4,returned,upi
ORD_0003804,CUST_00092,2023-08-12,Home & Kitchen,4,469.69,1878.76,completed,wallet
ORD_0003805,CUST_00253,2024-06-17,Books,3,339.42,1018.26,returned,netbanking
ORD_0003806,CUST_01193,2023-02-20,Beauty,2,483.37,966.74,completed,wallet
ORD_0003807,CUST_01961,2024-03-18,Books,1,69.26,69.26,completed,wallet
ORD_0003808,CUST_00892,2024-02-23,Sports,2,161.13,322.26,completed,wallet
ORD_0003809,CUST_01795,2024-03-31,Electronics,4,328.72,1314.88,completed,wallet
ORD_0003810,CUST_00323,2024-06-10,Beauty,4,375.54,1502.16,completed,upi
ORD_0003811,CUST_00129,2023-10-29,Apparel,4,476.39,1905.56,completed,upi
ORD_0003812,CUST_00661,2023-10-21,Apparel,3,97.85,293.55,completed,netbanking
ORD_0003813,CUST_01696,2024-06-03,Home & Kitchen,1,10.33,10.33,completed,netbanking
ORD_0003814,CUST_01230,2024-01-06,Electronics,1,231.77,231.77,completed,card
ORD_0003815,CUST_00696,2024-06-22,Home & Kitchen,2,14.03,28.06,returned,upi
ORD_0003816,CUST_00677,2023-08-13,Electronics,1,102.31,102.31,completed,netbanking
ORD_0003817,CUST_01882,2024-06-06,Sports,1,171.39,171.39,completed,upi
ORD_0003818,CUST_00497,2023-12-04,Beauty,2,365.53,731.06,completed,card
ORD_0003819,CUST_01809,2024-02-08,Home & Kitchen,5,142.72,713.6,returned,upi
ORD_0003820,CUST_01486,2024-06-24,Beauty,3,455.29,1365.87,completed,netbanking
ORD_0003821,CUST_01766,2024-02-14,Books,5,463.85,2319.25,completed,netbanking
ORD_0003822,CUST_01423,2023-11-21,Books,4,439.21,1756.84,completed,upi
ORD_0003823,CUST_01412,2024-03-12,Electronics,1,380.59,380.59,cancelled,wallet
ORD_0003824,CUST_01906,2024-06-21,Apparel,2,121.75,243.5,completed,card
ORD_0003825,CUST_01029,2023-08-31,Beauty,1,480.45,480.45,completed,upi
ORD_0003826,CUST_01765,2024-03-03,Home & Kitchen,2,486.97,973.94,cancelled,wallet
ORD_0003827,CUST_01661,2024-02-14,Books,3,187.18,561.54,completed,netbanking
ORD_0003828,CUST_01590,2024-01-19,Beauty,2,214.33,428.66,completed,upi
ORD_0003829,CUST_00401,2024-06-28,Apparel,4,413.73,1654.92,completed,netbanking
ORD_0003830,CUST_01532,2023-06-15,Apparel,2,323.29,646.58,completed,card
ORD_0003831,CUST_01842,2024-03-23,Apparel,5,342.98,1714.9,completed,netbanking
ORD_0003832,CUST_00095,2024-03-15,Apparel,3,174.83,524.49,completed,upi
ORD_0003833,CUST_01047,2024-06-01,Home & Kitchen,2,13.48,26.96,completed,wallet
ORD_0003834,CUST_00892,2024-05-05,Sports,4,357.2,1428.8,completed,wallet
ORD_0003835,CUST_00613,2024-01-07,Beauty,5,228.9,1144.5,completed,card
ORD_0003836,CUST_01282,2024-05-01,Beauty,3,111.72,335.16,returned,upi
ORD_0003837,CUST_01468,2024-06-24,Sports,4,282.16,1128.64,completed,netbanking
ORD_0003838,CUST_01592,2024-04-08,Beauty,4,72.9,291.6,completed,wallet
ORD_0003839,CUST_01724,2023-09-01,Home & Kitchen,1,135.88,135.88,completed,card
ORD_0003840,CUST_00032,2024-05-14,Home & Kitchen,4,49.98,199.92,completed,wallet
ORD_0003841,CUST_01908,2024-02-16,Home & Kitchen,3,356.83,1070.49,completed,upi
ORD_0003842,CUST_00438,2023-05-03,Books,5,399.88,1999.4,completed,card
ORD_0003843,CUST_01400,2024-06-16,Apparel,3,121.11,363.33,returned,wallet
ORD_0003844,CUST_00338,2024-03-02,Books,4,422.57,1690.28,completed,card
ORD_0003845,CUST_01537,2023-11-30,Home & Kitchen,2,397.98,795.96,completed,netbanking
ORD_0003846,CUST_01229,2024-04-16,Beauty,4,188.5,754.0,completed,netbanking
ORD_0003847,CUST_01667,2024-04-03,Beauty,4,317.17,1268.68,completed,card
ORD_0003848,CUST_01716,2024-03-22,Beauty,5,207.69,1038.45,cancelled,upi
ORD_0003849,CUST_00237,2024-06-26,Books,5,299.46,1497.3,completed,upi
ORD_0003850,CUST_00935,2024-05-14,Books,2,262.32,524.64,returned,card
ORD_0003851,CUST_01951,2024-04-29,Apparel,2,67.58,135.16,completed,netbanking
ORD_0003852,CUST_00541,2024-05-06,Books,1,465.39,465.39,completed,wallet
ORD_0003853,CUST_00424,2024-06-28,Beauty,1,490.46,490.46,cancelled,upi
ORD_0003854,CUST_01634,2024-05-03,Books,5,237.02,1185.1,completed,wallet
ORD_0003855,CUST_00524,2023-08-23,Books,4,18.81,75.24,completed,netbanking
ORD_0003856,CUST_00824,2023-03-29,Books,1,339.37,339.37,completed,upi
ORD_0003857,CUST_00332,2024-05-19,Apparel,2,68.86,137.72,completed,upi
ORD_0003858,CUST_00248,2024-06-20,Sports,2,430.76,861.52,completed,upi
ORD_0003859,CUST_00985,2024-05-28,Apparel,3,383.64,1150.92,completed,upi
ORD_0003860,CUST_01227,2023-10-24,Home & Kitchen,2,426.73,853.46,completed,netbanking
ORD_0003861,CUST_01319,2024-03-03,Electronics,5,91.38,456.9,returned,wallet
ORD_0003862,CUST_01352,2024-02-08,Sports,1,444.84,444.84,completed,upi
ORD_0003863,CUST_00194,2024-02-20,Home & Kitchen,2,133.65,267.3,completed,netbanking
ORD_0003864,CUST_01068,2024-05-24,Sports,3,293.35,880.05,completed,netbanking
ORD_0003865,CUST_01762,2024-05-19,Apparel,4,182.22,728.88,cancelled,upi
ORD_0003866,CUST_00243,2023-06-25,Books,4,377.18,1508.72,completed,card
ORD_0003867,CUST_00971,2024-03-01,Beauty,3,283.95,851.85,cancelled,wallet
ORD_0003868,CUST_00517,2024-06-21,Beauty,5,56.47,282.35,completed,netbanking
ORD_0003869,CUST_01187,2024-03-03,Sports,3,371.67,1115.01,returned,netbanking
ORD_0003870,CUST_01173,2024-02-22,Apparel,2,45.88,91.76,completed,upi
ORD_0003871,CUST_01888,2024-01-08,Books,2,383.89,767.78,completed,wallet
ORD_0003872,CUST_00690,2024-05-15,Books,2,249.53,499.06,completed,wallet
ORD_0003873,CUST_00976,2024-06-23,Home & Kitchen,3,288.29,864.87,completed,wallet
ORD_0003874,CUST_00148,2024-06-29,Home & Kitchen,3,53.75,161.25,cancelled,card
ORD_0003875,CUST_01198,2024-05-14,Sports,2,389.46,778.92,completed,netbanking
ORD_0003876,CUST_00367,2024-02-28,Apparel,4,428.92,1715.68,completed,card
ORD_0003877,CUST_01392,2024-01-17,Electronics,4,66.33,265.32,completed,card
ORD_0003878,CUST_00168,2024-05-21,Home & Kitchen,5,62.06,310.3,completed,card
ORD_0003879,CUST_00631,2024-05-13,Books,2,377.19,754.38,cancelled,wallet
ORD_0003880,CUST_01267,2024-05-24,Sports,1,138.15,138.15,completed,card
ORD_0003881,CUST_00006,2024-06-29,Electronics,5,475.86,2379.3,returned,wallet
ORD_0003882,CUST_01592,2024-04-30,Electronics,4,354.97,1419.88,completed,card
ORD_0003883,CUST_00702,2024-01-30,Electronics,2,269.84,539.68,completed,wallet
ORD_0003884,CUST_00946,2023-08-28,Electronics,4,231.51,926.04,completed,wallet
ORD_0003885,CUST_00243,2023-07-01,Books,2,383.21,766.42,completed,netbanking
ORD_0003886,CUST_00459,2024-04-03,Books,1,188.27,188.27,completed,wallet
ORD_0003887,CUST_00325,2024-03-17,Books,3,314.01,942.03,completed,netbanking
ORD_0003888,CUST_00742,2024-01-27,Books,5,105.77,528.85,completed,card
ORD_0003889,CUST_00237,2024-06-28,Sports,3,161.03,483.09,completed,wallet
ORD_0003890,CUST_01385,2024-05-02,Apparel,2,316.41,632.82,completed,wallet
ORD_0003891,CUST_00010,2024-05-22,Books,4,258.9,1035.6,completed,wallet
ORD_0003892,CUST_01545,2024-01-16,Sports,1,464.66,464.66,completed,wallet
ORD_0003893,CUST_00411,2024-01-02,Books,5,195.46,977.3,returned,netbanking
ORD_0003894,CUST_01699,2023-11-16,Books,2,496.49,992.98,completed,wallet
ORD_0003895,CUST_00105,2024-04-23,Books,4,108.36,433.44,completed,wallet
ORD_0003896,CUST_01348,2024-02-07,Home & Kitchen,3,301.31,903.93,completed,wallet
ORD_0003897,CUST_01344,2024-06-26,Home & Kitchen,4,198.65,794.6,returned,netbanking
ORD_0003898,CUST_01992,2024-03-13,Beauty,1,180.94,180.94,returned,upi
ORD_0003899,CUST_00564,2024-04-06,Beauty,3,433.12,1299.36,completed,upi
ORD_0003900,CUST_00519,2023-09-24,Books,3,128.25,384.75,completed,card
ORD_0003901,CUST_01146,2024-01-02,Home & Kitchen,5,309.45,1547.25,returned,netbanking
ORD_0003902,CUST_00682,2023-04-10,Home & Kitchen,2,226.04,452.08,completed,card
ORD_0003903,CUST_01583,2024-02-10,Apparel,5,13.56,67.8,completed,upi
ORD_0003904,CUST_01494,2024-06-23,Sports,3,463.2,1389.6,completed,card
ORD_0003905,CUST_00508,2024-03-09,Beauty,5,196.08,980.4,completed,netbanking
ORD_0003906,CUST_01662,2023-10-28,Apparel,4,118.48,473.92,completed,netbanking
ORD_0003907,CUST_00179,2024-02-02,Books,1,363.63,363.63,completed,netbanking
ORD_0003908,CUST_01718,2023-09-21,Beauty,3,60.64,181.92,returned,wallet
ORD_0003909,CUST_00740,2024-06-22,Books,2,435.97,871.94,completed,wallet
ORD_0003910,CUST_00422,2024-06-07,Books,3,463.01,1389.03,completed,wallet
ORD_0003911,CUST_00546,2024-05-02,Apparel,4,375.32,1501.28,completed,upi
ORD_0003912,CUST_01851,2024-05-28,Sports,2,412.89,825.78,completed,netbanking
ORD_0003913,CUST_00229,2024-05-12,Electronics,5,81.84,409.2,completed,netbanking
ORD_0003914,CUST_01676,2023-06-01,Electronics,1,439.78,439.78,completed,wallet
ORD_0003915,CUST_00894,2024-04-29,Electronics,4,404.05,1616.2,completed,netbanking
ORD_0003916,CUST_00236,2024-05-08,Home & Kitchen,3,488.6,1465.8,completed,wallet
ORD_0003917,CUST_00975,2024-06-09,Apparel,4,109.06,436.24,cancelled,card
ORD_0003918,CUST_00875,2023-07-12,Home & Kitchen,3,133.28,399.84,completed,netbanking
ORD_0003919,CUST_00553,2024-03-12,Apparel,4,268.76,1075.04,returned,card
ORD_0003920,CUST_01938,2024-04-14,Apparel,2,210.84,421.68,completed,card
ORD_0003921,CUST_01488,2024-04-30,Books,5,240.47,1202.35,completed,card
ORD_0003922,CUST_00985,2023-11-28,Electronics,5,343.29,1716.45,cancelled,upi
ORD_0003923,CUST_00490,2024-01-17,Sports,1,432.71,432.71,completed,upi
ORD_0003924,CUST_01008,2024-05-30,Beauty,3,188.31,564.93,completed,netbanking
ORD_0003925,CUST_01966,2024-05-17,Apparel,1,352.93,352.93,returned,upi
ORD_0003926,CUST_01021,2024-06-10,Home & Kitchen,5,228.48,1142.4,returned,card
ORD_0003927,CUST_01003,2024-05-13,Beauty,1,381.65,381.65,returned,wallet
ORD_0003928,CUST_01731,2024-06-27,Electronics,3,68.35,205.05,returned,netbanking
ORD_0003929,CUST_00084,2024-05-27,Sports,1,483.14,483.14,completed,netbanking
ORD_0003930,CUST_00904,2024-04-08,Apparel,3,261.01,783.03,returned,upi
ORD_0003931,CUST_00521,2024-03-13,Books,3,236.59,709.77,cancelled,netbanking
ORD_0003932,CUST_01352,2023-12-26,Home & Kitchen,1,435.3,435.3,completed,wallet
ORD_0003933,CUST_00379,2024-06-11,Apparel,1,311.02,311.02,completed,wallet
ORD_0003934,CUST_01135,2024-06-01,Books,2,398.0,796.0,returned,netbanking
ORD_0003935,CUST_00504,2023-11-02,Sports,4,251.29,1005.16,completed,netbanking
ORD_0003936,CUST_01942,2023-07-24,Sports,3,445.48,1336.44,completed,netbanking
ORD_0003937,CUST_01521,2024-01-26,Apparel,2,21.73,43.46,cancelled,card
ORD_0003938,CUST_00945,2024-02-28,Beauty,4,12.48,49.92,returned,upi
ORD_0003939,CUST_00867,2024-06-11,Electronics,5,392.8,1964.0,completed,upi
ORD_0003940,CUST_00424,2024-06-27,Sports,1,450.47,450.47,cancelled,wallet
ORD_0003941,CUST_00781,2023-10-06,Sports,2,20.44,40.88,returned,upi
ORD_0003942,CUST_01865,2023-11-24,Books,3,426.34,1279.02,completed,card
ORD_0003943,CUST_00502,2024-01-28,Sports,4,302.64,1210.56,completed,netbanking
ORD_0003944,CUST_00564,2023-06-13,Apparel,2,344.47,688.94,cancelled,card
ORD_0003945,CUST_00241,2024-06-19,Electronics,5,185.06,925.3,completed,netbanking
ORD_0003946,CUST_00009,2023-10-30,Electronics,3,72.72,218.16,completed,upi
ORD_0003947,CUST_01434,2023-10-15,Apparel,4,467.3,1869.2,returned,card
ORD_0003948,CUST_00617,2024-03-18,Electronics,1,393.05,393.05,completed,card
ORD_0003949,CUST_01863,2023-11-19,Beauty,3,270.03,810.09,completed,netbanking
ORD_0003950,CUST_00909,2024-03-09,Apparel,5,229.05,1145.25,completed,upi
ORD_0003951,CUST_00555,2024-06-29,Home & Kitchen,3,322.65,967.95,completed,card
ORD_0003952,CUST_00768,2024-06-04,Books,1,272.52,272.52,completed,upi
ORD_0003953,CUST_01567,2024-06-24,Home & Kitchen,2,223.92,447.84,returned,netbanking
ORD_0003954,CUST_01778,2024-02-19,Home & Kitchen,5,178.2,891.0,completed,wallet
ORD_0003955,CUST_01405,2024-06-16,Beauty,5,393.88,1969.4,completed,netbanking
ORD_0003956,CUST_01854,2024-01-20,Electronics,5,30.09,150.45,cancelled,card
ORD_0003957,CUST_01178,2024-06-10,Home & Kitchen,5,170.88,854.4,completed,wallet
ORD_0003958,CUST_00794,2023-08-20,Beauty,3,17.29,51.87,completed,netbanking
ORD_0003959,CUST_01199,2024-03-31,Sports,3,371.17,1113.51,completed,netbanking
ORD_0003960,CUST_00591,2024-04-08,Home & Kitchen,3,30.11,90.33,completed,wallet
ORD_0003961,CUST_01220,2024-05-26,Sports,3,394.08,1182.24,completed,upi
ORD_0003962,CUST_00755,2023-10-15,Electronics,5,260.27,1301.35,completed,upi
ORD_0003963,CUST_01360,2023-09-11,Home & Kitchen,4,224.92,899.68,completed,wallet
ORD_0003964,CUST_01286,2024-04-23,Sports,4,143.03,572.12,returned,netbanking
ORD_0003965,CUST_00582,2023-08-22,Books,2,116.23,232.46,completed,netbanking
ORD_0003966,CUST_01509,2024-06-25,Books,2,246.43,492.86,completed,card
ORD_0003967,CUST_01011,2024-01-30,Home & Kitchen,3,438.33,1314.99,completed,netbanking
ORD_0003968,CUST_01122,2023-10-12,Books,5,347.1,1735.5,completed,netbanking
ORD_0003969,CUST_01889,2023-11-27,Apparel,4,218.91,875.64,completed,netbanking
ORD_0003970,CUST_01615,2024-04-24,Home & Kitchen,4,67.52,270.08,completed,upi
ORD_0003971,CUST_00704,2024-01-21,Books,2,390.49,780.98,completed,card
ORD_0003972,CUST_00770,2023-11-13,Apparel,1,393.29,393.29,completed,wallet
ORD_0003973,CUST_00814,2024-01-04,Home & Kitchen,2,404.57,809.14,returned,card
ORD_0003974,CUST_01421,2024-06-24,Books,2,145.38,290.76,returned,card
ORD_0003975,CUST_00115,2024-04-01,Home & Kitchen,3,480.58,1441.74,completed,netbanking
ORD_0003976,CUST_00724,2024-06-01,Home & Kitchen,5,482.07,2410.35,cancelled,upi
ORD_0003977,CUST_01963,2023-07-04,Beauty,4,496.12,1984.48,completed,netbanking
ORD_0003978,CUST_01627,2024-06-05,Books,4,352.67,1410.68,completed,card
ORD_0003979,CUST_01148,2024-06-27,Home & Kitchen,3,381.72,1145.16,cancelled,card
ORD_0003980,CUST_00062,2024-03-22,Electronics,4,381.96,1527.84,completed,card
ORD_0003981,CUST_00971,2024-03-15,Beauty,3,456.24,1368.72,completed,netbanking
ORD_0003982,CUST_01569,2023-10-08,Sports,1,316.61,316.61,completed,upi
ORD_0003983,CUST_00457,2024-05-14,Electronics,5,198.01,990.05,completed,upi
ORD_0003984,CUST_01783,2024-06-11,Sports,4,27.65,110.6,cancelled,netbanking
ORD_0003985,CUST_01324,2023-03-06,Home & Kitchen,1,26.36,26.36,completed,upi
ORD_0003986,CUST_01224,2023-04-14,Apparel,1,62.92,62.92,completed,upi
ORD_0003987,CUST_00832,2024-05-31,Beauty,1,26.15,26.15,completed,upi
ORD_0003988,CUST_01450,2023-10-09,Books,5,222.37,1111.85,completed,upi
ORD_0003989,CUST_01863,2023-07-08,Beauty,2,276.23,552.46,completed,upi
ORD_0003990,CUST_01933,2024-05-06,Apparel,5,270.81,1354.05,completed,netbanking
ORD_0003991,CUST_01951,2024-06-15,Books,5,58.67,293.35,completed,wallet
ORD_0003992,CUST_00828,2024-06-11,Apparel,3,441.52,1324.56,completed,upi
ORD_0003993,CUST_00613,2024-06-04,Apparel,1,100.93,100.93,completed,wallet
ORD_0003994,CUST_00891,2024-01-04,Beauty,4,146.26,585.04,returned,netbanking
ORD_0003995,CUST_00563,2023-10-29,Sports,3,236.91,710.73,completed,upi
ORD_0003996,CUST_01560,2024-03-16,Books,5,412.0,2060.0,completed,netbanking
ORD_0003997,CUST_01062,2023-07-10,Home & Kitchen,5,242.43,1212.15,completed,upi
ORD_0003998,CUST_00638,2024-04-09,Electronics,5,228.46,1142.3,completed,netbanking
ORD_0003999,CUST_00787,2024-06-15,Home & Kitchen,5,312.13,1560.65,completed,netbanking
ORD_0004000,CUST_00677,2024-02-14,Apparel,4,162.36,649.44,completed,netbanking
ORD_0004001,CUST_00021,2024-06-29,Sports,2,317.03,634.06,completed,wallet
ORD_0004002,CUST_00550,2024-05-29,Books,5,200.4,1002.0,completed,card
ORD_0004003,CUST_01964,2024-04-15,Apparel,5,99.2,496.0,completed,upi
ORD_0004004,CUST_00498,2024-05-08,Sports,2,140.47,280.94,completed,upi
ORD_0004005,CUST_01850,2023-12-31,Apparel,2,239.17,478.34,completed,netbanking
ORD_0004006,CUST_00110,2023-12-29,Books,1,109.83,109.83,completed,netbanking
ORD_0004007,CUST_01448,2024-06-24,Books,5,482.18,2410.9,completed,card
ORD_0004008,CUST_01902,2024-05-13,Books,3,170.64,511.92,completed,netbanking
ORD_0004009,CUST_01384,2023-12-19,Beauty,4,329.34,1317.36,returned,netbanking
ORD_0004010,CUST_01691,2024-06-28,Sports,4,256.17,1024.68,completed,card
ORD_0004011,CUST_01816,2024-04-16,Beauty,3,42.87,128.61,completed,wallet
ORD_0004012,CUST_01305,2024-05-10,Home & Kitchen,4,329.3,1317.2,completed,netbanking
ORD_0004013,CUST_00440,2024-04-02,Electronics,2,91.14,182.28,completed,card
ORD_0004014,CUST_00523,2024-06-17,Home & Kitchen,4,184.0,736.0,completed,upi
ORD_0004015,CUST_00087,2024-02-13,Beauty,3,83.94,251.82,completed,wallet
ORD_0004016,CUST_00513,2024-05-10,Apparel,1,434.06,434.06,completed,netbanking
ORD_0004017,CUST_00170,2023-07-19,Home & Kitchen,5,485.79,2428.95,completed,card
ORD_0004018,CUST_01648,2024-05-13,Electronics,4,193.28,773.12,completed,netbanking
ORD_0004019,CUST_01801,2024-06-10,Electronics,3,34.32,102.96,completed,upi
ORD_0004020,CUST_01869,2024-03-18,Sports,2,357.68,715.36,returned,wallet
ORD_0004021,CUST_01842,2024-02-19,Apparel,4,358.0,1432.0,completed,wallet
ORD_0004022,CUST_01376,2024-03-14,Apparel,1,391.9,391.9,completed,card
ORD_0004023,CUST_00004,2024-05-21,Beauty,1,460.84,460.84,returned,card
ORD_0004024,CUST_01509,2024-06-20,Apparel,1,28.69,28.69,completed,card
ORD_0004025,CUST_01083,2023-11-08,Beauty,3,234.96,704.88,completed,netbanking
ORD_0004026,CUST_01189,2024-05-21,Electronics,3,312.88,938.64,completed,upi
ORD_0004027,CUST_00969,2024-06-25,Sports,2,182.15,364.3,completed,card
ORD_0004028,CUST_01643,2023-12-06,Sports,2,165.09,330.18,returned,card
ORD_0004029,CUST_00640,2023-03-07,Beauty,4,244.77,979.08,completed,card
ORD_0004030,CUST_00453,2023-09-14,Sports,4,47.63,190.52,completed,upi
ORD_0004031,CUST_00223,2024-06-05,Home & Kitchen,5,297.95,1489.75,completed,upi
ORD_0004032,CUST_01686,2024-05-11,Books,1,148.42,148.42,completed,upi
ORD_0004033,CUST_00090,2023-11-13,Apparel,2,50.51,101.02,completed,upi
ORD_0004034,CUST_01639,2023-06-07,Books,2,212.74,425.48,completed,card
ORD_0004035,CUST_00360,2023-10-27,Books,2,206.83,413.66,cancelled,netbanking
ORD_0004036,CUST_01045,2023-05-30,Home & Kitchen,4,383.78,1535.12,completed,netbanking
ORD_0004037,CUST_00693,2024-03-13,Apparel,4,233.87,935.48,returned,upi
ORD_0004038,CUST_00830,2024-05-25,Apparel,4,376.21,1504.84,completed,netbanking
ORD_0004039,CUST_00231,2024-05-10,Home & Kitchen,1,445.73,445.73,returned,wallet
ORD_0004040,CUST_01127,2024-05-09,Electronics,1,218.86,218.86,completed,card
ORD_0004041,CUST_01583,2023-09-03,Sports,2,50.77,101.54,completed,wallet
ORD_0004042,CUST_00930,2023-09-23,Home & Kitchen,2,486.19,972.38,completed,upi
ORD_0004043,CUST_01177,2024-01-20,Home & Kitchen,2,18.17,36.34,completed,netbanking
ORD_0004044,CUST_01504,2024-06-13,Books,3,484.47,1453.41,completed,card
ORD_0004045,CUST_01836,2024-04-16,Apparel,5,155.42,777.1,returned,upi
ORD_0004046,CUST_00066,2024-05-29,Beauty,3,96.54,289.62,completed,netbanking
ORD_0004047,CUST_01287,2024-06-24,Sports,3,372.21,1116.63,completed,card
ORD_0004048,CUST_00624,2024-03-26,Home & Kitchen,1,168.26,168.26,completed,card
ORD_0004049,CUST_01596,2024-05-03,Apparel,1,34.44,34.44,completed,wallet
ORD_0004050,CUST_01587,2023-11-22,Books,2,119.88,239.76,completed,upi
ORD_0004051,CUST_00014,2024-01-13,Home & Kitchen,4,357.24,1428.96,completed,upi
ORD_0004052,CUST_00954,2023-06-16,Sports,1,293.03,293.03,returned,card
ORD_0004053,CUST_00831,2024-05-25,Books,3,124.3,372.9,completed,upi
ORD_0004054,CUST_00197,2024-05-01,Beauty,4,15.24,60.96,completed,card
ORD_0004055,CUST_00228,2023-07-20,Sports,3,354.83,1064.49,completed,upi
ORD_0004056,CUST_01767,2023-08-27,Electronics,5,374.97,1874.85,completed,netbanking
ORD_0004057,CUST_00780,2024-04-11,Sports,1,232.46,232.46,completed,card
ORD_0004058,CUST_00727,2024-06-09,Beauty,1,251.84,251.84,completed,upi
ORD_0004059,CUST_00063,2023-04-20,Beauty,1,345.95,345.95,completed,card
ORD_0004060,CUST_01587,2023-12-02,Apparel,5,386.84,1934.2,completed,card
ORD_0004061,CUST_01000,2024-05-06,Books,2,497.55,995.1,completed,wallet
ORD_0004062,CUST_00058,2024-06-26,Home & Kitchen,5,359.55,1797.75,completed,card
ORD_0004063,CUST_00790,2024-02-01,Home & Kitchen,3,464.75,1394.25,returned,netbanking
ORD_0004064,CUST_01170,2024-06-20,Beauty,3,238.86,716.58,completed,wallet
ORD_0004065,CUST_01772,2024-03-30,Books,1,292.5,292.5,completed,card
ORD_0004066,CUST_00961,2024-05-30,Beauty,3,218.43,655.29,cancelled,upi
ORD_0004067,CUST_00922,2024-06-10,Apparel,5,334.19,1670.95,completed,upi
ORD_0004068,CUST_01910,2024-03-20,Books,1,69.42,69.42,completed,card
ORD_0004069,CUST_01515,2023-07-24,Apparel,1,495.02,495.02,completed,card
ORD_0004070,CUST_01204,2024-03-25,Sports,5,146.38,731.9,completed,card
ORD_0004071,CUST_01339,2024-06-20,Apparel,1,33.99,33.99,cancelled,wallet
ORD_0004072,CUST_01414,2024-06-02,Home & Kitchen,2,268.41,536.82,cancelled,wallet
ORD_0004073,CUST_00953,2024-05-24,Electronics,4,394.59,1578.36,completed,wallet
ORD_0004074,CUST_00275,2024-04-20,Electronics,5,73.42,367.1,completed,netbanking
ORD_0004075,CUST_00875,2024-03-12,Books,3,222.66,667.98,completed,netbanking
ORD_0004076,CUST_01970,2024-04-14,Sports,3,201.26,603.78,completed,upi
ORD_0004077,CUST_00306,2023-02-28,Electronics,3,434.0,1302.0,cancelled,netbanking
ORD_0004078,CUST_00822,2023-07-15,Beauty,5,467.53,2337.65,completed,netbanking
ORD_0004079,CUST_01497,2024-06-08,Electronics,5,95.6,478.0,completed,netbanking
ORD_0004080,CUST_00217,2024-03-18,Beauty,4,376.02,1504.08,completed,wallet
ORD_0004081,CUST_00388,2024-04-09,Apparel,5,69.11,345.55,completed,wallet
ORD_0004082,CUST_01489,2024-06-08,Home & Kitchen,3,259.69,779.07,completed,upi
ORD_0004083,CUST_00766,2024-06-05,Beauty,5,464.96,2324.8,completed,netbanking
ORD_0004084,CUST_01341,2024-04-20,Apparel,3,115.91,347.73,completed,wallet
ORD_0004085,CUST_01540,2023-06-16,Electronics,2,181.82,363.64,returned,upi
ORD_0004086,CUST_00127,2024-05-11,Books,4,447.1,1788.4,completed,card
ORD_0004087,CUST_00305,2024-02-19,Electronics,4,64.84,259.36,completed,upi
ORD_0004088,CUST_00432,2024-06-26,Apparel,2,342.33,684.66,completed,upi
ORD_0004089,CUST_01567,2024-06-16,Home & Kitchen,5,116.2,581.0,completed,upi
ORD_0004090,CUST_01056,2024-05-18,Apparel,4,193.21,772.84,completed,netbanking
ORD_0004091,CUST_00365,2024-03-28,Sports,2,36.09,72.18,completed,wallet
ORD_0004092,CUST_00520,2023-12-31,Apparel,5,70.7,353.5,completed,wallet
ORD_0004093,CUST_01211,2024-05-18,Beauty,5,106.5,532.5,completed,wallet
ORD_0004094,CUST_00473,2024-05-30,Apparel,2,402.31,804.62,completed,card
ORD_0004095,CUST_00903,2024-05-31,Electronics,5,221.43,1107.15,completed,netbanking
ORD_0004096,CUST_01405,2024-06-23,Beauty,4,193.02,772.08,completed,netbanking
ORD_0004097,CUST_00667,2024-04-29,Sports,4,365.13,1460.52,completed,netbanking
ORD_0004098,CUST_00418,2023-08-05,Apparel,2,337.96,675.92,completed,netbanking
ORD_0004099,CUST_00423,2024-02-29,Beauty,2,256.41,512.82,completed,netbanking
ORD_0004100,CUST_01014,2024-02-10,Apparel,1,429.94,429.94,returned,wallet
ORD_0004101,CUST_00324,2024-03-28,Electronics,5,143.11,715.55,completed,upi
ORD_0004102,CUST_00780,2024-05-05,Home & Kitchen,3,230.84,692.52,cancelled,upi
ORD_0004103,CUST_01807,2024-06-22,Sports,3,106.56,319.68,completed,wallet
ORD_0004104,CUST_01823,2023-12-30,Sports,1,405.22,405.22,completed,card
ORD_0004105,CUST_00819,2024-01-02,Sports,2,389.26,778.52,completed,netbanking
ORD_0004106,CUST_00545,2023-10-27,Electronics,1,395.06,395.06,completed,upi
ORD_0004107,CUST_01758,2024-05-11,Sports,5,242.22,1211.1,completed,netbanking
ORD_0004108,CUST_01724,2024-04-13,Electronics,2,66.21,132.42,completed,card
ORD_0004109,CUST_01035,2024-06-08,Sports,5,447.88,2239.4,completed,upi
ORD_0004110,CUST_01965,2023-08-07,Books,5,130.25,651.25,cancelled,netbanking
ORD_0004111,CUST_00431,2024-01-07,Beauty,3,400.31,1200.93,completed,card
ORD_0004112,CUST_00666,2024-05-22,Home & Kitchen,1,428.98,428.98,completed,wallet
ORD_0004113,CUST_00109,2024-04-15,Books,1,436.61,436.61,completed,upi
ORD_0004114,CUST_00788,2024-04-14,Home & Kitchen,3,417.75,1253.25,returned,netbanking
ORD_0004115,CUST_00853,2024-04-25,Electronics,1,456.89,456.89,returned,netbanking
ORD_0004116,CUST_01453,2024-05-26,Beauty,4,315.25,1261.0,completed,upi
ORD_0004117,CUST_01167,2024-01-01,Electronics,1,250.18,250.18,completed,upi
ORD_0004118,CUST_01365,2023-12-11,Books,2,145.33,290.66,returned,netbanking
ORD_0004119,CUST_01707,2024-06-29,Electronics,3,241.41,724.23,completed,card
ORD_0004120,CUST_00855,2023-10-22,Sports,2,463.9,927.8,returned,card
ORD_0004121,CUST_00106,2024-04-22,Home & Kitchen,5,497.64,2488.2,completed,upi
ORD_0004122,CUST_00691,2023-10-08,Beauty,1,137.27,137.27,completed,upi
ORD_0004123,CUST_00001,2024-05-27,Electronics,2,152.61,305.22,completed,wallet
ORD_0004124,CUST_00138,2024-05-12,Sports,5,30.38,151.9,completed,netbanking
ORD_0004125,CUST_01361,2024-02-09,Home & Kitchen,5,368.64,1843.2,completed,upi
ORD_0004126,CUST_00448,2024-01-23,Beauty,4,202.1,808.4,returned,upi
ORD_0004127,CUST_01061,2023-12-10,Electronics,5,402.05,2010.25,completed,wallet
ORD_0004128,CUST_01427,2023-12-05,Beauty,5,67.11,335.55,completed,netbanking
ORD_0004129,CUST_01489,2024-06-06,Electronics,5,93.5,467.5,completed,upi
ORD_0004130,CUST_01511,2023-09-09,Electronics,5,97.35,486.75,returned,card
ORD_0004131,CUST_01318,2024-03-10,Apparel,1,328.69,328.69,completed,netbanking
ORD_0004132,CUST_01032,2024-02-22,Electronics,3,63.97,191.91,completed,upi
ORD_0004133,CUST_01671,2024-03-18,Books,3,349.74,1049.22,returned,upi
ORD_0004134,CUST_01189,2024-01-31,Books,3,428.8,1286.4,completed,card
ORD_0004135,CUST_01856,2024-01-01,Electronics,2,412.18,824.36,completed,netbanking
ORD_0004136,CUST_01823,2023-02-09,Sports,2,35.29,70.58,completed,netbanking
ORD_0004137,CUST_00893,2024-06-29,Sports,5,261.6,1308.0,completed,netbanking
ORD_0004138,CUST_01279,2023-12-08,Sports,5,46.3,231.5,completed,upi
ORD_0004139,CUST_01925,2024-04-13,Books,2,334.41,668.82,returned,netbanking
ORD_0004140,CUST_01945,2024-06-18,Home & Kitchen,4,162.95,651.8,completed,card
ORD_0004141,CUST_01862,2024-02-25,Beauty,2,399.98,799.96,completed,card
ORD_0004142,CUST_01828,2023-10-07,Sports,1,103.43,103.43,completed,upi
ORD_0004143,CUST_00446,2023-10-28,Sports,3,207.28,621.84,completed,upi
ORD_0004144,CUST_00594,2024-02-06,Beauty,5,132.84,664.2,cancelled,upi
ORD_0004145,CUST_00303,2023-08-15,Books,4,95.33,381.32,completed,card
ORD_0004146,CUST_01290,2023-12-03,Apparel,2,14.9,29.8,completed,netbanking
ORD_0004147,CUST_00326,2023-10-22,Electronics,5,217.71,1088.55,returned,wallet
ORD_0004148,CUST_00789,2023-07-31,Sports,3,388.64,1165.92,returned,upi
ORD_0004149,CUST_01335,2024-06-24,Beauty,5,251.8,1259.0,returned,wallet
ORD_0004150,CUST_01451,2023-12-14,Sports,4,158.16,632.64,completed,wallet
ORD_0004151,CUST_00997,2024-04-04,Beauty,1,29.45,29.45,completed,netbanking
ORD_0004152,CUST_01727,2023-05-31,Apparel,1,128.13,128.13,completed,netbanking
ORD_0004153,CUST_01750,2023-09-01,Sports,1,347.07,347.07,completed,wallet
ORD_0004154,CUST_01980,2023-11-04,Apparel,3,401.15,1203.45,completed,upi
ORD_0004155,CUST_00886,2023-10-28,Books,3,443.82,1331.46,completed,upi
ORD_0004156,CUST_01216,2024-01-27,Books,4,499.05,1996.2,completed,upi
ORD_0004157,CUST_01190,2024-05-18,Apparel,3,352.65,1057.95,completed,card
ORD_0004158,CUST_01649,2024-05-06,Sports,2,399.56,799.12,completed,wallet
ORD_0004159,CUST_01328,2023-08-17,Books,2,390.75,781.5,completed,wallet
ORD_0004160,CUST_01057,2023-06-29,Beauty,4,443.46,1773.84,returned,netbanking
ORD_0004161,CUST_00370,2023-08-26,Books,3,452.85,1358.55,completed,upi
ORD_0004162,CUST_00162,2024-06-19,Sports,5,305.01,1525.05,completed,card
ORD_0004163,CUST_01486,2024-06-28,Beauty,5,300.64,1503.2,completed,upi
ORD_0004164,CUST_00653,2023-07-22,Beauty,3,356.47,1069.41,completed,card
ORD_0004165,CUST_01670,2024-05-22,Home & Kitchen,1,252.84,252.84,completed,netbanking
ORD_0004166,CUST_01160,2023-12-18,Books,5,308.61,1543.05,completed,netbanking
ORD_0004167,CUST_00935,2024-05-08,Books,5,213.9,1069.5,completed,card
ORD_0004168,CUST_00487,2024-06-20,Sports,1,407.8,407.8,completed,netbanking
ORD_0004169,CUST_01132,2024-02-20,Apparel,3,146.16,438.48,completed,netbanking
ORD_0004170,CUST_01194,2024-02-03,Apparel,3,59.39,178.17,completed,netbanking
ORD_0004171,CUST_01255,2023-10-26,Sports,3,154.12,462.36,completed,netbanking
ORD_0004172,CUST_00225,2023-08-02,Books,1,302.35,302.35,completed,card
ORD_0004173,CUST_01378,2023-11-07,Home & Kitchen,4,122.39,489.56,completed,card
ORD_0004174,CUST_01931,2024-05-11,Home & Kitchen,3,369.64,1108.92,completed,upi
ORD_0004175,CUST_01018,2024-06-10,Home & Kitchen,2,78.92,157.84,completed,wallet
ORD_0004176,CUST_01728,2024-06-08,Electronics,4,435.49,1741.96,cancelled,upi
ORD_0004177,CUST_01810,2024-01-13,Sports,2,320.31,640.62,completed,card
ORD_0004178,CUST_00904,2023-10-09,Beauty,5,409.83,2049.15,completed,upi
ORD_0004179,CUST_00724,2024-05-22,Beauty,4,373.43,1493.72,completed,upi
ORD_0004180,CUST_01955,2024-06-01,Books,1,452.54,452.54,completed,wallet
ORD_0004181,CUST_00501,2024-06-22,Home & Kitchen,2,44.45,88.9,completed,upi
ORD_0004182,CUST_00489,2023-08-27,Sports,1,498.18,498.18,completed,upi
ORD_0004183,CUST_00111,2024-04-28,Home & Kitchen,4,368.67,1474.68,completed,netbanking
ORD_0004184,CUST_01379,2024-05-12,Sports,1,125.08,125.08,completed,card
ORD_0004185,CUST_00499,2024-04-28,Home & Kitchen,3,278.09,834.27,completed,card
ORD_0004186,CUST_01880,2023-10-31,Apparel,2,43.17,86.34,completed,netbanking
ORD_0004187,CUST_00049,2024-06-08,Apparel,1,229.38,229.38,completed,wallet
ORD_0004188,CUST_00129,2023-12-15,Books,5,240.58,1202.9,completed,upi
ORD_0004189,CUST_00377,2023-12-09,Sports,3,288.25,864.75,completed,card
ORD_0004190,CUST_00430,2023-06-10,Beauty,1,147.24,147.24,completed,wallet
ORD_0004191,CUST_00524,2023-11-11,Apparel,2,160.32,320.64,completed,wallet
ORD_0004192,CUST_00740,2024-03-26,Home & Kitchen,1,404.34,404.34,returned,card
ORD_0004193,CUST_00135,2024-05-09,Electronics,3,64.15,192.45,completed,netbanking
ORD_0004194,CUST_00684,2024-06-20,Apparel,4,289.89,1159.56,completed,wallet
ORD_0004195,CUST_01557,2024-05-26,Sports,2,342.71,685.42,cancelled,wallet
ORD_0004196,CUST_01547,2024-06-20,Books,2,331.89,663.78,completed,card
ORD_0004197,CUST_01456,2024-06-01,Sports,5,446.69,2233.45,cancelled,wallet
ORD_0004198,CUST_01465,2024-03-29,Books,4,250.63,1002.52,completed,netbanking
ORD_0004199,CUST_01772,2023-12-02,Books,2,255.04,510.08,completed,upi
ORD_0004200,CUST_01618,2024-02-05,Sports,5,273.14,1365.7,cancelled,upi
ORD_0004201,CUST_01259,2024-01-02,Sports,2,30.43,60.86,completed,card
ORD_0004202,CUST_00564,2024-02-02,Home & Kitchen,1,297.59,297.59,completed,wallet
ORD_0004203,CUST_01904,2024-04-08,Books,1,326.14,326.14,returned,upi
ORD_0004204,CUST_00575,2023-07-23,Beauty,5,282.2,1411.0,completed,wallet
ORD_0004205,CUST_01596,2024-05-03,Beauty,1,131.5,131.5,completed,netbanking
ORD_0004206,CUST_01795,2024-05-26,Sports,3,259.89,779.67,completed,card
ORD_0004207,CUST_01572,2024-06-15,Books,3,126.82,380.46,completed,card
ORD_0004208,CUST_00741,2024-01-11,Apparel,3,304.46,913.38,completed,wallet
ORD_0004209,CUST_00167,2024-04-27,Electronics,5,164.93,824.65,cancelled,upi
ORD_0004210,CUST_01058,2024-05-21,Electronics,4,449.23,1796.92,completed,card
ORD_0004211,CUST_01514,2024-03-07,Apparel,1,386.18,386.18,completed,netbanking
ORD_0004212,CUST_00381,2023-06-17,Beauty,3,185.92,557.76,completed,netbanking
ORD_0004213,CUST_01548,2024-01-19,Electronics,3,140.81,422.43,completed,wallet
ORD_0004214,CUST_00934,2024-05-24,Sports,5,438.51,2192.55,cancelled,upi
ORD_0004215,CUST_01320,2024-06-21,Electronics,2,487.72,975.44,completed,card
ORD_0004216,CUST_01517,2023-03-30,Beauty,4,392.01,1568.04,completed,netbanking
ORD_0004217,CUST_00045,2024-06-22,Electronics,5,162.06,810.3,cancelled,upi
ORD_0004218,CUST_00605,2024-06-10,Home & Kitchen,1,347.15,347.15,completed,card
ORD_0004219,CUST_01828,2023-12-18,Electronics,1,471.87,471.87,cancelled,netbanking
ORD_0004220,CUST_01131,2024-03-09,Sports,4,246.89,987.56,completed,netbanking
ORD_0004221,CUST_00306,2024-01-02,Home & Kitchen,2,387.09,774.18,returned,wallet
ORD_0004222,CUST_00122,2024-01-30,Books,5,278.81,1394.05,completed,card
ORD_0004223,CUST_00241,2024-06-28,Electronics,4,238.43,953.72,completed,upi
ORD_0004224,CUST_00669,2024-02-29,Beauty,1,349.53,349.53,completed,card
ORD_0004225,CUST_00950,2023-11-08,Books,2,160.89,321.78,completed,wallet
ORD_0004226,CUST_01347,2024-06-28,Beauty,5,407.52,2037.6,completed,upi
ORD_0004227,CUST_01309,2024-02-27,Apparel,3,401.06,1203.18,completed,card
ORD_0004228,CUST_01645,2024-04-30,Beauty,4,315.91,1263.64,completed,upi
ORD_0004229,CUST_00535,2024-01-01,Books,5,88.8,444.0,completed,card
ORD_0004230,CUST_00216,2024-01-08,Books,1,55.68,55.68,completed,netbanking
ORD_0004231,CUST_00502,2024-02-18,Home & Kitchen,2,51.02,102.04,cancelled,wallet
ORD_0004232,CUST_01671,2024-01-23,Electronics,1,259.94,259.94,completed,netbanking
ORD_0004233,CUST_01218,2023-08-17,Apparel,4,37.86,151.44,completed,wallet
ORD_0004234,CUST_00555,2024-06-04,Books,2,183.5,367.0,returned,wallet
ORD_0004235,CUST_00607,2023-10-25,Apparel,3,112.88,338.64,completed,upi
ORD_0004236,CUST_00421,2023-05-24,Home & Kitchen,1,412.58,412.58,completed,card
ORD_0004237,CUST_00233,2024-02-05,Electronics,1,323.63,323.63,completed,wallet
ORD_0004238,CUST_00210,2023-09-11,Apparel,4,328.3,1313.2,completed,card
ORD_0004239,CUST_00739,2024-06-26,Beauty,2,96.49,192.98,completed,upi
ORD_0004240,CUST_01325,2024-04-08,Apparel,4,330.44,1321.76,completed,netbanking
ORD_0004241,CUST_01672,2024-05-08,Apparel,5,140.09,700.45,completed,wallet
ORD_0004242,CUST_00246,2023-07-30,Beauty,4,63.24,252.96,completed,netbanking
ORD_0004243,CUST_00554,2024-01-08,Electronics,4,398.12,1592.48,completed,netbanking
ORD_0004244,CUST_00645,2023-09-26,Home & Kitchen,4,383.95,1535.8,completed,upi
ORD_0004245,CUST_00823,2024-06-10,Sports,2,362.71,725.42,completed,card
ORD_0004246,CUST_00553,2024-05-07,Beauty,5,294.45,1472.25,completed,card
ORD_0004247,CUST_00375,2024-04-12,Sports,2,105.47,210.94,completed,upi
ORD_0004248,CUST_01691,2024-06-23,Apparel,5,37.41,187.05,cancelled,netbanking
ORD_0004249,CUST_01794,2024-06-13,Electronics,2,258.9,517.8,completed,wallet
ORD_0004250,CUST_00648,2023-02-27,Sports,4,360.87,1443.48,completed,wallet
ORD_0004251,CUST_01656,2023-09-03,Home & Kitchen,3,137.02,411.06,returned,netbanking
ORD_0004252,CUST_00371,2024-06-19,Books,4,251.24,1004.96,completed,netbanking
ORD_0004253,CUST_01159,2024-06-26,Apparel,3,399.21,1197.63,completed,wallet
ORD_0004254,CUST_00579,2023-10-18,Books,1,223.02,223.02,completed,upi
ORD_0004255,CUST_00800,2024-03-13,Beauty,5,222.84,1114.2,completed,netbanking
ORD_0004256,CUST_01652,2023-11-16,Sports,2,253.44,506.88,completed,netbanking
ORD_0004257,CUST_01850,2024-04-25,Books,3,330.07,990.21,completed,card
ORD_0004258,CUST_00287,2024-04-15,Home & Kitchen,1,444.11,444.11,completed,upi
ORD_0004259,CUST_01761,2023-10-26,Home & Kitchen,3,406.8,1220.4,completed,wallet
ORD_0004260,CUST_00090,2023-06-17,Sports,4,39.61,158.44,returned,upi
ORD_0004261,CUST_00290,2023-10-06,Sports,4,25.22,100.88,completed,upi
ORD_0004262,CUST_00739,2024-04-08,Home & Kitchen,1,356.25,356.25,completed,wallet
ORD_0004263,CUST_01585,2023-06-22,Electronics,2,74.52,149.04,completed,upi
ORD_0004264,CUST_01536,2024-06-02,Beauty,3,130.79,392.37,completed,netbanking
ORD_0004265,CUST_01941,2024-02-01,Sports,2,235.36,470.72,completed,upi
ORD_0004266,CUST_00876,2023-04-29,Home & Kitchen,4,299.84,1199.36,completed,netbanking
ORD_0004267,CUST_00689,2024-06-09,Beauty,3,306.19,918.57,returned,netbanking
ORD_0004268,CUST_01726,2024-06-07,Apparel,5,439.15,2195.75,completed,upi
ORD_0004269,CUST_01487,2023-08-27,Home & Kitchen,4,357.71,1430.84,completed,upi
ORD_0004270,CUST_00900,2023-05-26,Apparel,5,122.0,610.0,cancelled,netbanking
ORD_0004271,CUST_01848,2024-02-17,Apparel,2,114.5,229.0,completed,upi
ORD_0004272,CUST_00975,2024-05-06,Home & Kitchen,1,236.21,236.21,completed,netbanking
ORD_0004273,CUST_00083,2023-11-21,Home & Kitchen,4,174.8,699.2,completed,upi
ORD_0004274,CUST_01132,2024-03-29,Electronics,2,257.26,514.52,cancelled,netbanking
ORD_0004275,CUST_00014,2023-08-26,Sports,2,270.62,541.24,completed,wallet
ORD_0004276,CUST_01588,2024-05-03,Home & Kitchen,3,342.78,1028.34,completed,upi
ORD_0004277,CUST_01625,2024-03-15,Books,2,226.74,453.48,completed,netbanking
ORD_0004278,CUST_00374,2023-11-13,Beauty,5,112.99,564.95,completed,upi
ORD_0004279,CUST_01680,2024-06-21,Apparel,4,104.82,419.28,completed,upi
ORD_0004280,CUST_01246,2023-12-30,Home & Kitchen,5,101.67,508.35,completed,card
ORD_0004281,CUST_00283,2023-12-12,Apparel,1,249.95,249.95,completed,upi
ORD_0004282,CUST_01831,2024-06-25,Beauty,3,477.33,1431.99,completed,wallet
ORD_0004283,CUST_01990,2024-06-20,Electronics,2,438.54,877.08,completed,netbanking
ORD_0004284,CUST_00976,2024-06-18,Home & Kitchen,1,485.09,485.09,completed,upi
ORD_0004285,CUST_00135,2024-06-20,Sports,2,24.85,49.7,cancelled,card
ORD_0004286,CUST_00976,2024-06-27,Books,2,422.23,844.46,completed,upi
ORD_0004287,CUST_00216,2023-12-15,Apparel,5,243.39,1216.95,returned,netbanking
ORD_0004288,CUST_01928,2024-06-24,Electronics,3,263.42,790.26,returned,upi
ORD_0004289,CUST_01402,2024-04-28,Home & Kitchen,4,338.21,1352.84,completed,card
ORD_0004290,CUST_01077,2024-06-21,Electronics,4,276.6,1106.4,completed,card
ORD_0004291,CUST_00967,2023-12-12,Beauty,2,23.47,46.94,completed,card
ORD_0004292,CUST_01785,2023-10-04,Home & Kitchen,1,265.99,265.99,completed,upi
ORD_0004293,CUST_01222,2024-06-16,Electronics,3,289.41,868.23,completed,upi
ORD_0004294,CUST_00155,2024-06-22,Sports,3,407.23,1221.69,completed,wallet
ORD_0004295,CUST_01938,2024-04-16,Books,1,235.51,235.51,completed,card
ORD_0004296,CUST_00405,2024-04-04,Sports,2,16.73,33.46,completed,card
ORD_0004297,CUST_01627,2023-12-14,Home & Kitchen,1,444.12,444.12,cancelled,wallet
ORD_0004298,CUST_00689,2023-06-20,Beauty,2,477.81,955.62,completed,upi
ORD_0004299,CUST_01911,2023-11-28,Beauty,1,227.4,227.4,completed,wallet
ORD_0004300,CUST_01331,2024-06-28,Books,5,353.32,1766.6,completed,netbanking
ORD_0004301,CUST_01945,2024-06-16,Electronics,5,175.99,879.95,completed,card
ORD_0004302,CUST_00608,2024-02-17,Books,2,451.61,903.22,completed,netbanking
ORD_0004303,CUST_01387,2024-05-24,Sports,2,228.19,456.38,completed,netbanking
ORD_0004304,CUST_00214,2024-01-27,Apparel,3,385.9,1157.7,completed,upi
ORD_0004305,CUST_01334,2024-06-06,Home & Kitchen,3,385.05,1155.15,returned,netbanking
ORD_0004306,CUST_01857,2024-01-06,Books,2,61.95,123.9,completed,upi
ORD_0004307,CUST_01903,2024-03-06,Sports,5,436.2,2181.0,returned,card
ORD_0004308,CUST_00872,2024-05-24,Electronics,4,135.63,542.52,completed,wallet
ORD_0004309,CUST_01155,2024-01-17,Books,3,271.11,813.33,completed,card
ORD_0004310,CUST_01962,2024-03-28,Books,1,203.68,203.68,completed,upi
ORD_0004311,CUST_00879,2024-03-28,Sports,1,256.95,256.95,completed,wallet
ORD_0004312,CUST_01102,2024-02-21,Books,3,116.14,348.42,completed,upi
ORD_0004313,CUST_00571,2024-06-23,Electronics,2,440.61,881.22,completed,netbanking
ORD_0004314,CUST_00730,2024-06-11,Home & Kitchen,2,463.88,927.76,cancelled,wallet
ORD_0004315,CUST_01120,2024-06-19,Home & Kitchen,3,225.78,677.34,completed,upi
ORD_0004316,CUST_00797,2024-02-12,Books,1,402.87,402.87,completed,upi
ORD_0004317,CUST_00885,2024-06-28,Apparel,2,380.85,761.7,completed,upi
ORD_0004318,CUST_00962,2023-09-03,Electronics,3,390.38,1171.14,completed,wallet
ORD_0004319,CUST_01825,2024-05-06,Apparel,2,494.6,989.2,returned,card
ORD_0004320,CUST_00056,2024-05-16,Sports,3,234.33,702.99,returned,netbanking
ORD_0004321,CUST_01614,2024-04-01,Apparel,1,190.02,190.02,completed,upi
ORD_0004322,CUST_00698,2024-01-14,Sports,4,19.65,78.6,completed,card
ORD_0004323,CUST_01793,2023-12-15,Apparel,4,407.48,1629.92,completed,card
ORD_0004324,CUST_01430,2023-08-12,Home & Kitchen,1,109.06,109.06,completed,upi
ORD_0004325,CUST_01684,2024-04-13,Apparel,4,175.8,703.2,completed,netbanking
ORD_0004326,CUST_00889,2024-06-21,Beauty,3,312.09,936.27,completed,wallet
ORD_0004327,CUST_01774,2024-05-18,Electronics,1,370.81,370.81,completed,card
ORD_0004328,CUST_01022,2024-04-28,Home & Kitchen,4,58.65,234.6,completed,upi
ORD_0004329,CUST_01786,2024-06-23,Home & Kitchen,1,496.49,496.49,completed,card
ORD_0004330,CUST_01495,2024-03-14,Home & Kitchen,3,446.94,1340.82,completed,wallet
ORD_0004331,CUST_00169,2024-03-06,Beauty,4,126.79,507.16,completed,upi
ORD_0004332,CUST_01792,2023-03-08,Beauty,3,447.09,1341.27,completed,netbanking
ORD_0004333,CUST_01705,2024-05-31,Home & Kitchen,3,134.92,404.76,returned,wallet
ORD_0004334,CUST_00879,2024-02-24,Sports,5,83.12,415.6,completed,netbanking
ORD_0004335,CUST_00138,2024-05-01,Home & Kitchen,2,249.62,499.24,returned,card
ORD_0004336,CUST_00514,2023-11-14,Books,5,256.52,1282.6,completed,upi
ORD_0004337,CUST_01452,2023-11-23,Beauty,5,94.28,471.4,completed,upi
ORD_0004338,CUST_01462,2024-03-03,Sports,5,436.05,2180.25,returned,upi
ORD_0004339,CUST_00252,2024-04-17,Electronics,5,394.88,1974.4,completed,card
ORD_0004340,CUST_00434,2024-05-29,Electronics,2,334.28,668.56,completed,netbanking
ORD_0004341,CUST_01942,2024-02-04,Home & Kitchen,3,462.26,1386.78,completed,wallet
ORD_0004342,CUST_00146,2024-01-14,Books,3,64.12,192.36,completed,wallet
ORD_0004343,CUST_00800,2024-01-17,Sports,3,164.66,493.98,completed,upi
ORD_0004344,CUST_01182,2023-09-26,Beauty,1,206.91,206.91,completed,wallet
ORD_0004345,CUST_01338,2024-04-03,Beauty,4,461.1,1844.4,cancelled,wallet
ORD_0004346,CUST_01910,2024-03-12,Books,4,362.58,1450.32,completed,netbanking
ORD_0004347,CUST_00985,2024-03-27,Apparel,1,285.44,285.44,completed,netbanking
ORD_0004348,CUST_01741,2024-06-19,Home & Kitchen,2,297.19,594.38,completed,netbanking
ORD_0004349,CUST_01898,2023-09-10,Electronics,1,250.59,250.59,completed,wallet
ORD_0004350,CUST_01084,2024-04-05,Books,5,283.56,1417.8,cancelled,wallet
ORD_0004351,CUST_00739,2023-11-17,Electronics,3,79.44,238.32,completed,netbanking
ORD_0004352,CUST_01418,2023-05-02,Apparel,4,446.29,1785.16,completed,wallet
ORD_0004353,CUST_01605,2024-05-18,Books,2,326.21,652.42,completed,netbanking
ORD_0004354,CUST_00072,2023-08-15,Apparel,4,402.19,1608.76,completed,wallet
ORD_0004355,CUST_00415,2024-06-21,Electronics,1,130.41,130.41,completed,card
ORD_0004356,CUST_00398,2024-01-15,Sports,5,351.18,1755.9,returned,upi
ORD_0004357,CUST_00496,2024-06-21,Electronics,1,449.44,449.44,cancelled,netbanking
ORD_0004358,CUST_01370,2024-04-07,Sports,4,183.27,733.08,completed,netbanking
ORD_0004359,CUST_01072,2024-05-24,Beauty,3,192.04,576.12,completed,upi
ORD_0004360,CUST_01167,2024-03-26,Home & Kitchen,1,178.36,178.36,completed,wallet
ORD_0004361,CUST_01918,2024-05-28,Sports,3,232.85,698.55,completed,card
ORD_0004362,CUST_01920,2024-04-21,Apparel,5,441.04,2205.2,completed,wallet
ORD_0004363,CUST_01460,2023-06-07,Books,2,170.8,341.6,cancelled,wallet
ORD_0004364,CUST_01994,2023-09-23,Sports,2,405.85,811.7,completed,netbanking
ORD_0004365,CUST_01456,2024-06-12,Electronics,4,335.49,1341.96,completed,upi
ORD_0004366,CUST_00670,2024-04-01,Sports,1,349.32,349.32,completed,card
ORD_0004367,CUST_01588,2024-06-05,Books,4,73.16,292.64,cancelled,netbanking
ORD_0004368,CUST_01299,2024-05-19,Apparel,4,354.79,1419.16,completed,wallet
ORD_0004369,CUST_01642,2024-06-12,Books,5,149.13,745.65,completed,netbanking
ORD_0004370,CUST_01714,2023-04-19,Books,4,483.38,1933.52,completed,wallet
ORD_0004371,CUST_01157,2024-05-14,Electronics,5,444.35,2221.75,completed,card
ORD_0004372,CUST_00269,2024-04-15,Sports,4,408.45,1633.8,completed,netbanking
ORD_0004373,CUST_01754,2024-06-27,Apparel,2,419.97,839.94,completed,wallet
ORD_0004374,CUST_00326,2023-07-05,Home & Kitchen,2,70.85,141.7,completed,card
ORD_0004375,CUST_01299,2024-04-30,Books,3,368.18,1104.54,completed,netbanking
ORD_0004376,CUST_01671,2024-06-07,Apparel,3,214.36,643.08,completed,card
ORD_0004377,CUST_00801,2024-06-08,Beauty,4,209.93,839.72,completed,upi
ORD_0004378,CUST_01389,2024-06-20,Home & Kitchen,1,265.73,265.73,completed,upi
ORD_0004379,CUST_00785,2023-05-07,Sports,3,127.88,383.64,completed,netbanking
ORD_0004380,CUST_00030,2024-04-08,Home & Kitchen,1,325.16,325.16,completed,netbanking
ORD_0004381,CUST_00135,2024-06-03,Home & Kitchen,2,40.02,80.04,completed,upi
ORD_0004382,CUST_01543,2024-04-20,Home & Kitchen,1,249.04,249.04,completed,upi
ORD_0004383,CUST_01511,2023-07-26,Sports,2,262.58,525.16,completed,wallet
ORD_0004384,CUST_00051,2023-04-20,Home & Kitchen,3,142.21,426.63,cancelled,upi
ORD_0004385,CUST_00177,2023-06-08,Books,5,15.88,79.4,completed,upi
ORD_0004386,CUST_00483,2024-04-03,Apparel,2,469.95,939.9,completed,wallet
ORD_0004387,CUST_00973,2024-06-22,Home & Kitchen,2,249.85,499.7,completed,wallet
ORD_0004388,CUST_00815,2024-01-16,Home & Kitchen,4,72.35,289.4,completed,upi
ORD_0004389,CUST_00692,2023-12-08,Electronics,3,283.12,849.36,completed,card
ORD_0004390,CUST_00369,2024-05-27,Home & Kitchen,4,219.71,878.84,returned,upi
ORD_0004391,CUST_01189,2024-03-09,Apparel,5,375.03,1875.15,completed,upi
ORD_0004392,CUST_00948,2024-06-21,Electronics,1,417.8,417.8,completed,card
ORD_0004393,CUST_00426,2023-11-26,Sports,2,321.92,643.84,completed,upi
ORD_0004394,CUST_00968,2024-05-09,Beauty,5,486.48,2432.4,returned,upi
ORD_0004395,CUST_01827,2024-02-24,Apparel,4,241.84,967.36,completed,card
ORD_0004396,CUST_01703,2023-07-29,Electronics,5,433.78,2168.9,completed,card
ORD_0004397,CUST_01411,2024-05-29,Books,1,82.53,82.53,completed,upi
ORD_0004398,CUST_01162,2024-03-14,Electronics,3,236.35,709.05,cancelled,upi
ORD_0004399,CUST_00173,2023-04-10,Apparel,4,470.79,1883.16,cancelled,card
ORD_0004400,CUST_01707,2024-06-29,Beauty,4,429.61,1718.44,completed,card
ORD_0004401,CUST_00094,2023-12-01,Apparel,3,418.73,1256.19,completed,upi
ORD_0004402,CUST_00804,2023-07-30,Apparel,3,132.97,398.91,completed,wallet
ORD_0004403,CUST_01205,2023-04-10,Beauty,3,82.19,246.57,completed,card
ORD_0004404,CUST_01294,2024-03-23,Apparel,4,318.32,1273.28,returned,wallet
ORD_0004405,CUST_00816,2024-06-21,Books,2,166.37,332.74,completed,wallet
ORD_0004406,CUST_01888,2024-06-27,Electronics,3,337.63,1012.89,completed,upi
ORD_0004407,CUST_00386,2024-06-25,Electronics,3,116.83,350.49,completed,card
ORD_0004408,CUST_01843,2023-11-22,Apparel,4,113.73,454.92,completed,wallet
ORD_0004409,CUST_01322,2024-02-03,Home & Kitchen,4,443.5,1774.0,completed,wallet
ORD_0004410,CUST_00247,2024-04-29,Home & Kitchen,2,280.83,561.66,cancelled,card
ORD_0004411,CUST_00495,2023-09-28,Beauty,3,403.67,1211.01,completed,upi
ORD_0004412,CUST_01458,2024-03-21,Beauty,4,183.31,733.24,completed,netbanking
ORD_0004413,CUST_01922,2023-12-20,Books,3,155.37,466.11,completed,netbanking
ORD_0004414,CUST_00248,2024-03-22,Home & Kitchen,3,252.58,757.74,cancelled,card
ORD_0004415,CUST_01675,2024-03-09,Beauty,3,63.02,189.06,returned,wallet
ORD_0004416,CUST_00811,2024-06-20,Sports,4,185.89,743.56,completed,wallet
ORD_0004417,CUST_00671,2024-02-25,Beauty,1,30.46,30.46,cancelled,upi
ORD_0004418,CUST_01445,2023-11-05,Apparel,4,374.53,1498.12,completed,wallet
ORD_0004419,CUST_01509,2024-06-10,Apparel,5,135.57,677.85,completed,upi
ORD_0004420,CUST_00377,2024-01-03,Home & Kitchen,3,55.35,166.05,completed,wallet
ORD_0004421,CUST_01880,2024-05-29,Apparel,3,421.19,1263.57,completed,upi
ORD_0004422,CUST_00471,2024-05-26,Home & Kitchen,4,212.46,849.84,completed,upi
ORD_0004423,CUST_01917,2023-12-26,Apparel,3,114.85,344.55,completed,wallet
ORD_0004424,CUST_00095,2024-01-09,Apparel,2,397.13,794.26,completed,upi
ORD_0004425,CUST_00250,2023-04-21,Home & Kitchen,5,391.78,1958.9,completed,upi
ORD_0004426,CUST_00638,2024-06-03,Apparel,2,306.98,613.96,completed,netbanking
ORD_0004427,CUST_00068,2023-05-31,Apparel,3,288.2,864.6,completed,card
ORD_0004428,CUST_00944,2024-06-08,Beauty,4,341.66,1366.64,completed,netbanking
ORD_0004429,CUST_00406,2024-06-27,Books,1,461.35,461.35,completed,upi
ORD_0004430,CUST_01351,2024-06-25,Books,3,378.24,1134.72,completed,card
ORD_0004431,CUST_00104,2024-03-10,Home & Kitchen,5,86.35,431.75,completed,wallet
ORD_0004432,CUST_00773,2024-05-30,Apparel,3,347.03,1041.09,completed,card
ORD_0004433,CUST_01393,2024-04-22,Books,3,113.07,339.21,completed,netbanking
ORD_0004434,CUST_01855,2023-03-05,Sports,5,170.21,851.05,completed,wallet
ORD_0004435,CUST_00339,2024-05-13,Books,4,398.44,1593.76,completed,upi
ORD_0004436,CUST_00432,2024-06-28,Beauty,2,170.41,340.82,returned,wallet
ORD_0004437,CUST_00502,2024-05-24,Books,3,361.73,1085.19,cancelled,upi
ORD_0004438,CUST_00970,2023-07-21,Apparel,3,239.08,717.24,completed,upi
ORD_0004439,CUST_00519,2024-05-19,Books,3,438.86,1316.58,completed,card
ORD_0004440,CUST_00095,2024-04-25,Home & Kitchen,1,469.29,469.29,completed,wallet
ORD_0004441,CUST_00179,2023-06-11,Books,4,436.33,1745.32,completed,wallet
ORD_0004442,CUST_01552,2024-06-19,Books,5,350.73,1753.65,cancelled,upi
ORD_0004443,CUST_00557,2024-06-24,Home & Kitchen,5,448.12,2240.6,returned,upi
ORD_0004444,CUST_01394,2024-06-29,Sports,5,186.5,932.5,cancelled,netbanking
ORD_0004445,CUST_00855,2023-11-05,Home & Kitchen,2,336.93,673.86,completed,upi
ORD_0004446,CUST_01425,2024-05-05,Sports,1,276.78,276.78,completed,wallet
ORD_0004447,CUST_01187,2023-11-01,Sports,3,239.76,719.28,completed,upi
ORD_0004448,CUST_01322,2024-06-21,Books,2,252.03,504.06,completed,upi
ORD_0004449,CUST_01294,2024-06-28,Beauty,1,54.61,54.61,returned,upi
ORD_0004450,CUST_01906,2023-12-08,Electronics,1,198.91,198.91,completed,netbanking
ORD_0004451,CUST_00370,2023-03-23,Apparel,1,317.31,317.31,completed,netbanking
ORD_0004452,CUST_00312,2024-06-27,Apparel,1,464.8,464.8,returned,wallet
ORD_0004453,CUST_01305,2024-05-15,Home & Kitchen,2,342.65,685.3,completed,upi
ORD_0004454,CUST_00163,2023-07-27,Apparel,4,32.29,129.16,completed,wallet
ORD_0004455,CUST_00992,2024-01-22,Apparel,1,418.52,418.52,completed,card
ORD_0004456,CUST_01839,2023-12-02,Books,1,334.9,334.9,completed,netbanking
ORD_0004457,CUST_00817,2024-06-29,Electronics,1,13.81,13.81,completed,card
ORD_0004458,CUST_01949,2024-03-25,Apparel,4,435.71,1742.84,returned,upi
ORD_0004459,CUST_01924,2024-03-09,Home & Kitchen,3,269.49,808.47,cancelled,wallet
ORD_0004460,CUST_00233,2023-11-12,Beauty,1,163.17,163.17,completed,wallet
ORD_0004461,CUST_01268,2023-09-28,Beauty,1,237.94,237.94,completed,wallet
ORD_0004462,CUST_00023,2023-08-10,Apparel,4,78.9,315.6,returned,netbanking
ORD_0004463,CUST_00110,2023-04-09,Beauty,5,126.32,631.6,completed,card
ORD_0004464,CUST_01764,2024-06-28,Apparel,5,467.21,2336.05,completed,card
ORD_0004465,CUST_00367,2023-09-05,Beauty,2,65.49,130.98,completed,card
ORD_0004466,CUST_00768,2024-06-05,Apparel,5,436.5,2182.5,completed,card
ORD_0004467,CUST_01119,2023-08-29,Home & Kitchen,2,344.78,689.56,completed,wallet
ORD_0004468,CUST_00788,2024-04-09,Electronics,3,82.29,246.87,returned,card
ORD_0004469,CUST_00452,2023-06-27,Sports,1,223.95,223.95,completed,netbanking
ORD_0004470,CUST_00340,2024-06-05,Books,2,92.05,184.1,completed,card
ORD_0004471,CUST_00208,2023-04-18,Electronics,4,228.5,914.0,completed,wallet
ORD_0004472,CUST_01891,2024-06-09,Apparel,5,211.59,1057.95,cancelled,card
ORD_0004473,CUST_00368,2024-05-13,Sports,1,173.21,173.21,completed,netbanking
ORD_0004474,CUST_01545,2024-02-05,Electronics,4,226.78,907.12,completed,card
ORD_0004475,CUST_01260,2024-01-19,Beauty,3,50.99,152.97,returned,netbanking
ORD_0004476,CUST_00428,2024-04-05,Beauty,1,148.62,148.62,completed,upi
ORD_0004477,CUST_00159,2024-06-22,Electronics,3,391.85,1175.55,completed,card
ORD_0004478,CUST_00917,2024-01-28,Home & Kitchen,3,11.28,33.84,completed,upi
ORD_0004479,CUST_01122,2023-09-27,Books,4,465.24,1860.96,completed,wallet
ORD_0004480,CUST_01033,2024-01-28,Books,4,231.51,926.04,completed,card
ORD_0004481,CUST_01146,2023-11-28,Books,1,328.69,328.69,completed,netbanking
ORD_0004482,CUST_01702,2023-10-05,Apparel,3,467.53,1402.59,completed,card
ORD_0004483,CUST_00173,2024-02-21,Books,2,226.5,453.0,completed,wallet
ORD_0004484,CUST_00497,2023-11-29,Electronics,5,101.82,509.1,completed,upi
ORD_0004485,CUST_00268,2023-04-03,Apparel,3,62.88,188.64,completed,upi
ORD_0004486,CUST_00524,2023-08-31,Books,4,448.73,1794.92,completed,card
ORD_0004487,CUST_01815,2024-04-25,Electronics,5,29.36,146.8,completed,card
ORD_0004488,CUST_00822,2023-09-11,Books,1,42.4,42.4,completed,netbanking
ORD_0004489,CUST_01753,2024-06-18,Books,1,362.31,362.31,completed,wallet
ORD_0004490,CUST_00557,2024-06-27,Books,3,470.18,1410.54,completed,wallet
ORD_0004491,CUST_01950,2023-10-31,Home & Kitchen,1,90.12,90.12,returned,wallet
ORD_0004492,CUST_01512,2023-12-04,Sports,3,321.0,963.0,completed,upi
ORD_0004493,CUST_01111,2024-03-28,Electronics,5,69.02,345.1,returned,card
ORD_0004494,CUST_01543,2024-03-23,Books,3,352.35,1057.05,completed,wallet
ORD_0004495,CUST_00952,2024-04-01,Sports,4,452.03,1808.12,returned,upi
ORD_0004496,CUST_00549,2024-06-29,Electronics,4,371.51,1486.04,completed,upi
ORD_0004497,CUST_01619,2023-12-26,Home & Kitchen,4,216.85,867.4,completed,wallet
ORD_0004498,CUST_01782,2024-03-23,Apparel,1,73.17,73.17,completed,card
ORD_0004499,CUST_00516,2023-11-30,Sports,2,159.6,319.2,returned,wallet
ORD_0004500,CUST_00943,2024-06-18,Apparel,2,168.06,336.12,completed,card
ORD_0004501,CUST_01265,2024-06-24,Apparel,5,325.71,1628.55,completed,wallet
ORD_0004502,CUST_01606,2023-09-15,Books,3,357.28,1071.84,completed,wallet
ORD_0004503,CUST_01961,2023-12-25,Apparel,5,307.76,1538.8,completed,netbanking
ORD_0004504,CUST_01435,2024-06-12,Home & Kitchen,1,90.06,90.06,completed,upi
ORD_0004505,CUST_01179,2024-06-29,Apparel,4,336.32,1345.28,completed,netbanking
ORD_0004506,CUST_01569,2024-03-31,Home & Kitchen,3,271.51,814.53,completed,wallet
ORD_0004507,CUST_00509,2024-06-19,Beauty,5,123.92,619.6,completed,netbanking
ORD_0004508,CUST_00269,2024-05-06,Sports,2,305.37,610.74,completed,wallet
ORD_0004509,CUST_01355,2024-05-11,Apparel,4,91.34,365.36,completed,netbanking
ORD_0004510,CUST_01994,2023-09-06,Electronics,2,429.86,859.72,cancelled,upi
ORD_0004511,CUST_00116,2024-05-16,Apparel,1,211.39,211.39,completed,card
ORD_0004512,CUST_00239,2024-05-18,Books,2,55.0,110.0,completed,netbanking
ORD_0004513,CUST_01807,2024-03-10,Books,2,486.41,972.82,completed,upi
ORD_0004514,CUST_01638,2024-04-04,Apparel,5,215.59,1077.95,completed,wallet
ORD_0004515,CUST_00066,2024-06-04,Home & Kitchen,3,140.5,421.5,completed,card
ORD_0004516,CUST_01516,2024-04-30,Home & Kitchen,3,109.65,328.95,cancelled,card
ORD_0004517,CUST_00159,2024-04-02,Sports,4,176.36,705.44,completed,netbanking
ORD_0004518,CUST_00980,2024-04-03,Electronics,2,384.99,769.98,completed,netbanking
ORD_0004519,CUST_00368,2024-05-09,Electronics,4,126.43,505.72,returned,card
ORD_0004520,CUST_00331,2023-12-17,Books,1,489.55,489.55,completed,wallet
ORD_0004521,CUST_01315,2024-04-28,Beauty,2,452.01,904.02,completed,upi
ORD_0004522,CUST_01202,2024-06-15,Apparel,5,495.43,2477.15,completed,upi
ORD_0004523,CUST_00662,2024-02-29,Books,5,312.97,1564.85,completed,card
ORD_0004524,CUST_00738,2024-01-17,Home & Kitchen,1,39.96,39.96,returned,netbanking
ORD_0004525,CUST_00755,2024-06-18,Apparel,1,400.49,400.49,returned,wallet
ORD_0004526,CUST_01810,2024-06-15,Apparel,2,459.52,919.04,completed,wallet
ORD_0004527,CUST_01665,2024-05-23,Beauty,2,137.43,274.86,completed,card
ORD_0004528,CUST_00053,2024-05-26,Home & Kitchen,5,54.97,274.85,completed,netbanking
ORD_0004529,CUST_01852,2024-06-23,Sports,2,373.96,747.92,completed,wallet
ORD_0004530,CUST_01925,2024-04-21,Electronics,3,110.73,332.19,cancelled,card
ORD_0004531,CUST_01887,2023-08-07,Books,4,16.48,65.92,completed,wallet
ORD_0004532,CUST_00234,2024-05-30,Sports,1,195.02,195.02,completed,upi
ORD_0004533,CUST_01536,2024-02-16,Apparel,3,307.49,922.47,completed,card
ORD_0004534,CUST_01063,2024-04-05,Beauty,5,478.31,2391.55,completed,netbanking
ORD_0004535,CUST_00019,2024-04-16,Home & Kitchen,1,426.25,426.25,completed,netbanking
ORD_0004536,CUST_01191,2023-02-10,Apparel,1,62.66,62.66,completed,upi
ORD_0004537,CUST_01490,2024-01-24,Electronics,1,213.49,213.49,returned,card
ORD_0004538,CUST_00384,2024-03-21,Sports,2,283.37,566.74,completed,upi
ORD_0004539,CUST_01309,2024-03-12,Electronics,1,463.49,463.49,completed,card
ORD_0004540,CUST_00542,2024-06-06,Apparel,5,278.51,1392.55,completed,wallet
ORD_0004541,CUST_01267,2024-06-16,Beauty,4,312.75,1251.0,completed,wallet
ORD_0004542,CUST_01035,2024-05-09,Electronics,2,25.88,51.76,completed,netbanking
ORD_0004543,CUST_00174,2023-08-25,Books,3,76.83,230.49,completed,wallet
ORD_0004544,CUST_00457,2024-06-27,Beauty,4,93.08,372.32,returned,wallet
ORD_0004545,CUST_00139,2024-05-02,Sports,5,190.41,952.05,completed,netbanking
ORD_0004546,CUST_01516,2024-04-09,Home & Kitchen,5,143.89,719.45,completed,wallet
ORD_0004547,CUST_00437,2024-05-30,Sports,4,354.13,1416.52,completed,upi
ORD_0004548,CUST_00059,2024-04-02,Sports,3,254.46,763.38,completed,upi
ORD_0004549,CUST_00799,2023-12-01,Home & Kitchen,4,17.77,71.08,completed,card
ORD_0004550,CUST_00083,2023-12-26,Home & Kitchen,5,117.01,585.05,completed,card
ORD_0004551,CUST_00649,2023-07-25,Apparel,3,410.47,1231.41,completed,upi
ORD_0004552,CUST_00699,2024-01-15,Sports,1,438.53,438.53,completed,wallet
ORD_0004553,CUST_01268,2024-04-16,Electronics,4,218.5,874.0,returned,wallet
ORD_0004554,CUST_00434,2023-11-15,Books,3,341.48,1024.44,completed,wallet
ORD_0004555,CUST_00669,2023-05-09,Electronics,2,52.66,105.32,completed,upi
ORD_0004556,CUST_00798,2023-09-23,Beauty,2,196.04,392.08,completed,card
ORD_0004557,CUST_01079,2023-09-29,Home & Kitchen,2,428.75,857.5,completed,card
ORD_0004558,CUST_01028,2024-01-30,Home & Kitchen,5,320.26,1601.3,completed,upi
ORD_0004559,CUST_00689,2023-08-16,Books,3,324.04,972.12,completed,netbanking
ORD_0004560,CUST_00078,2024-05-17,Books,4,364.13,1456.52,cancelled,netbanking
ORD_0004561,CUST_01585,2024-01-14,Books,4,449.06,1796.24,returned,netbanking
ORD_0004562,CUST_01148,2024-06-15,Apparel,2,171.82,343.64,completed,netbanking
ORD_0004563,CUST_01922,2024-06-25,Sports,3,215.45,646.35,returned,card
ORD_0004564,CUST_00169,2024-03-06,Apparel,4,404.65,1618.6,returned,wallet
ORD_0004565,CUST_01207,2024-05-25,Sports,2,314.36,628.72,completed,wallet
ORD_0004566,CUST_00672,2024-01-03,Books,2,395.39,790.78,completed,card
ORD_0004567,CUST_00292,2023-06-26,Home & Kitchen,2,335.73,671.46,completed,wallet
ORD_0004568,CUST_00002,2023-06-03,Electronics,5,138.48,692.4,completed,card
ORD_0004569,CUST_01928,2024-06-24,Sports,3,80.31,240.93,completed,wallet
ORD_0004570,CUST_01821,2024-06-15,Sports,2,420.2,840.4,completed,upi
ORD_0004571,CUST_01384,2024-04-20,Apparel,4,193.8,775.2,completed,netbanking
ORD_0004572,CUST_00855,2023-10-30,Books,3,74.1,222.3,completed,card
ORD_0004573,CUST_00556,2024-04-14,Electronics,5,183.53,917.65,completed,upi
ORD_0004574,CUST_00419,2024-03-20,Sports,4,47.34,189.36,completed,wallet
ORD_0004575,CUST_00387,2024-06-03,Beauty,2,265.42,530.84,completed,netbanking
ORD_0004576,CUST_01236,2023-09-07,Electronics,2,348.85,697.7,completed,card
ORD_0004577,CUST_00986,2023-09-13,Apparel,4,33.64,134.56,completed,upi
ORD_0004578,CUST_00126,2024-05-04,Electronics,3,153.01,459.03,completed,netbanking
ORD_0004579,CUST_00512,2024-06-28,Apparel,4,36.56,146.24,completed,upi
ORD_0004580,CUST_00179,2023-10-24,Sports,4,456.18,1824.72,completed,upi
ORD_0004581,CUST_01402,2023-08-29,Books,1,294.36,294.36,completed,wallet
ORD_0004582,CUST_01022,2024-06-03,Books,4,232.9,931.6,completed,wallet
ORD_0004583,CUST_00774,2023-12-10,Home & Kitchen,3,180.8,542.4,completed,card
ORD_0004584,CUST_00427,2024-03-03,Home & Kitchen,5,64.3,321.5,returned,netbanking
ORD_0004585,CUST_00414,2024-06-22,Electronics,1,62.85,62.85,completed,upi
ORD_0004586,CUST_01176,2023-11-10,Electronics,3,110.65,331.95,completed,upi
ORD_0004587,CUST_00394,2023-10-03,Electronics,2,329.86,659.72,completed,card
ORD_0004588,CUST_00638,2024-05-31,Beauty,5,164.29,821.45,completed,wallet
ORD_0004589,CUST_00047,2024-01-18,Books,4,132.69,530.76,completed,wallet
ORD_0004590,CUST_00030,2024-05-07,Electronics,4,147.9,591.6,completed,card
ORD_0004591,CUST_01529,2024-03-09,Books,3,409.32,1227.96,completed,card
ORD_0004592,CUST_01910,2024-04-18,Apparel,3,285.61,856.83,completed,netbanking
ORD_0004593,CUST_01354,2023-08-24,Sports,4,351.65,1406.6,completed,card
ORD_0004594,CUST_00357,2024-04-20,Sports,3,36.29,108.87,completed,wallet
ORD_0004595,CUST_01881,2024-04-26,Electronics,3,92.18,276.54,completed,netbanking
ORD_0004596,CUST_01039,2023-10-30,Electronics,4,236.42,945.68,completed,upi
ORD_0004597,CUST_01100,2023-11-05,Sports,5,493.31,2466.55,completed,card
ORD_0004598,CUST_01212,2023-11-30,Electronics,5,185.53,927.65,completed,netbanking
ORD_0004599,CUST_01280,2023-06-07,Books,5,145.38,726.9,completed,netbanking
ORD_0004600,CUST_00612,2024-06-11,Apparel,3,386.04,1158.12,completed,card
ORD_0004601,CUST_00062,2023-09-14,Apparel,1,484.57,484.57,completed,upi
ORD_0004602,CUST_01795,2024-06-27,Home & Kitchen,4,252.79,1011.16,completed,wallet
ORD_0004603,CUST_01824,2023-11-13,Books,1,256.02,256.02,completed,netbanking
ORD_0004604,CUST_01566,2024-04-15,Home & Kitchen,1,447.7,447.7,completed,card
ORD_0004605,CUST_01534,2023-10-10,Beauty,4,250.14,1000.56,cancelled,card
ORD_0004606,CUST_01522,2023-10-09,Electronics,5,351.85,1759.25,completed,netbanking
ORD_0004607,CUST_01365,2023-06-24,Beauty,4,246.93,987.72,completed,wallet
ORD_0004608,CUST_00495,2023-09-20,Apparel,4,31.01,124.04,completed,card
ORD_0004609,CUST_00454,2024-03-04,Books,3,16.15,48.45,completed,upi
ORD_0004610,CUST_01643,2024-05-08,Home & Kitchen,1,198.81,198.81,completed,netbanking
ORD_0004611,CUST_01727,2023-09-05,Beauty,4,179.19,716.76,completed,upi
ORD_0004612,CUST_01781,2024-03-20,Books,5,379.67,1898.35,completed,netbanking
ORD_0004613,CUST_01886,2024-04-07,Books,3,343.22,1029.66,returned,wallet
ORD_0004614,CUST_01068,2024-01-27,Beauty,1,180.28,180.28,completed,netbanking
ORD_0004615,CUST_00748,2024-06-11,Books,4,49.66,198.64,completed,netbanking
ORD_0004616,CUST_00089,2024-05-08,Beauty,2,216.07,432.14,completed,netbanking
ORD_0004617,CUST_00835,2024-06-26,Home & Kitchen,1,177.39,177.39,completed,wallet
ORD_0004618,CUST_00239,2024-04-29,Home & Kitchen,2,111.44,222.88,completed,upi
ORD_0004619,CUST_00384,2023-06-24,Electronics,3,454.08,1362.24,completed,netbanking
ORD_0004620,CUST_00809,2024-04-04,Electronics,1,300.78,300.78,cancelled,wallet
ORD_0004621,CUST_01851,2024-05-01,Beauty,3,283.43,850.29,returned,wallet
ORD_0004622,CUST_01134,2024-01-05,Sports,5,246.04,1230.2,completed,wallet
ORD_0004623,CUST_01515,2023-08-24,Apparel,1,290.1,290.1,completed,upi
ORD_0004624,CUST_01014,2024-05-27,Apparel,1,137.33,137.33,completed,upi
ORD_0004625,CUST_00370,2023-11-23,Books,5,368.56,1842.8,completed,upi
ORD_0004626,CUST_00009,2023-12-07,Books,2,246.5,493.0,completed,card
ORD_0004627,CUST_00227,2024-02-23,Electronics,4,109.85,439.4,completed,card
ORD_0004628,CUST_01169,2024-06-27,Apparel,5,432.5,2162.5,completed,card
ORD_0004629,CUST_01714,2024-03-01,Apparel,3,336.99,1010.97,returned,card
ORD_0004630,CUST_00861,2024-06-24,Electronics,2,95.14,190.28,completed,netbanking
ORD_0004631,CUST_00855,2024-04-02,Home & Kitchen,2,324.16,648.32,completed,netbanking
ORD_0004632,CUST_00802,2024-05-25,Sports,3,91.43,274.29,completed,card
ORD_0004633,CUST_00004,2024-06-28,Beauty,3,441.13,1323.39,completed,upi
ORD_0004634,CUST_00961,2024-04-27,Apparel,1,116.81,116.81,completed,upi
ORD_0004635,CUST_01453,2024-06-14,Books,3,433.78,1301.34,completed,netbanking
ORD_0004636,CUST_00261,2023-09-09,Electronics,3,421.13,1263.39,completed,upi
ORD_0004637,CUST_00027,2024-03-07,Books,5,11.61,58.05,returned,netbanking
ORD_0004638,CUST_01036,2024-03-11,Beauty,4,483.62,1934.48,completed,netbanking
ORD_0004639,CUST_00410,2024-06-23,Electronics,1,357.97,357.97,completed,upi
ORD_0004640,CUST_01030,2024-06-29,Sports,1,238.64,238.64,completed,upi
ORD_0004641,CUST_01306,2024-04-05,Apparel,4,198.61,794.44,completed,netbanking
ORD_0004642,CUST_00984,2023-09-30,Apparel,5,46.07,230.35,completed,netbanking
ORD_0004643,CUST_01191,2024-03-10,Apparel,3,174.77,524.31,completed,wallet
ORD_0004644,CUST_01252,2023-07-12,Sports,2,337.23,674.46,completed,card
ORD_0004645,CUST_01706,2023-12-17,Home & Kitchen,4,186.99,747.96,completed,upi
ORD_0004646,CUST_01365,2023-07-18,Home & Kitchen,2,86.09,172.18,completed,upi
ORD_0004647,CUST_01732,2024-06-13,Home & Kitchen,4,476.89,1907.56,completed,card
ORD_0004648,CUST_01193,2024-06-13,Beauty,3,33.23,99.69,completed,netbanking
ORD_0004649,CUST_00825,2024-02-28,Books,4,282.16,1128.64,completed,upi
ORD_0004650,CUST_01436,2024-04-28,Sports,3,84.35,253.05,completed,card
ORD_0004651,CUST_01026,2024-05-25,Sports,2,401.66,803.32,cancelled,upi
ORD_0004652,CUST_01040,2024-06-29,Beauty,2,455.56,911.12,completed,card
ORD_0004653,CUST_00567,2024-06-02,Books,4,226.43,905.72,completed,card
ORD_0004654,CUST_00504,2024-03-04,Home & Kitchen,1,210.01,210.01,completed,netbanking
ORD_0004655,CUST_00282,2024-03-12,Beauty,2,479.81,959.62,cancelled,wallet
ORD_0004656,CUST_00223,2024-06-26,Beauty,5,331.19,1655.95,completed,card
ORD_0004657,CUST_01822,2024-04-26,Home & Kitchen,5,159.4,797.0,completed,netbanking
ORD_0004658,CUST_00389,2024-04-17,Books,3,234.42,703.26,returned,card
ORD_0004659,CUST_01479,2024-03-25,Books,5,272.66,1363.3,completed,netbanking
ORD_0004660,CUST_00034,2024-06-03,Sports,1,356.44,356.44,returned,netbanking
ORD_0004661,CUST_01218,2023-11-28,Sports,4,374.95,1499.8,completed,upi
ORD_0004662,CUST_01156,2024-06-05,Books,5,380.73,1903.65,returned,card
ORD_0004663,CUST_01187,2024-01-13,Books,1,85.56,85.56,completed,wallet
ORD_0004664,CUST_00218,2024-06-22,Books,3,338.95,1016.85,completed,wallet
ORD_0004665,CUST_01096,2024-06-28,Beauty,4,76.54,306.16,completed,upi
ORD_0004666,CUST_01898,2023-10-03,Electronics,5,470.5,2352.5,cancelled,upi
ORD_0004667,CUST_00024,2024-06-06,Books,5,219.18,1095.9,completed,upi
ORD_0004668,CUST_00908,2024-05-10,Books,1,107.67,107.67,completed,netbanking
ORD_0004669,CUST_01031,2024-05-29,Books,4,187.17,748.68,completed,card
ORD_0004670,CUST_01187,2023-06-07,Home & Kitchen,3,208.75,626.25,completed,netbanking
ORD_0004671,CUST_01719,2023-08-15,Books,5,209.93,1049.65,completed,netbanking
ORD_0004672,CUST_00801,2024-06-19,Electronics,2,304.5,609.0,completed,card
ORD_0004673,CUST_01210,2024-06-03,Books,3,142.56,427.68,returned,wallet
ORD_0004674,CUST_01529,2024-02-16,Sports,1,379.97,379.97,cancelled,wallet
ORD_0004675,CUST_01094,2023-09-10,Home & Kitchen,1,426.41,426.41,completed,card
ORD_0004676,CUST_00280,2024-06-28,Books,2,216.98,433.96,completed,netbanking
ORD_0004677,CUST_01015,2024-05-02,Sports,1,346.34,346.34,completed,card
ORD_0004678,CUST_00627,2023-04-16,Books,1,391.98,391.98,completed,netbanking
ORD_0004679,CUST_01246,2024-02-06,Electronics,1,30.02,30.02,returned,card
ORD_0004680,CUST_01979,2023-06-28,Sports,4,112.71,450.84,cancelled,netbanking
ORD_0004681,CUST_00804,2023-12-12,Beauty,2,319.08,638.16,completed,upi
ORD_0004682,CUST_01730,2024-03-18,Sports,5,123.66,618.3,completed,card
ORD_0004683,CUST_01136,2024-06-03,Electronics,3,61.26,183.78,completed,netbanking
ORD_0004684,CUST_01939,2024-04-29,Sports,4,253.92,1015.68,completed,card
ORD_0004685,CUST_00412,2024-03-15,Beauty,3,153.95,461.85,completed,netbanking
ORD_0004686,CUST_01341,2023-07-04,Electronics,3,318.82,956.46,completed,card
ORD_0004687,CUST_00403,2024-02-26,Beauty,5,157.1,785.5,completed,netbanking
ORD_0004688,CUST_00341,2024-05-12,Home & Kitchen,1,414.58,414.58,completed,card
ORD_0004689,CUST_01493,2023-08-18,Sports,2,130.97,261.94,completed,wallet
ORD_0004690,CUST_00959,2024-05-18,Beauty,4,27.76,111.04,completed,upi
ORD_0004691,CUST_01724,2024-02-25,Electronics,5,469.57,2347.85,returned,netbanking
ORD_0004692,CUST_00035,2024-06-17,Books,2,286.44,572.88,completed,wallet
ORD_0004693,CUST_00588,2024-03-05,Electronics,2,20.45,40.9,completed,wallet
ORD_0004694,CUST_00490,2023-07-16,Beauty,5,335.6,1678.0,completed,wallet
ORD_0004695,CUST_01446,2023-08-07,Books,2,198.56,397.12,completed,upi
ORD_0004696,CUST_01798,2023-03-31,Home & Kitchen,4,69.97,279.88,completed,netbanking
ORD_0004697,CUST_00241,2024-06-21,Electronics,2,414.19,828.38,completed,wallet
ORD_0004698,CUST_01044,2024-01-17,Books,1,177.14,177.14,completed,wallet
ORD_0004699,CUST_01011,2024-01-31,Beauty,5,76.92,384.6,completed,upi
ORD_0004700,CUST_01564,2024-05-04,Apparel,2,38.94,77.88,completed,wallet
ORD_0004701,CUST_00655,2024-06-14,Sports,3,26.4,79.2,completed,upi
ORD_0004702,CUST_00488,2023-11-25,Books,2,214.64,429.28,completed,wallet
ORD_0004703,CUST_00227,2024-04-04,Sports,2,140.47,280.94,completed,upi
ORD_0004704,CUST_00775,2024-05-18,Books,3,377.81,1133.43,completed,wallet
ORD_0004705,CUST_00578,2024-04-11,Home & Kitchen,4,243.54,974.16,completed,card
ORD_0004706,CUST_01423,2024-06-21,Books,3,165.0,495.0,completed,upi
ORD_0004707,CUST_00728,2024-02-21,Home & Kitchen,3,486.55,1459.65,completed,upi
ORD_0004708,CUST_01754,2024-06-17,Beauty,2,362.94,725.88,returned,card
ORD_0004709,CUST_01449,2024-04-12,Electronics,5,188.99,944.95,completed,card
ORD_0004710,CUST_01678,2023-07-31,Books,3,370.54,1111.62,returned,upi
ORD_0004711,CUST_01113,2024-01-07,Books,1,166.68,166.68,completed,wallet
ORD_0004712,CUST_01013,2024-02-20,Books,3,39.53,118.59,completed,card
ORD_0004713,CUST_01988,2024-06-08,Apparel,2,256.95,513.9,cancelled,upi
ORD_0004714,CUST_00531,2024-05-12,Apparel,3,354.24,1062.72,completed,netbanking
ORD_0004715,CUST_01043,2024-03-28,Beauty,1,131.82,131.82,completed,netbanking
ORD_0004716,CUST_00772,2024-05-26,Sports,2,428.5,857.0,completed,upi
ORD_0004717,CUST_00616,2024-06-17,Home & Kitchen,2,146.65,293.3,completed,netbanking
ORD_0004718,CUST_00158,2024-05-24,Sports,3,364.0,1092.0,cancelled,upi
ORD_0004719,CUST_00825,2023-10-31,Beauty,5,276.51,1382.55,completed,upi
ORD_0004720,CUST_01970,2024-02-11,Books,2,237.34,474.68,completed,wallet
ORD_0004721,CUST_01583,2023-10-08,Books,5,455.53,2277.65,completed,wallet
ORD_0004722,CUST_01964,2024-06-14,Beauty,3,245.88,737.64,returned,upi
ORD_0004723,CUST_01296,2024-04-12,Sports,1,112.46,112.46,completed,netbanking
ORD_0004724,CUST_00962,2024-06-03,Beauty,4,378.52,1514.08,completed,card
ORD_0004725,CUST_01169,2024-04-26,Apparel,1,400.29,400.29,completed,netbanking
ORD_0004726,CUST_00185,2024-02-13,Beauty,2,78.34,156.68,completed,wallet
ORD_0004727,CUST_00380,2023-11-10,Home & Kitchen,2,345.74,691.48,returned,card
ORD_0004728,CUST_01867,2024-04-17,Home & Kitchen,3,144.53,433.59,completed,upi
ORD_0004729,CUST_00652,2024-05-22,Apparel,5,445.02,2225.1,completed,card
ORD_0004730,CUST_00105,2024-04-29,Electronics,3,207.14,621.42,completed,upi
ORD_0004731,CUST_01035,2024-04-18,Home & Kitchen,4,242.66,970.64,completed,card
ORD_0004732,CUST_00632,2024-01-25,Sports,5,408.52,2042.6,cancelled,netbanking
ORD_0004733,CUST_00908,2024-05-04,Sports,4,415.87,1663.48,completed,wallet
ORD_0004734,CUST_01340,2023-05-08,Beauty,1,105.39,105.39,completed,card
ORD_0004735,CUST_01075,2024-05-14,Books,2,426.7,853.4,returned,netbanking
ORD_0004736,CUST_00791,2023-12-18,Books,2,156.04,312.08,completed,upi
ORD_0004737,CUST_00432,2024-06-24,Home & Kitchen,5,93.29,466.45,completed,upi
ORD_0004738,CUST_01067,2024-06-20,Beauty,3,203.57,610.71,completed,upi
ORD_0004739,CUST_00160,2024-04-22,Sports,2,129.59,259.18,completed,card
ORD_0004740,CUST_00212,2024-01-15,Apparel,2,374.66,749.32,completed,card
ORD_0004741,CUST_00483,2024-02-16,Electronics,4,162.67,650.68,completed,netbanking
ORD_0004742,CUST_01604,2024-06-24,Electronics,4,147.82,591.28,completed,wallet
ORD_0004743,CUST_01653,2024-06-22,Beauty,3,428.07,1284.21,completed,card
ORD_0004744,CUST_00469,2023-11-30,Beauty,1,359.52,359.52,completed,wallet
ORD_0004745,CUST_00482,2024-05-26,Apparel,4,221.44,885.76,completed,netbanking
ORD_0004746,CUST_01715,2024-04-16,Electronics,3,45.45,136.35,completed,netbanking
ORD_0004747,CUST_00930,2024-02-06,Sports,2,89.78,179.56,completed,card
ORD_0004748,CUST_01299,2024-04-04,Books,5,162.97,814.85,completed,wallet
ORD_0004749,CUST_01498,2023-12-13,Electronics,1,372.48,372.48,completed,wallet
ORD_0004750,CUST_01825,2024-02-04,Electronics,3,215.22,645.66,completed,wallet
ORD_0004751,CUST_00537,2024-05-26,Beauty,3,107.62,322.86,completed,wallet
ORD_0004752,CUST_01826,2024-04-26,Home & Kitchen,2,451.74,903.48,completed,card
ORD_0004753,CUST_00853,2024-05-17,Home & Kitchen,4,277.38,1109.52,completed,wallet
ORD_0004754,CUST_01790,2024-06-26,Apparel,2,425.69,851.38,returned,wallet
ORD_0004755,CUST_00716,2023-09-26,Home & Kitchen,2,456.47,912.94,completed,upi
ORD_0004756,CUST_01586,2024-06-19,Home & Kitchen,5,105.56,527.8,completed,card
ORD_0004757,CUST_00944,2023-08-30,Electronics,1,324.69,324.69,completed,upi
ORD_0004758,CUST_01263,2024-05-03,Apparel,3,21.74,65.22,completed,card
ORD_0004759,CUST_00709,2024-06-22,Books,1,421.85,421.85,completed,netbanking
ORD_0004760,CUST_01108,2024-05-07,Beauty,2,465.73,931.46,completed,card
ORD_0004761,CUST_01024,2023-06-16,Home & Kitchen,3,232.98,698.94,completed,card
ORD_0004762,CUST_00350,2024-04-14,Home & Kitchen,5,350.54,1752.7,completed,upi
ORD_0004763,CUST_00321,2023-10-12,Beauty,2,258.74,517.48,returned,card
ORD_0004764,CUST_00731,2024-01-23,Beauty,1,259.41,259.41,completed,card
ORD_0004765,CUST_01731,2024-06-22,Electronics,4,278.29,1113.16,cancelled,upi
ORD_0004766,CUST_00855,2024-05-25,Electronics,4,91.45,365.8,returned,card
ORD_0004767,CUST_00978,2024-04-28,Apparel,2,493.55,987.1,completed,card
ORD_0004768,CUST_00475,2024-06-25,Apparel,3,126.91,380.73,returned,upi
ORD_0004769,CUST_00749,2023-03-29,Sports,2,248.3,496.6,completed,upi
ORD_0004770,CUST_01615,2024-03-20,Home & Kitchen,5,122.86,614.3,completed,upi
ORD_0004771,CUST_00987,2024-03-17,Sports,3,135.87,407.61,completed,netbanking
ORD_0004772,CUST_00317,2024-06-26,Electronics,3,371.3,1113.9,completed,card
ORD_0004773,CUST_01071,2023-11-17,Home & Kitchen,3,412.34,1237.02,completed,upi
ORD_0004774,CUST_01699,2023-10-14,Sports,5,327.93,1639.65,completed,card
ORD_0004775,CUST_00682,2023-05-04,Sports,3,469.29,1407.87,returned,card
ORD_0004776,CUST_00686,2023-12-21,Apparel,3,67.77,203.31,returned,wallet
ORD_0004777,CUST_01000,2023-11-26,Electronics,1,39.07,39.07,completed,netbanking
ORD_0004778,CUST_00527,2024-03-26,Sports,5,348.52,1742.6,completed,card
ORD_0004779,CUST_00966,2023-04-07,Beauty,4,470.42,1881.68,completed,upi
ORD_0004780,CUST_01455,2024-06-27,Beauty,3,203.29,609.87,returned,netbanking
ORD_0004781,CUST_01875,2024-03-21,Books,4,171.47,685.88,completed,wallet
ORD_0004782,CUST_00602,2024-03-03,Books,5,195.39,976.95,cancelled,wallet
ORD_0004783,CUST_00277,2023-07-30,Electronics,4,195.43,781.72,completed,wallet
ORD_0004784,CUST_00540,2024-06-18,Electronics,2,13.26,26.52,completed,upi
ORD_0004785,CUST_00894,2024-06-14,Beauty,5,113.24,566.2,completed,upi
ORD_0004786,CUST_01619,2024-06-14,Electronics,5,316.31,1581.55,completed,upi
ORD_0004787,CUST_01585,2024-02-16,Apparel,1,207.05,207.05,completed,netbanking
ORD_0004788,CUST_00990,2024-06-17,Books,3,74.87,224.61,completed,netbanking
ORD_0004789,CUST_01940,2024-04-28,Beauty,1,116.33,116.33,completed,upi
ORD_0004790,CUST_00820,2024-05-15,Home & Kitchen,5,44.04,220.2,completed,card
ORD_0004791,CUST_00509,2024-05-26,Home & Kitchen,2,248.86,497.72,completed,upi
ORD_0004792,CUST_01549,2024-06-21,Sports,1,112.49,112.49,completed,netbanking
ORD_0004793,CUST_00493,2024-05-05,Beauty,3,76.46,229.38,returned,wallet
ORD_0004794,CUST_00086,2024-06-23,Apparel,5,491.02,2455.1,completed,wallet
ORD_0004795,CUST_01802,2024-01-17,Electronics,3,355.35,1066.05,completed,netbanking
ORD_0004796,CUST_01269,2024-06-27,Home & Kitchen,4,419.52,1678.08,completed,netbanking
ORD_0004797,CUST_00558,2024-05-27,Beauty,2,339.25,678.5,completed,wallet
ORD_0004798,CUST_00076,2023-10-27,Electronics,5,476.84,2384.2,completed,wallet
ORD_0004799,CUST_00940,2024-03-21,Home & Kitchen,1,305.54,305.54,returned,wallet
ORD_0004800,CUST_01762,2023-11-21,Books,5,244.83,1224.15,completed,wallet
ORD_0004801,CUST_00193,2024-06-05,Beauty,1,335.02,335.02,completed,netbanking
ORD_0004802,CUST_00963,2023-10-03,Beauty,4,275.29,1101.16,completed,card
ORD_0004803,CUST_01063,2023-04-05,Beauty,3,407.07,1221.21,completed,netbanking
ORD_0004804,CUST_00880,2024-06-05,Electronics,3,446.29,1338.87,completed,upi
ORD_0004805,CUST_01649,2023-11-14,Sports,5,333.51,1667.55,completed,wallet
ORD_0004806,CUST_01643,2023-09-11,Sports,4,476.9,1907.6,completed,wallet
ORD_0004807,CUST_00656,2024-03-20,Books,4,98.7,394.8,completed,card
ORD_0004808,CUST_00244,2023-09-29,Home & Kitchen,3,273.62,820.86,completed,wallet
ORD_0004809,CUST_00921,2023-08-27,Books,2,198.66,397.32,completed,card
ORD_0004810,CUST_01134,2023-11-03,Apparel,5,421.62,2108.1,returned,netbanking
ORD_0004811,CUST_01868,2024-06-22,Beauty,2,136.53,273.06,completed,wallet
ORD_0004812,CUST_00053,2024-04-22,Beauty,5,153.17,765.85,completed,netbanking
ORD_0004813,CUST_01794,2024-02-26,Apparel,2,237.94,475.88,completed,netbanking
ORD_0004814,CUST_00440,2024-05-04,Sports,4,109.56,438.24,completed,wallet
ORD_0004815,CUST_01989,2024-03-02,Electronics,1,251.58,251.58,completed,netbanking
ORD_0004816,CUST_00523,2024-01-08,Home & Kitchen,1,142.77,142.77,completed,card
ORD_0004817,CUST_01529,2024-02-28,Home & Kitchen,1,394.32,394.32,completed,upi
ORD_0004818,CUST_00489,2023-09-10,Home & Kitchen,1,366.02,366.02,cancelled,card
ORD_0004819,CUST_00911,2024-06-11,Sports,2,296.3,592.6,completed,upi
ORD_0004820,CUST_01502,2024-06-22,Home & Kitchen,3,377.08,1131.24,completed,upi
ORD_0004821,CUST_01521,2023-09-23,Beauty,3,497.49,1492.47,completed,upi
ORD_0004822,CUST_01836,2024-03-21,Beauty,1,400.5,400.5,returned,wallet
ORD_0004823,CUST_01413,2024-06-10,Home & Kitchen,4,209.84,839.36,cancelled,wallet
ORD_0004824,CUST_01501,2024-01-24,Books,5,451.64,2258.2,returned,upi
ORD_0004825,CUST_01956,2024-06-23,Electronics,4,455.79,1823.16,returned,netbanking
ORD_0004826,CUST_00385,2023-08-18,Sports,3,327.29,981.87,completed,wallet
ORD_0004827,CUST_01420,2024-06-24,Home & Kitchen,4,68.97,275.88,completed,wallet
ORD_0004828,CUST_00005,2024-01-25,Apparel,4,151.83,607.32,completed,netbanking
ORD_0004829,CUST_00126,2023-08-09,Electronics,3,194.73,584.19,completed,card
ORD_0004830,CUST_00412,2024-04-01,Books,4,344.21,1376.84,completed,upi
ORD_0004831,CUST_00984,2024-05-20,Apparel,1,224.52,224.52,returned,wallet
ORD_0004832,CUST_00211,2024-04-16,Home & Kitchen,4,114.36,457.44,completed,netbanking
ORD_0004833,CUST_00366,2024-04-08,Sports,2,289.03,578.06,returned,netbanking
ORD_0004834,CUST_00432,2024-06-27,Books,5,318.24,1591.2,returned,wallet
ORD_0004835,CUST_00946,2024-01-04,Apparel,2,467.12,934.24,returned,wallet
ORD_0004836,CUST_00071,2023-09-27,Electronics,3,162.88,488.64,completed,upi
ORD_0004837,CUST_01177,2023-11-17,Books,3,260.02,780.06,completed,wallet
ORD_0004838,CUST_00259,2024-06-05,Home & Kitchen,4,36.54,146.16,completed,wallet
ORD_0004839,CUST_01826,2023-12-28,Electronics,2,490.72,981.44,completed,wallet
ORD_0004840,CUST_01271,2024-03-30,Electronics,4,349.91,1399.64,completed,netbanking
ORD_0004841,CUST_00068,2023-08-15,Apparel,4,456.03,1824.12,completed,wallet
ORD_0004842,CUST_00464,2023-10-03,Beauty,2,85.81,171.62,completed,wallet
ORD_0004843,CUST_00787,2024-06-26,Home & Kitchen,4,208.9,835.6,completed,card
ORD_0004844,CUST_00665,2023-07-02,Beauty,2,146.07,292.14,cancelled,card
ORD_0004845,CUST_01417,2024-05-09,Home & Kitchen,5,145.99,729.95,completed,upi
ORD_0004846,CUST_01936,2024-02-05,Books,4,457.6,1830.4,completed,card
ORD_0004847,CUST_00749,2024-04-27,Sports,1,127.47,127.47,completed,netbanking
ORD_0004848,CUST_00928,2024-02-07,Books,2,66.7,133.4,completed,wallet
ORD_0004849,CUST_01756,2024-06-18,Home & Kitchen,3,184.87,554.61,completed,card
ORD_0004850,CUST_00646,2024-03-05,Beauty,1,225.82,225.82,completed,netbanking
ORD_0004851,CUST_01020,2023-11-11,Apparel,3,482.36,1447.08,completed,netbanking
ORD_0004852,CUST_00074,2024-05-19,Home & Kitchen,4,270.48,1081.92,completed,upi
ORD_0004853,CUST_01582,2023-10-04,Sports,3,464.9,1394.7,completed,wallet
ORD_0004854,CUST_01344,2024-05-30,Sports,3,285.04,855.12,completed,wallet
ORD_0004855,CUST_00505,2024-04-26,Books,4,22.22,88.88,completed,netbanking
ORD_0004856,CUST_01363,2023-12-09,Books,1,189.43,189.43,returned,wallet
ORD_0004857,CUST_01423,2024-01-25,Apparel,1,434.33,434.33,completed,netbanking
ORD_0004858,CUST_01205,2023-10-14,Apparel,2,42.78,85.56,completed,upi
ORD_0004859,CUST_00548,2023-11-29,Electronics,3,269.67,809.01,completed,wallet
ORD_0004860,CUST_00867,2024-06-17,Home & Kitchen,2,64.87,129.74,completed,card
ORD_0004861,CUST_00813,2023-09-10,Apparel,4,47.69,190.76,cancelled,wallet
ORD_0004862,CUST_01578,2023-10-23,Apparel,2,84.06,168.12,completed,netbanking
ORD_0004863,CUST_01850,2024-06-08,Beauty,4,29.16,116.64,completed,card
ORD_0004864,CUST_00220,2023-11-23,Apparel,5,348.57,1742.85,completed,wallet
ORD_0004865,CUST_00149,2023-12-27,Sports,1,389.44,389.44,completed,netbanking
ORD_0004866,CUST_00505,2024-05-22,Beauty,3,281.35,844.05,completed,card
ORD_0004867,CUST_01658,2024-02-18,Books,4,262.5,1050.0,completed,upi
ORD_0004868,CUST_00017,2024-06-11,Electronics,1,265.38,265.38,completed,card
ORD_0004869,CUST_00676,2024-05-07,Electronics,5,30.47,152.35,completed,upi
ORD_0004870,CUST_00444,2024-02-22,Electronics,1,176.55,176.55,completed,card
ORD_0004871,CUST_01424,2024-06-21,Beauty,1,176.15,176.15,completed,wallet
ORD_0004872,CUST_01660,2023-12-03,Apparel,2,481.09,962.18,cancelled,card
ORD_0004873,CUST_00842,2024-05-28,Electronics,5,158.69,793.45,returned,card
ORD_0004874,CUST_00330,2024-06-10,Books,3,453.79,1361.37,returned,netbanking
ORD_0004875,CUST_00296,2024-06-20,Beauty,1,83.02,83.02,completed,netbanking
ORD_0004876,CUST_01160,2024-03-21,Apparel,2,204.29,408.58,completed,netbanking
ORD_0004877,CUST_01274,2024-02-24,Home & Kitchen,5,393.87,1969.35,completed,netbanking
ORD_0004878,CUST_01227,2023-09-04,Sports,2,200.5,401.0,completed,upi
ORD_0004879,CUST_00459,2024-03-16,Home & Kitchen,3,375.08,1125.24,completed,netbanking
ORD_0004880,CUST_01015,2023-07-06,Books,4,201.45,805.8,returned,card
ORD_0004881,CUST_00433,2023-07-13,Sports,3,490.18,1470.54,completed,card
ORD_0004882,CUST_00621,2023-09-26,Books,5,289.2,1446.0,completed,card
ORD_0004883,CUST_00815,2024-02-25,Books,3,29.33,87.99,completed,netbanking
ORD_0004884,CUST_00390,2024-06-19,Electronics,2,425.03,850.06,completed,upi
ORD_0004885,CUST_00556,2024-06-18,Books,5,459.54,2297.7,completed,upi
ORD_0004886,CUST_00847,2024-04-09,Sports,2,338.05,676.1,completed,netbanking
ORD_0004887,CUST_01004,2023-09-25,Electronics,3,276.59,829.77,completed,card
ORD_0004888,CUST_01409,2023-09-25,Apparel,5,108.03,540.15,completed,card
ORD_0004889,CUST_01062,2023-10-16,Home & Kitchen,3,142.92,428.76,returned,wallet
ORD_0004890,CUST_01055,2024-06-11,Sports,3,286.64,859.92,completed,upi
ORD_0004891,CUST_00032,2023-12-22,Books,5,197.7,988.5,completed,upi
ORD_0004892,CUST_00759,2024-05-24,Apparel,5,213.24,1066.2,cancelled,wallet
ORD_0004893,CUST_01410,2024-02-04,Sports,2,127.59,255.18,completed,upi
ORD_0004894,CUST_00963,2024-01-16,Electronics,2,453.82,907.64,completed,netbanking
ORD_0004895,CUST_01977,2024-05-05,Beauty,4,419.15,1676.6,completed,card
ORD_0004896,CUST_00330,2024-06-07,Electronics,2,448.06,896.12,completed,wallet
ORD_0004897,CUST_01019,2024-02-07,Sports,1,216.03,216.03,completed,card
ORD_0004898,CUST_00274,2024-06-12,Books,5,150.26,751.3,completed,netbanking
ORD_0004899,CUST_01366,2024-06-14,Beauty,3,56.78,170.34,completed,upi
ORD_0004900,CUST_01273,2024-03-24,Apparel,1,374.05,374.05,cancelled,card
ORD_0004901,CUST_01694,2024-03-11,Beauty,4,420.6,1682.4,completed,wallet
ORD_0004902,CUST_01755,2024-06-25,Books,1,445.32,445.32,completed,netbanking
ORD_0004903,CUST_00964,2024-05-26,Beauty,2,378.06,756.12,cancelled,card
ORD_0004904,CUST_01356,2023-06-19,Apparel,3,10.74,32.22,completed,upi
ORD_0004905,CUST_01519,2024-06-14,Electronics,5,94.96,474.8,completed,wallet
ORD_0004906,CUST_00961,2024-06-16,Home & Kitchen,4,395.06,1580.24,completed,upi
ORD_0004907,CUST_01775,2024-06-26,Home & Kitchen,3,79.8,239.4,completed,upi
ORD_0004908,CUST_01928,2024-06-27,Apparel,2,75.62,151.24,completed,wallet
ORD_0004909,CUST_00977,2024-06-04,Home & Kitchen,2,233.42,466.84,completed,netbanking
ORD_0004910,CUST_00099,2024-05-05,Sports,1,332.59,332.59,completed,netbanking
ORD_0004911,CUST_00383,2024-03-21,Home & Kitchen,1,468.48,468.48,completed,wallet
ORD_0004912,CUST_00072,2023-10-19,Apparel,4,102.9,411.6,completed,wallet
ORD_0004913,CUST_01458,2024-06-22,Sports,5,249.69,1248.45,returned,upi
ORD_0004914,CUST_01662,2023-10-23,Beauty,3,236.43,709.29,completed,upi
ORD_0004915,CUST_00755,2024-06-28,Home & Kitchen,5,397.87,1989.35,completed,wallet
ORD_0004916,CUST_00115,2024-04-18,Beauty,5,353.76,1768.8,returned,upi
ORD_0004917,CUST_01078,2023-11-30,Beauty,2,74.08,148.16,completed,netbanking
ORD_0004918,CUST_00636,2024-01-08,Beauty,1,427.56,427.56,completed,wallet
ORD_0004919,CUST_01213,2024-03-18,Books,4,375.59,1502.36,completed,card
ORD_0004920,CUST_01065,2024-06-10,Books,4,115.46,461.84,completed,card
ORD_0004921,CUST_01789,2023-07-26,Beauty,5,169.52,847.6,completed,netbanking
ORD_0004922,CUST_01609,2024-01-18,Sports,1,66.23,66.23,completed,wallet
ORD_0004923,CUST_00355,2024-01-10,Electronics,3,480.99,1442.97,completed,netbanking
ORD_0004924,CUST_00944,2023-10-23,Books,4,248.82,995.28,completed,upi
ORD_0004925,CUST_01035,2024-06-01,Sports,3,153.1,459.3,cancelled,wallet
ORD_0004926,CUST_01391,2024-05-09,Books,5,52.08,260.4,completed,upi
ORD_0004927,CUST_01660,2024-01-10,Beauty,1,31.55,31.55,completed,card
ORD_0004928,CUST_01616,2024-05-29,Apparel,1,373.74,373.74,completed,wallet
ORD_0004929,CUST_01368,2023-12-30,Apparel,5,38.27,191.35,completed,netbanking
ORD_0004930,CUST_01001,2023-09-30,Home & Kitchen,5,176.69,883.45,returned,card
ORD_0004931,CUST_01158,2024-01-12,Beauty,4,58.09,232.36,completed,card
ORD_0004932,CUST_01360,2024-06-16,Home & Kitchen,1,10.76,10.76,completed,netbanking
ORD_0004933,CUST_01055,2024-06-02,Beauty,2,143.71,287.42,completed,netbanking
ORD_0004934,CUST_01796,2024-06-28,Beauty,4,217.52,870.08,completed,netbanking
ORD_0004935,CUST_01672,2024-06-08,Home & Kitchen,2,428.2,856.4,completed,card
ORD_0004936,CUST_01201,2024-06-24,Electronics,2,374.03,748.06,completed,upi
ORD_0004937,CUST_01771,2024-06-16,Apparel,2,381.84,763.68,completed,wallet
ORD_0004938,CUST_00949,2023-12-15,Books,4,343.11,1372.44,completed,netbanking
ORD_0004939,CUST_01850,2024-05-09,Home & Kitchen,2,200.11,400.22,completed,wallet
ORD_0004940,CUST_00661,2023-09-12,Electronics,2,336.14,672.28,completed,wallet
ORD_0004941,CUST_01228,2023-07-19,Books,3,10.48,31.44,completed,upi
ORD_0004942,CUST_01777,2024-05-24,Books,1,478.22,478.22,completed,card
ORD_0004943,CUST_00986,2023-11-21,Beauty,4,202.58,810.32,cancelled,wallet
ORD_0004944,CUST_01706,2024-06-06,Beauty,3,242.53,727.59,completed,card
ORD_0004945,CUST_01538,2023-08-30,Home & Kitchen,3,386.33,1158.99,completed,upi
ORD_0004946,CUST_01603,2024-06-29,Home & Kitchen,1,116.82,116.82,completed,wallet
ORD_0004947,CUST_01906,2024-04-20,Home & Kitchen,2,442.94,885.88,completed,wallet
ORD_0004948,CUST_01003,2023-12-21,Books,3,367.34,1102.02,cancelled,card
ORD_0004949,CUST_01529,2023-12-06,Beauty,4,96.16,384.64,completed,netbanking
ORD_0004950,CUST_01663,2024-01-05,Beauty,4,141.32,565.28,completed,card
ORD_0004951,CUST_00376,2023-12-27,Beauty,1,137.54,137.54,completed,upi
ORD_0004952,CUST_01345,2024-05-03,Sports,2,62.58,125.16,completed,wallet
ORD_0004953,CUST_00684,2024-06-03,Sports,3,135.27,405.81,returned,card
ORD_0004954,CUST_01195,2023-11-16,Home & Kitchen,1,318.47,318.47,completed,wallet
ORD_0004955,CUST_00446,2023-09-25,Apparel,1,329.44,329.44,completed,card
ORD_0004956,CUST_01624,2024-01-16,Books,3,342.61,1027.83,completed,wallet
ORD_0004957,CUST_01046,2024-03-07,Sports,1,436.83,436.83,completed,upi
ORD_0004958,CUST_01518,2024-06-28,Apparel,3,384.91,1154.73,returned,wallet
ORD_0004959,CUST_01534,2023-10-24,Apparel,5,213.64,1068.2,completed,upi
ORD_0004960,CUST_01568,2024-05-22,Beauty,5,165.27,826.35,completed,wallet
ORD_0004961,CUST_00944,2024-01-30,Home & Kitchen,1,173.96,173.96,completed,card
ORD_0004962,CUST_00972,2023-03-16,Sports,2,349.75,699.5,completed,card
ORD_0004963,CUST_00667,2023-12-04,Books,5,99.7,498.5,completed,upi
ORD_0004964,CUST_01176,2023-10-15,Electronics,2,390.2,780.4,completed,upi
ORD_0004965,CUST_00801,2024-06-25,Home & Kitchen,5,105.56,527.8,completed,upi
ORD_0004966,CUST_00132,2024-05-02,Sports,4,381.33,1525.32,completed,netbanking
ORD_0004967,CUST_01024,2024-04-23,Beauty,1,349.65,349.65,completed,card
ORD_0004968,CUST_01078,2023-10-03,Beauty,2,353.18,706.36,completed,netbanking
ORD_0004969,CUST_01632,2024-05-24,Beauty,1,241.72,241.72,cancelled,netbanking
ORD_0004970,CUST_00689,2024-01-18,Apparel,5,86.68,433.4,completed,netbanking
ORD_0004971,CUST_01809,2024-02-05,Books,5,168.34,841.7,completed,wallet
ORD_0004972,CUST_00400,2023-02-11,Sports,2,386.2,772.4,completed,upi
ORD_0004973,CUST_01246,2023-08-01,Apparel,2,184.83,369.66,completed,wallet
ORD_0004974,CUST_01080,2024-06-13,Beauty,4,60.89,243.56,returned,netbanking
ORD_0004975,CUST_01645,2024-03-19,Apparel,3,247.36,742.08,completed,netbanking
ORD_0004976,CUST_01742,2024-06-29,Beauty,3,212.05,636.15,completed,card
ORD_0004977,CUST_00932,2024-05-19,Electronics,5,130.23,651.15,cancelled,card
ORD_0004978,CUST_01128,2024-06-24,Electronics,3,365.72,1097.16,completed,card
ORD_0004979,CUST_01915,2024-04-24,Beauty,4,164.88,659.52,completed,netbanking
ORD_0004980,CUST_01537,2023-11-22,Beauty,3,276.03,828.09,completed,card
ORD_0004981,CUST_00223,2024-05-17,Sports,5,453.19,2265.95,returned,wallet
ORD_0004982,CUST_00997,2024-06-12,Books,3,134.27,402.81,completed,upi
ORD_0004983,CUST_00915,2024-06-05,Books,5,477.83,2389.15,completed,wallet
ORD_0004984,CUST_01610,2024-06-24,Home & Kitchen,3,200.43,601.29,completed,upi
ORD_0004985,CUST_00480,2024-05-08,Beauty,4,226.91,907.64,completed,upi
ORD_0004986,CUST_00407,2024-04-29,Apparel,5,448.13,2240.65,completed,wallet
ORD_0004987,CUST_01884,2024-05-24,Electronics,5,66.07,330.35,completed,upi
ORD_0004988,CUST_00448,2024-05-14,Beauty,3,111.29,333.87,completed,netbanking
ORD_0004989,CUST_00642,2023-12-25,Electronics,3,482.17,1446.51,completed,card
ORD_0004990,CUST_00655,2024-06-23,Apparel,1,133.71,133.71,completed,card
ORD_0004991,CUST_01279,2024-04-27,Sports,5,219.25,1096.25,completed,netbanking
ORD_0004992,CUST_01945,2024-06-27,Books,4,125.75,503.0,completed,netbanking
ORD_0004993,CUST_01190,2024-02-24,Books,5,282.75,1413.75,completed,wallet
ORD_0004994,CUST_01476,2024-04-24,Apparel,4,223.55,894.2,completed,netbanking
ORD_0004995,CUST_01074,2024-01-25,Sports,3,257.91,773.73,completed,netbanking
ORD_0004996,CUST_01850,2024-04-26,Apparel,3,231.8,695.4,completed,netbanking
ORD_0004997,CUST_01965,2023-10-29,Beauty,3,479.46,1438.38,completed,wallet
ORD_0004998,CUST_00133,2024-03-31,Home & Kitchen,2,423.67,847.34,completed,wallet
ORD_0004999,CUST_00514,2024-04-05,Apparel,4,246.84,987.36,completed,upi
ORD_0005000,CUST_00163,2023-07-06,Sports,2,258.71,517.42,completed,netbanking
ORD_0005001,CUST_00786,2024-06-06,Sports,1,394.86,394.86,completed,wallet
ORD_0005002,CUST_00681,2024-05-10,Beauty,4,300.38,1201.52,completed,upi
ORD_0005003,CUST_00260,2024-04-05,Electronics,2,408.84,817.68,completed,card
ORD_0005004,CUST_01881,2024-04-15,Home & Kitchen,3,298.7,896.1,completed,card
ORD_0005005,CUST_00898,2024-03-21,Home & Kitchen,4,167.81,671.24,completed,netbanking
ORD_0005006,CUST_01494,2024-06-24,Home & Kitchen,1,290.1,290.1,completed,upi
ORD_0005007,CUST_00595,2023-12-09,Beauty,2,431.26,862.52,returned,card
ORD_0005008,CUST_00276,2023-11-21,Electronics,5,124.79,623.95,completed,wallet
ORD_0005009,CUST_00689,2023-09-15,Apparel,2,192.2,384.4,returned,netbanking
ORD_0005010,CUST_01255,2024-03-31,Sports,3,467.01,1401.03,completed,card
ORD_0005011,CUST_01169,2024-05-16,Beauty,2,256.84,513.68,completed,wallet
ORD_0005012,CUST_01877,2023-11-29,Books,5,250.13,1250.65,completed,netbanking
ORD_0005013,CUST_01297,2024-02-02,Sports,5,329.29,1646.45,completed,wallet
ORD_0005014,CUST_00390,2024-06-27,Sports,4,131.29,525.16,cancelled,wallet
ORD_0005015,CUST_00450,2024-03-08,Books,5,365.11,1825.55,returned,wallet
ORD_0005016,CUST_00056,2024-05-19,Books,4,332.09,1328.36,completed,netbanking
ORD_0005017,CUST_01905,2024-01-17,Electronics,1,397.56,397.56,completed,netbanking
ORD_0005018,CUST_00569,2024-01-07,Apparel,1,227.4,227.4,completed,upi
ORD_0005019,CUST_01936,2024-03-18,Electronics,1,346.26,346.26,cancelled,upi
ORD_0005020,CUST_01456,2023-09-10,Apparel,2,208.32,416.64,completed,upi
ORD_0005021,CUST_00708,2023-12-01,Home & Kitchen,4,126.41,505.64,completed,card
ORD_0005022,CUST_01512,2024-04-09,Electronics,4,254.93,1019.72,completed,netbanking
ORD_0005023,CUST_00417,2024-06-21,Beauty,5,421.67,2108.35,cancelled,wallet
ORD_0005024,CUST_00338,2023-10-20,Beauty,3,281.26,843.78,returned,wallet
ORD_0005025,CUST_01374,2023-05-19,Home & Kitchen,5,338.91,1694.55,completed,netbanking
ORD_0005026,CUST_01458,2024-03-27,Electronics,2,348.42,696.84,completed,wallet
ORD_0005027,CUST_00694,2024-06-02,Sports,4,79.54,318.16,completed,netbanking
ORD_0005028,CUST_00069,2024-04-06,Electronics,4,372.96,1491.84,completed,upi
ORD_0005029,CUST_01746,2024-06-13,Books,4,306.93,1227.72,completed,upi
ORD_0005030,CUST_01096,2024-06-28,Apparel,3,200.17,600.51,completed,card
ORD_0005031,CUST_01696,2024-04-24,Sports,4,433.87,1735.48,cancelled,upi
ORD_0005032,CUST_00922,2024-06-12,Beauty,1,151.49,151.49,completed,netbanking
ORD_0005033,CUST_00173,2023-07-22,Apparel,4,60.67,242.68,completed,wallet
ORD_0005034,CUST_01411,2023-07-17,Sports,5,27.31,136.55,completed,upi
ORD_0005035,CUST_00069,2023-11-18,Sports,5,137.78,688.9,completed,wallet
ORD_0005036,CUST_01595,2024-02-25,Apparel,1,217.45,217.45,completed,wallet
ORD_0005037,CUST_00872,2024-05-16,Books,4,32.49,129.96,completed,netbanking
ORD_0005038,CUST_01913,2023-10-29,Apparel,5,184.3,921.5,completed,netbanking
ORD_0005039,CUST_00596,2023-06-19,Beauty,1,166.03,166.03,completed,wallet
ORD_0005040,CUST_00986,2024-04-22,Electronics,2,183.35,366.7,completed,upi
ORD_0005041,CUST_00673,2024-04-23,Beauty,5,328.97,1644.85,completed,card
ORD_0005042,CUST_00053,2024-04-18,Home & Kitchen,5,456.84,2284.2,completed,upi
ORD_0005043,CUST_00433,2023-11-15,Home & Kitchen,4,256.88,1027.52,completed,upi
ORD_0005044,CUST_00096,2024-06-23,Electronics,1,84.92,84.92,completed,netbanking
ORD_0005045,CUST_00176,2024-02-28,Beauty,1,396.7,396.7,cancelled,netbanking
ORD_0005046,CUST_01188,2024-05-29,Electronics,1,208.96,208.96,completed,card
ORD_0005047,CUST_00877,2023-04-24,Home & Kitchen,1,178.2,178.2,completed,wallet
ORD_0005048,CUST_00183,2023-11-21,Home & Kitchen,3,18.15,54.45,completed,netbanking
ORD_0005049,CUST_00093,2023-09-07,Home & Kitchen,1,437.11,437.11,completed,netbanking
ORD_0005050,CUST_00070,2024-03-19,Apparel,5,297.7,1488.5,completed,card
ORD_0005051,CUST_00832,2024-06-29,Electronics,5,315.25,1576.25,cancelled,wallet
ORD_0005052,CUST_00636,2024-06-11,Home & Kitchen,3,315.66,946.98,completed,netbanking
ORD_0005053,CUST_01514,2024-06-04,Beauty,5,473.25,2366.25,completed,wallet
ORD_0005054,CUST_00433,2024-02-08,Books,2,207.68,415.36,completed,upi
ORD_0005055,CUST_00624,2024-05-22,Beauty,3,387.89,1163.67,completed,card
ORD_0005056,CUST_01074,2023-07-31,Home & Kitchen,2,181.23,362.46,returned,upi
ORD_0005057,CUST_00534,2023-10-10,Beauty,5,319.02,1595.1,completed,upi
ORD_0005058,CUST_01375,2024-06-09,Beauty,1,387.49,387.49,completed,netbanking
ORD_0005059,CUST_00434,2024-02-14,Beauty,5,18.9,94.5,cancelled,wallet
ORD_0005060,CUST_01016,2024-05-14,Electronics,2,422.65,845.3,completed,wallet
ORD_0005061,CUST_00225,2024-04-20,Sports,1,286.66,286.66,cancelled,upi
ORD_0005062,CUST_00151,2024-05-20,Sports,1,476.67,476.67,cancelled,wallet
ORD_0005063,CUST_01986,2024-03-22,Electronics,5,456.39,2281.95,completed,card
ORD_0005064,CUST_00471,2024-06-22,Sports,5,154.08,770.4,completed,upi
ORD_0005065,CUST_01126,2024-02-13,Books,3,36.77,110.31,completed,netbanking
ORD_0005066,CUST_01900,2024-05-04,Home & Kitchen,4,497.7,1990.8,completed,card
ORD_0005067,CUST_00318,2024-05-01,Apparel,2,216.62,433.24,completed,wallet
ORD_0005068,CUST_00809,2023-10-07,Sports,2,395.44,790.88,completed,wallet
ORD_0005069,CUST_01622,2024-06-25,Books,5,471.48,2357.4,completed,card
ORD_0005070,CUST_01138,2023-03-22,Sports,5,327.3,1636.5,completed,card
ORD_0005071,CUST_00955,2023-10-21,Home & Kitchen,2,53.87,107.74,completed,card
ORD_0005072,CUST_01911,2024-05-01,Apparel,1,447.96,447.96,completed,card
ORD_0005073,CUST_00543,2024-05-30,Books,3,229.41,688.23,completed,netbanking
ORD_0005074,CUST_00538,2023-12-06,Home & Kitchen,3,100.81,302.43,completed,netbanking
ORD_0005075,CUST_01398,2024-06-15,Books,2,303.79,607.58,completed,netbanking
ORD_0005076,CUST_01492,2024-06-07,Beauty,3,52.28,156.84,returned,card
ORD_0005077,CUST_01711,2024-03-31,Home & Kitchen,4,283.27,1133.08,completed,wallet
ORD_0005078,CUST_01697,2024-02-07,Apparel,2,20.24,40.48,returned,upi
ORD_0005079,CUST_00910,2024-06-21,Home & Kitchen,5,202.16,1010.8,completed,netbanking
ORD_0005080,CUST_01842,2023-08-09,Electronics,4,338.35,1353.4,completed,wallet
ORD_0005081,CUST_00577,2024-04-04,Home & Kitchen,1,162.38,162.38,returned,netbanking
ORD_0005082,CUST_00007,2023-12-28,Apparel,4,349.95,1399.8,completed,netbanking
ORD_0005083,CUST_00318,2024-04-27,Electronics,3,177.32,531.96,completed,upi
ORD_0005084,CUST_01674,2024-06-27,Apparel,2,417.24,834.48,completed,card
ORD_0005085,CUST_01768,2023-11-23,Electronics,3,45.46,136.38,completed,netbanking
ORD_0005086,CUST_00560,2024-05-22,Books,3,388.63,1165.89,completed,netbanking
ORD_0005087,CUST_00824,2024-05-13,Sports,5,322.91,1614.55,returned,upi
ORD_0005088,CUST_01428,2023-12-18,Electronics,4,86.6,346.4,completed,upi
ORD_0005089,CUST_00421,2023-10-14,Apparel,1,349.2,349.2,completed,upi
ORD_0005090,CUST_01001,2024-03-08,Apparel,1,369.31,369.31,completed,wallet
ORD_0005091,CUST_00325,2024-04-22,Books,2,129.47,258.94,completed,wallet
ORD_0005092,CUST_01876,2024-06-11,Sports,4,152.79,611.16,completed,card
ORD_0005093,CUST_01190,2024-06-04,Sports,3,383.52,1150.56,cancelled,wallet
ORD_0005094,CUST_01542,2023-10-11,Sports,5,346.13,1730.65,completed,upi
ORD_0005095,CUST_01613,2023-06-05,Home & Kitchen,2,214.36,428.72,completed,wallet
ORD_0005096,CUST_00322,2024-05-19,Beauty,4,257.26,1029.04,returned,card
ORD_0005097,CUST_01864,2024-04-27,Beauty,3,122.65,367.95,completed,wallet
ORD_0005098,CUST_01324,2024-03-11,Electronics,2,383.99,767.98,completed,wallet
ORD_0005099,CUST_00253,2024-06-29,Books,2,438.39,876.78,completed,card
ORD_0005100,CUST_00700,2024-01-31,Apparel,3,30.19,90.57,completed,upi
ORD_0005101,CUST_00388,2024-02-05,Beauty,1,330.54,330.54,cancelled,card
ORD_0005102,CUST_01049,2024-05-12,Home & Kitchen,1,205.02,205.02,completed,card
ORD_0005103,CUST_00323,2024-02-17,Electronics,4,76.22,304.88,returned,upi
ORD_0005104,CUST_01026,2024-06-27,Home & Kitchen,5,325.77,1628.85,cancelled,card
ORD_0005105,CUST_00226,2023-12-15,Beauty,3,389.69,1169.07,returned,wallet
ORD_0005106,CUST_01115,2024-06-20,Home & Kitchen,3,247.49,742.47,returned,netbanking
ORD_0005107,CUST_01188,2024-06-26,Books,1,20.52,20.52,completed,card
ORD_0005108,CUST_01025,2024-02-13,Books,2,125.47,250.94,completed,netbanking
ORD_0005109,CUST_00814,2023-04-29,Beauty,2,211.09,422.18,completed,upi
ORD_0005110,CUST_00637,2024-02-19,Apparel,5,323.15,1615.75,completed,netbanking
ORD_0005111,CUST_00215,2024-06-26,Books,2,435.71,871.42,cancelled,card
ORD_0005112,CUST_01931,2024-04-17,Books,2,175.29,350.58,completed,card
ORD_0005113,CUST_01085,2024-01-04,Books,1,47.91,47.91,returned,wallet
ORD_0005114,CUST_01891,2023-12-17,Sports,4,76.6,306.4,returned,card
ORD_0005115,CUST_00077,2024-06-18,Home & Kitchen,5,244.02,1220.1,completed,wallet
ORD_0005116,CUST_01088,2023-11-04,Electronics,4,467.05,1868.2,cancelled,upi
ORD_0005117,CUST_00858,2024-06-03,Sports,1,383.76,383.76,cancelled,upi
ORD_0005118,CUST_00233,2023-10-11,Apparel,1,226.83,226.83,completed,upi
ORD_0005119,CUST_00111,2024-01-06,Home & Kitchen,4,50.54,202.16,completed,card
ORD_0005120,CUST_00400,2024-06-01,Apparel,1,305.35,305.35,completed,card
ORD_0005121,CUST_00699,2023-12-13,Electronics,2,204.91,409.82,completed,upi
ORD_0005122,CUST_01336,2024-01-10,Home & Kitchen,4,149.84,599.36,returned,wallet
ORD_0005123,CUST_01278,2024-06-29,Sports,5,423.12,2115.6,completed,upi
ORD_0005124,CUST_00345,2024-02-15,Home & Kitchen,2,271.14,542.28,cancelled,upi
ORD_0005125,CUST_01221,2023-12-09,Books,2,76.23,152.46,completed,upi
ORD_0005126,CUST_01975,2024-04-18,Electronics,3,135.39,406.17,completed,upi
ORD_0005127,CUST_01128,2024-03-13,Home & Kitchen,3,249.75,749.25,completed,card
ORD_0005128,CUST_01037,2024-06-06,Home & Kitchen,4,395.82,1583.28,completed,wallet
ORD_0005129,CUST_01119,2023-04-10,Beauty,1,243.01,243.01,returned,upi
ORD_0005130,CUST_01509,2024-06-10,Books,4,116.17,464.68,cancelled,upi
ORD_0005131,CUST_00980,2024-04-27,Beauty,3,489.24,1467.72,completed,card
ORD_0005132,CUST_00574,2024-04-24,Books,5,129.55,647.75,completed,card
ORD_0005133,CUST_01791,2024-06-29,Electronics,4,376.35,1505.4,completed,card
ORD_0005134,CUST_01499,2024-01-01,Apparel,1,227.45,227.45,completed,card
ORD_0005135,CUST_01626,2024-06-22,Beauty,3,495.76,1487.28,completed,netbanking
ORD_0005136,CUST_00396,2024-05-12,Home & Kitchen,2,63.89,127.78,completed,wallet
ORD_0005137,CUST_00542,2023-08-28,Home & Kitchen,1,33.88,33.88,completed,card
ORD_0005138,CUST_01816,2024-02-17,Electronics,2,170.16,340.32,returned,wallet
ORD_0005139,CUST_00341,2024-04-21,Sports,4,36.72,146.88,completed,wallet
ORD_0005140,CUST_01523,2024-02-24,Books,2,382.65,765.3,returned,upi
ORD_0005141,CUST_00474,2023-09-17,Electronics,4,56.29,225.16,returned,upi
ORD_0005142,CUST_00390,2024-06-18,Electronics,1,41.26,41.26,completed,card
ORD_0005143,CUST_01234,2024-06-13,Books,5,154.59,772.95,cancelled,netbanking
ORD_0005144,CUST_00095,2024-04-17,Beauty,1,305.81,305.81,completed,card
ORD_0005145,CUST_01135,2023-12-16,Electronics,5,449.02,2245.1,completed,netbanking
ORD_0005146,CUST_00846,2024-04-29,Apparel,2,322.46,644.92,returned,upi
ORD_0005147,CUST_00748,2024-06-29,Books,3,52.63,157.89,completed,upi
ORD_0005148,CUST_00541,2024-02-09,Electronics,2,329.55,659.1,completed,upi
ORD_0005149,CUST_01652,2024-03-21,Electronics,4,244.67,978.68,completed,wallet
ORD_0005150,CUST_00669,2024-01-29,Sports,1,92.57,92.57,completed,upi
ORD_0005151,CUST_00751,2024-05-13,Electronics,4,227.45,909.8,completed,card
ORD_0005152,CUST_00753,2024-03-19,Apparel,1,254.19,254.19,completed,wallet
ORD_0005153,CUST_01769,2024-06-29,Books,5,425.04,2125.2,completed,netbanking
ORD_0005154,CUST_00335,2023-11-06,Books,1,164.79,164.79,cancelled,card
ORD_0005155,CUST_00822,2024-03-15,Electronics,2,58.32,116.64,completed,card
ORD_0005156,CUST_00192,2023-12-14,Home & Kitchen,3,89.61,268.83,completed,netbanking
ORD_0005157,CUST_01438,2024-05-20,Home & Kitchen,3,497.05,1491.15,cancelled,wallet
ORD_0005158,CUST_00445,2024-01-06,Beauty,2,227.39,454.78,completed,netbanking
ORD_0005159,CUST_00190,2024-04-22,Books,1,344.36,344.36,completed,netbanking
ORD_0005160,CUST_01853,2023-11-17,Books,1,275.94,275.94,completed,card
ORD_0005161,CUST_00394,2023-10-07,Beauty,1,447.45,447.45,cancelled,card
ORD_0005162,CUST_01912,2024-03-06,Electronics,4,442.63,1770.52,completed,wallet
ORD_0005163,CUST_00214,2024-02-28,Beauty,1,65.53,65.53,completed,upi
ORD_0005164,CUST_01091,2024-06-19,Sports,1,335.68,335.68,completed,card
ORD_0005165,CUST_00932,2024-05-20,Home & Kitchen,1,469.38,469.38,completed,wallet
ORD_0005166,CUST_00733,2024-05-22,Electronics,3,15.98,47.94,completed,netbanking
ORD_0005167,CUST_00596,2023-07-11,Beauty,4,364.16,1456.64,returned,wallet
ORD_0005168,CUST_01133,2024-03-11,Books,3,46.8,140.4,returned,upi
ORD_0005169,CUST_00556,2024-06-22,Beauty,2,158.44,316.88,completed,card
ORD_0005170,CUST_01713,2024-03-13,Books,3,440.47,1321.41,completed,netbanking
ORD_0005171,CUST_01350,2024-05-31,Sports,4,80.79,323.16,completed,upi
ORD_0005172,CUST_01951,2024-04-01,Home & Kitchen,4,448.32,1793.28,completed,card
ORD_0005173,CUST_01632,2024-01-15,Home & Kitchen,4,461.07,1844.28,completed,upi
ORD_0005174,CUST_01062,2024-01-24,Home & Kitchen,1,317.67,317.67,completed,upi
ORD_0005175,CUST_00572,2024-06-21,Apparel,4,201.54,806.16,completed,wallet
ORD_0005176,CUST_00588,2024-04-26,Apparel,3,169.12,507.36,completed,wallet
ORD_0005177,CUST_01541,2024-06-21,Home & Kitchen,3,294.43,883.29,completed,card
ORD_0005178,CUST_01596,2024-05-04,Beauty,3,60.66,181.98,returned,wallet
ORD_0005179,CUST_01902,2024-04-12,Home & Kitchen,2,324.5,649.0,completed,upi
ORD_0005180,CUST_01296,2024-02-01,Sports,1,473.76,473.76,completed,card
ORD_0005181,CUST_01309,2024-05-19,Beauty,5,219.83,1099.15,completed,wallet
ORD_0005182,CUST_01532,2023-11-09,Sports,1,64.61,64.61,completed,card
ORD_0005183,CUST_00562,2024-02-27,Home & Kitchen,3,320.65,961.95,completed,wallet
ORD_0005184,CUST_00628,2024-03-13,Beauty,2,126.67,253.34,completed,wallet
ORD_0005185,CUST_00510,2023-12-14,Electronics,5,244.12,1220.6,completed,netbanking
ORD_0005186,CUST_00320,2024-06-26,Beauty,2,47.48,94.96,completed,netbanking
ORD_0005187,CUST_00100,2024-05-28,Apparel,1,399.62,399.62,completed,card
ORD_0005188,CUST_01868,2024-03-11,Books,5,170.45,852.25,completed,wallet
ORD_0005189,CUST_00551,2024-03-16,Sports,5,185.64,928.2,completed,netbanking
ORD_0005190,CUST_00067,2024-06-28,Sports,3,246.71,740.13,completed,card
ORD_0005191,CUST_01087,2023-11-24,Books,4,367.65,1470.6,completed,card
ORD_0005192,CUST_00813,2023-07-16,Apparel,5,306.74,1533.7,completed,wallet
ORD_0005193,CUST_01925,2024-04-07,Home & Kitchen,1,302.44,302.44,completed,wallet
ORD_0005194,CUST_00364,2024-06-18,Sports,5,326.57,1632.85,completed,card
ORD_0005195,CUST_00807,2024-03-27,Electronics,2,53.61,107.22,completed,card
ORD_0005196,CUST_00943,2024-06-15,Sports,3,305.3,915.9,completed,upi
ORD_0005197,CUST_00430,2023-09-06,Books,1,100.82,100.82,completed,upi
ORD_0005198,CUST_00710,2023-09-19,Home & Kitchen,2,264.35,528.7,cancelled,wallet
ORD_0005199,CUST_00253,2024-06-15,Beauty,2,347.63,695.26,completed,netbanking
ORD_0005200,CUST_00189,2023-10-27,Books,3,397.66,1192.98,completed,wallet
ORD_0005201,CUST_00387,2024-05-19,Books,2,164.61,329.22,completed,wallet
ORD_0005202,CUST_01768,2023-09-02,Electronics,2,455.01,910.02,completed,netbanking
ORD_0005203,CUST_01480,2023-05-29,Apparel,1,308.5,308.5,completed,upi
ORD_0005204,CUST_01836,2024-05-01,Beauty,3,64.84,194.52,completed,card
ORD_0005205,CUST_01265,2024-06-22,Beauty,2,177.76,355.52,completed,upi
ORD_0005206,CUST_01359,2024-06-12,Beauty,2,476.63,953.26,returned,card
ORD_0005207,CUST_01769,2024-06-28,Beauty,3,185.85,557.55,completed,wallet
ORD_0005208,CUST_01013,2024-06-10,Home & Kitchen,5,119.62,598.1,completed,upi
ORD_0005209,CUST_01001,2023-07-04,Books,4,296.63,1186.52,completed,card
ORD_0005210,CUST_00865,2023-12-19,Electronics,2,295.66,591.32,completed,card
ORD_0005211,CUST_00209,2024-06-24,Apparel,1,127.29,127.29,completed,card
ORD_0005212,CUST_00974,2024-01-10,Beauty,2,192.74,385.48,completed,netbanking
ORD_0005213,CUST_00830,2024-05-04,Home & Kitchen,3,477.78,1433.34,completed,card
ORD_0005214,CUST_00350,2023-07-15,Apparel,2,413.15,826.3,completed,upi
ORD_0005215,CUST_01857,2023-03-26,Apparel,5,247.2,1236.0,completed,netbanking
ORD_0005216,CUST_01816,2024-06-03,Beauty,1,471.14,471.14,completed,upi
ORD_0005217,CUST_01198,2024-04-21,Sports,2,245.21,490.42,cancelled,wallet
ORD_0005218,CUST_01964,2024-05-24,Apparel,2,245.06,490.12,completed,card
ORD_0005219,CUST_00869,2023-10-28,Electronics,2,194.12,388.24,completed,upi
ORD_0005220,CUST_00915,2023-06-11,Apparel,3,62.28,186.84,completed,wallet
ORD_0005221,CUST_01726,2024-04-08,Sports,3,360.03,1080.09,completed,upi
ORD_0005222,CUST_01107,2024-02-19,Home & Kitchen,2,227.68,455.36,cancelled,wallet
ORD_0005223,CUST_01819,2024-06-18,Electronics,2,276.42,552.84,completed,upi
ORD_0005224,CUST_00913,2024-03-10,Books,3,291.67,875.01,completed,netbanking
ORD_0005225,CUST_00642,2024-04-03,Books,1,225.4,225.4,returned,card
ORD_0005226,CUST_00032,2023-11-08,Home & Kitchen,2,459.92,919.84,completed,upi
ORD_0005227,CUST_01750,2023-10-22,Electronics,3,280.36,841.08,completed,card
ORD_0005228,CUST_01368,2024-04-16,Beauty,2,286.67,573.34,completed,netbanking
ORD_0005229,CUST_00119,2023-12-25,Books,5,147.35,736.75,completed,upi
ORD_0005230,CUST_01970,2024-02-25,Home & Kitchen,5,248.29,1241.45,completed,card
ORD_0005231,CUST_00761,2024-02-19,Apparel,3,59.14,177.42,completed,card
ORD_0005232,CUST_00914,2024-06-24,Books,1,196.84,196.84,completed,wallet
ORD_0005233,CUST_00125,2024-03-18,Apparel,4,114.44,457.76,completed,card
ORD_0005234,CUST_01472,2024-03-13,Sports,1,499.45,499.45,completed,upi
ORD_0005235,CUST_00053,2024-04-06,Beauty,2,250.13,500.26,completed,upi
ORD_0005236,CUST_00524,2024-05-13,Books,1,122.87,122.87,completed,wallet
ORD_0005237,CUST_00018,2024-04-26,Beauty,4,290.39,1161.56,completed,wallet
ORD_0005238,CUST_00200,2024-06-20,Electronics,5,294.54,1472.7,returned,netbanking
ORD_0005239,CUST_01884,2024-06-13,Books,5,73.49,367.45,completed,card
ORD_0005240,CUST_00802,2023-06-20,Beauty,3,229.89,689.67,completed,netbanking
ORD_0005241,CUST_00884,2023-12-28,Home & Kitchen,4,129.47,517.88,returned,netbanking
ORD_0005242,CUST_00125,2024-05-05,Apparel,4,473.05,1892.2,completed,card
ORD_0005243,CUST_00687,2024-05-12,Books,2,198.44,396.88,completed,card
ORD_0005244,CUST_00265,2023-04-23,Beauty,4,493.43,1973.72,completed,netbanking
ORD_0005245,CUST_00977,2024-06-23,Apparel,5,21.11,105.55,completed,netbanking
ORD_0005246,CUST_00023,2024-06-19,Books,1,288.49,288.49,completed,netbanking
ORD_0005247,CUST_00569,2023-12-05,Beauty,4,170.04,680.16,completed,card
ORD_0005248,CUST_01689,2024-05-09,Apparel,3,154.26,462.78,completed,netbanking
ORD_0005249,CUST_00534,2023-04-25,Home & Kitchen,3,453.04,1359.12,cancelled,netbanking
ORD_0005250,CUST_00860,2024-06-21,Apparel,3,14.7,44.1,completed,wallet
ORD_0005251,CUST_01323,2024-03-20,Sports,3,304.68,914.04,completed,card
ORD_0005252,CUST_01894,2023-09-24,Home & Kitchen,1,119.79,119.79,returned,card
ORD_0005253,CUST_00621,2024-05-31,Beauty,1,181.06,181.06,completed,wallet
ORD_0005254,CUST_01291,2024-04-01,Home & Kitchen,1,289.74,289.74,completed,netbanking
ORD_0005255,CUST_01953,2024-03-22,Home & Kitchen,3,161.56,484.68,completed,card
ORD_0005256,CUST_00028,2023-06-19,Home & Kitchen,3,28.32,84.96,completed,netbanking
ORD_0005257,CUST_01740,2024-03-24,Books,3,315.39,946.17,completed,upi
ORD_0005258,CUST_00606,2024-05-02,Home & Kitchen,4,181.98,727.92,completed,netbanking
ORD_0005259,CUST_01834,2024-04-15,Home & Kitchen,5,306.45,1532.25,completed,upi
ORD_0005260,CUST_00648,2024-01-02,Apparel,4,39.64,158.56,completed,wallet
ORD_0005261,CUST_01234,2024-03-15,Sports,1,53.69,53.69,completed,card
ORD_0005262,CUST_01624,2024-06-12,Beauty,4,182.91,731.64,completed,card
ORD_0005263,CUST_01141,2024-06-23,Sports,3,287.4,862.2,completed,upi
ORD_0005264,CUST_00223,2024-06-02,Electronics,1,225.19,225.19,completed,netbanking
ORD_0005265,CUST_00146,2024-04-27,Books,4,345.03,1380.12,cancelled,wallet
ORD_0005266,CUST_01755,2024-06-29,Electronics,4,440.26,1761.04,completed,upi
ORD_0005267,CUST_01592,2024-04-12,Books,2,69.59,139.18,completed,card
ORD_0005268,CUST_00333,2024-06-05,Electronics,3,482.06,1446.18,completed,netbanking
ORD_0005269,CUST_01886,2024-04-27,Books,3,196.05,588.15,completed,upi
ORD_0005270,CUST_00515,2024-03-10,Sports,1,471.31,471.31,completed,card
ORD_0005271,CUST_01776,2023-08-06,Beauty,2,433.32,866.64,completed,netbanking
ORD_0005272,CUST_01572,2024-05-11,Apparel,5,410.33,2051.65,completed,wallet
ORD_0005273,CUST_01533,2024-04-09,Home & Kitchen,5,55.23,276.15,returned,netbanking
ORD_0005274,CUST_01990,2024-06-29,Electronics,5,496.29,2481.45,returned,netbanking
ORD_0005275,CUST_00788,2024-05-13,Books,5,134.97,674.85,completed,upi
ORD_0005276,CUST_01320,2024-06-23,Sports,3,284.56,853.68,completed,card
ORD_0005277,CUST_01319,2024-04-08,Beauty,2,244.42,488.84,completed,wallet
ORD_0005278,CUST_00857,2024-02-20,Apparel,5,240.3,1201.5,completed,card
ORD_0005279,CUST_00659,2023-11-12,Home & Kitchen,3,429.66,1288.98,completed,card
ORD_0005280,CUST_01752,2024-04-12,Apparel,4,70.07,280.28,returned,wallet
ORD_0005281,CUST_00628,2024-02-20,Books,4,405.29,1621.16,completed,wallet
ORD_0005282,CUST_01544,2023-11-10,Electronics,5,49.98,249.9,completed,netbanking
ORD_0005283,CUST_00336,2024-02-16,Sports,3,71.82,215.46,completed,upi
ORD_0005284,CUST_00232,2024-06-08,Books,4,433.68,1734.72,returned,card
ORD_0005285,CUST_01088,2023-10-03,Books,4,378.48,1513.92,completed,card
ORD_0005286,CUST_00054,2024-06-19,Books,3,424.39,1273.17,completed,upi
ORD_0005287,CUST_01632,2024-05-25,Home & Kitchen,4,32.73,130.92,returned,wallet
ORD_0005288,CUST_00978,2024-01-19,Home & Kitchen,1,143.12,143.12,returned,wallet
ORD_0005289,CUST_01935,2024-06-27,Home & Kitchen,1,76.03,76.03,cancelled,card
ORD_0005290,CUST_01428,2024-01-15,Home & Kitchen,3,190.57,571.71,completed,netbanking
ORD_0005291,CUST_00074,2024-06-18,Sports,5,349.06,1745.3,completed,netbanking
ORD_0005292,CUST_00271,2024-06-11,Apparel,4,496.74,1986.96,completed,netbanking
ORD_0005293,CUST_01913,2024-04-01,Beauty,3,184.89,554.67,completed,wallet
ORD_0005294,CUST_00800,2024-06-25,Home & Kitchen,4,113.15,452.6,completed,upi
ORD_0005295,CUST_00007,2024-02-29,Home & Kitchen,1,499.84,499.84,cancelled,card
ORD_0005296,CUST_01405,2024-06-16,Beauty,2,240.5,481.0,completed,upi
ORD_0005297,CUST_00973,2024-06-10,Sports,5,170.21,851.05,returned,wallet
ORD_0005298,CUST_00124,2024-05-01,Apparel,5,495.57,2477.85,completed,wallet
ORD_0005299,CUST_01674,2024-06-27,Books,1,125.02,125.02,returned,card
ORD_0005300,CUST_01614,2024-04-21,Books,2,391.15,782.3,completed,netbanking
ORD_0005301,CUST_00542,2024-03-18,Sports,2,324.29,648.58,cancelled,netbanking
ORD_0005302,CUST_00403,2024-02-28,Books,1,37.74,37.74,completed,wallet
ORD_0005303,CUST_01643,2023-09-24,Books,4,183.88,735.52,completed,wallet
ORD_0005304,CUST_01395,2024-06-27,Books,3,78.38,235.14,completed,netbanking
ORD_0005305,CUST_01156,2024-05-07,Apparel,5,64.72,323.6,cancelled,wallet
ORD_0005306,CUST_01192,2024-01-11,Beauty,1,428.71,428.71,completed,upi
ORD_0005307,CUST_00703,2024-04-16,Books,3,27.67,83.01,completed,netbanking
ORD_0005308,CUST_00875,2024-05-10,Sports,5,40.36,201.8,completed,upi
ORD_0005309,CUST_00110,2024-03-09,Electronics,1,20.35,20.35,completed,netbanking
ORD_0005310,CUST_01690,2024-05-05,Apparel,5,19.0,95.0,cancelled,wallet
ORD_0005311,CUST_00614,2024-06-20,Books,2,417.28,834.56,completed,upi
ORD_0005312,CUST_01553,2024-06-16,Electronics,3,315.51,946.53,completed,card
ORD_0005313,CUST_01427,2024-01-20,Sports,5,322.96,1614.8,completed,card
ORD_0005314,CUST_01321,2024-04-10,Home & Kitchen,2,290.45,580.9,completed,netbanking
ORD_0005315,CUST_00081,2024-02-10,Sports,1,495.54,495.54,completed,wallet
ORD_0005316,CUST_01228,2023-07-21,Home & Kitchen,3,222.97,668.91,completed,card
ORD_0005317,CUST_00169,2024-03-03,Apparel,2,23.46,46.92,returned,card
ORD_0005318,CUST_00753,2024-01-12,Beauty,4,343.18,1372.72,completed,upi
ORD_0005319,CUST_00445,2024-04-12,Sports,3,415.27,1245.81,completed,wallet
ORD_0005320,CUST_00732,2024-04-25,Sports,3,444.43,1333.29,completed,wallet
ORD_0005321,CUST_00497,2024-04-08,Beauty,4,128.24,512.96,completed,netbanking
ORD_0005322,CUST_00110,2023-09-09,Beauty,1,409.97,409.97,completed,wallet
ORD_0005323,CUST_00973,2024-05-29,Sports,1,497.76,497.76,completed,card
ORD_0005324,CUST_00822,2023-05-13,Home & Kitchen,3,32.82,98.46,completed,upi
ORD_0005325,CUST_00870,2024-06-16,Home & Kitchen,5,307.09,1535.45,returned,netbanking
ORD_0005326,CUST_01384,2024-02-04,Apparel,2,348.57,697.14,completed,wallet
ORD_0005327,CUST_01562,2024-05-25,Beauty,5,443.67,2218.35,completed,netbanking
ORD_0005328,CUST_01763,2024-06-26,Sports,1,402.64,402.64,cancelled,wallet
ORD_0005329,CUST_00340,2024-05-19,Books,4,245.25,981.0,completed,wallet
ORD_0005330,CUST_01883,2024-05-13,Books,1,154.33,154.33,completed,upi
ORD_0005331,CUST_01223,2024-05-05,Books,5,479.02,2395.1,completed,netbanking
ORD_0005332,CUST_00206,2023-11-13,Beauty,4,117.99,471.96,completed,upi
ORD_0005333,CUST_00038,2023-10-12,Beauty,1,139.29,139.29,returned,wallet
ORD_0005334,CUST_01651,2024-03-31,Sports,5,43.83,219.15,completed,netbanking
ORD_0005335,CUST_00511,2024-06-28,Apparel,2,233.62,467.24,completed,wallet
ORD_0005336,CUST_01084,2024-03-29,Apparel,3,313.95,941.85,returned,netbanking
ORD_0005337,CUST_00062,2023-04-28,Apparel,5,112.65,563.25,returned,card
ORD_0005338,CUST_00063,2023-05-25,Home & Kitchen,3,260.46,781.38,completed,upi
ORD_0005339,CUST_01955,2024-05-31,Beauty,2,243.79,487.58,completed,card
ORD_0005340,CUST_01361,2024-06-06,Apparel,4,144.85,579.4,completed,wallet
ORD_0005341,CUST_00737,2024-06-17,Apparel,1,402.93,402.93,completed,card
ORD_0005342,CUST_01446,2024-05-01,Apparel,4,114.41,457.64,completed,wallet
ORD_0005343,CUST_01662,2024-06-19,Electronics,1,50.87,50.87,completed,netbanking
ORD_0005344,CUST_01159,2024-06-21,Sports,4,86.67,346.68,completed,upi
ORD_0005345,CUST_01883,2024-05-20,Electronics,3,17.61,52.83,completed,upi
ORD_0005346,CUST_01074,2023-12-03,Beauty,3,142.25,426.75,completed,wallet
ORD_0005347,CUST_00109,2023-10-15,Home & Kitchen,3,429.02,1287.06,completed,card
ORD_0005348,CUST_01710,2024-02-27,Sports,4,50.89,203.56,completed,card
ORD_0005349,CUST_01611,2024-02-20,Electronics,3,176.08,528.24,returned,upi
ORD_0005350,CUST_01890,2024-05-16,Home & Kitchen,1,290.36,290.36,completed,wallet
ORD_0005351,CUST_00120,2024-01-26,Apparel,4,209.04,836.16,completed,netbanking
ORD_0005352,CUST_01632,2024-06-25,Books,4,307.4,1229.6,completed,netbanking
ORD_0005353,CUST_00526,2024-05-13,Home & Kitchen,3,194.24,582.72,completed,card
ORD_0005354,CUST_01715,2024-04-08,Books,2,97.93,195.86,returned,card
ORD_0005355,CUST_00793,2024-06-01,Electronics,5,213.36,1066.8,completed,wallet
ORD_0005356,CUST_00692,2023-11-14,Apparel,1,371.97,371.97,completed,wallet
ORD_0005357,CUST_00224,2023-07-11,Electronics,3,285.25,855.75,completed,netbanking
ORD_0005358,CUST_01976,2024-06-04,Sports,1,474.14,474.14,completed,netbanking
ORD_0005359,CUST_00726,2024-01-28,Books,1,282.75,282.75,completed,wallet
ORD_0005360,CUST_01742,2024-06-20,Beauty,1,138.69,138.69,completed,netbanking
ORD_0005361,CUST_01856,2024-03-03,Home & Kitchen,2,315.81,631.62,completed,wallet
ORD_0005362,CUST_01012,2024-06-03,Electronics,1,269.71,269.71,completed,card
ORD_0005363,CUST_00133,2024-02-19,Beauty,1,121.38,121.38,completed,wallet
ORD_0005364,CUST_01579,2024-01-10,Sports,4,259.82,1039.28,cancelled,wallet
ORD_0005365,CUST_00089,2023-10-09,Books,2,134.84,269.68,completed,card
ORD_0005366,CUST_00604,2024-06-12,Books,1,228.18,228.18,completed,card
ORD_0005367,CUST_00900,2023-03-13,Electronics,1,220.29,220.29,returned,upi
ORD_0005368,CUST_00873,2024-04-28,Beauty,5,241.47,1207.35,cancelled,wallet
ORD_0005369,CUST_00802,2023-12-15,Home & Kitchen,1,344.74,344.74,completed,wallet
ORD_0005370,CUST_01605,2023-09-30,Books,3,28.49,85.47,completed,card
ORD_0005371,CUST_01409,2024-01-08,Electronics,3,381.3,1143.9,completed,card
ORD_0005372,CUST_00012,2024-04-14,Apparel,4,281.25,1125.0,completed,netbanking
ORD_0005373,CUST_00743,2024-06-28,Beauty,4,60.29,241.16,completed,wallet
ORD_0005374,CUST_00988,2024-05-27,Apparel,4,219.65,878.6,completed,upi
ORD_0005375,CUST_01636,2024-03-08,Home & Kitchen,5,382.25,1911.25,completed,card
ORD_0005376,CUST_00531,2024-04-19,Sports,1,475.82,475.82,completed,card
ORD_0005377,CUST_00743,2024-06-20,Beauty,4,476.5,1906.0,completed,wallet
ORD_0005378,CUST_01096,2024-06-28,Books,2,217.17,434.34,returned,netbanking
ORD_0005379,CUST_01608,2023-12-16,Electronics,5,342.15,1710.75,completed,card
ORD_0005380,CUST_00708,2023-11-14,Beauty,3,347.15,1041.45,returned,wallet
ORD_0005381,CUST_01211,2024-06-14,Sports,5,494.58,2472.9,completed,upi
ORD_0005382,CUST_01375,2023-12-21,Apparel,3,380.11,1140.33,completed,upi
ORD_0005383,CUST_00850,2024-05-04,Sports,1,431.24,431.24,completed,netbanking
ORD_0005384,CUST_01006,2024-06-11,Books,1,398.13,398.13,returned,upi
ORD_0005385,CUST_01470,2023-06-27,Books,4,361.94,1447.76,completed,netbanking
ORD_0005386,CUST_01899,2024-05-06,Sports,5,182.34,911.7,completed,card
ORD_0005387,CUST_00802,2024-01-05,Books,4,379.1,1516.4,completed,upi
ORD_0005388,CUST_01173,2024-04-19,Books,3,275.42,826.26,cancelled,upi
ORD_0005389,CUST_00791,2023-09-17,Apparel,2,392.46,784.92,cancelled,wallet
ORD_0005390,CUST_01052,2024-04-29,Electronics,2,463.79,927.58,completed,upi
ORD_0005391,CUST_00669,2023-10-07,Sports,3,32.53,97.59,cancelled,card
ORD_0005392,CUST_00794,2023-12-26,Sports,1,310.13,310.13,returned,wallet
ORD_0005393,CUST_01679,2023-11-12,Electronics,5,254.02,1270.1,returned,upi
ORD_0005394,CUST_01303,2024-03-07,Electronics,1,379.78,379.78,completed,wallet
ORD_0005395,CUST_00798,2024-01-23,Home & Kitchen,5,153.5,767.5,cancelled,upi
ORD_0005396,CUST_01745,2023-11-25,Home & Kitchen,1,380.66,380.66,completed,upi
ORD_0005397,CUST_01437,2024-06-26,Beauty,3,419.9,1259.7,completed,wallet
ORD_0005398,CUST_01818,2023-10-20,Beauty,4,145.19,580.76,completed,netbanking
ORD_0005399,CUST_01278,2024-06-04,Sports,3,148.49,445.47,cancelled,netbanking
ORD_0005400,CUST_01532,2024-03-27,Books,2,38.26,76.52,completed,wallet
ORD_0005401,CUST_01342,2023-12-24,Books,2,425.88,851.76,completed,card
ORD_0005402,CUST_00386,2024-03-13,Beauty,1,167.1,167.1,completed,card
ORD_0005403,CUST_01834,2024-05-13,Home & Kitchen,5,464.52,2322.6,returned,netbanking
ORD_0005404,CUST_00612,2024-06-16,Sports,2,452.41,904.82,completed,netbanking
ORD_0005405,CUST_00369,2024-06-06,Apparel,3,21.93,65.79,completed,netbanking
ORD_0005406,CUST_01606,2023-03-18,Home & Kitchen,4,90.25,361.0,completed,card
ORD_0005407,CUST_00759,2024-05-30,Home & Kitchen,2,481.4,962.8,completed,netbanking
ORD_0005408,CUST_01840,2023-09-05,Apparel,1,102.37,102.37,completed,card
ORD_0005409,CUST_00189,2024-06-21,Books,4,280.89,1123.56,completed,netbanking
ORD_0005410,CUST_00028,2024-02-23,Sports,1,112.04,112.04,completed,card
ORD_0005411,CUST_01797,2024-02-14,Electronics,3,53.01,159.03,completed,card
ORD_0005412,CUST_01683,2024-05-30,Beauty,1,72.31,72.31,cancelled,card
ORD_0005413,CUST_01009,2023-10-10,Beauty,1,488.98,488.98,cancelled,card
ORD_0005414,CUST_00679,2023-12-25,Apparel,5,305.81,1529.05,completed,upi
ORD_0005415,CUST_00969,2024-06-27,Books,5,81.24,406.2,completed,netbanking
ORD_0005416,CUST_00918,2023-11-14,Sports,5,238.07,1190.35,completed,upi
ORD_0005417,CUST_01382,2024-04-20,Sports,2,426.87,853.74,completed,card
ORD_0005418,CUST_00752,2024-05-07,Electronics,2,211.61,423.22,completed,upi
ORD_0005419,CUST_00618,2023-06-18,Sports,2,243.81,487.62,returned,card
ORD_0005420,CUST_00281,2024-06-17,Electronics,5,494.34,2471.7,completed,wallet
ORD_0005421,CUST_00798,2023-12-27,Apparel,2,221.02,442.04,cancelled,netbanking
ORD_0005422,CUST_01389,2024-06-12,Beauty,1,332.31,332.31,cancelled,netbanking
ORD_0005423,CUST_00764,2024-04-19,Home & Kitchen,5,382.7,1913.5,completed,netbanking
ORD_0005424,CUST_00223,2024-05-31,Beauty,4,353.6,1414.4,cancelled,card
ORD_0005425,CUST_01094,2024-05-18,Books,5,279.78,1398.9,returned,upi
ORD_0005426,CUST_00492,2024-06-05,Electronics,1,73.07,73.07,completed,upi
ORD_0005427,CUST_00493,2023-12-11,Apparel,5,267.32,1336.6,completed,wallet
ORD_0005428,CUST_00009,2023-12-17,Beauty,3,23.27,69.81,completed,upi
ORD_0005429,CUST_01016,2023-01-22,Home & Kitchen,3,12.82,38.46,completed,wallet
ORD_0005430,CUST_01903,2024-03-22,Books,4,262.39,1049.56,completed,wallet
ORD_0005431,CUST_01336,2023-11-20,Apparel,4,30.97,123.88,completed,wallet
ORD_0005432,CUST_01503,2024-06-26,Books,5,215.04,1075.2,completed,card
ORD_0005433,CUST_00731,2024-02-01,Electronics,4,104.82,419.28,returned,upi
ORD_0005434,CUST_00413,2023-08-21,Electronics,1,286.47,286.47,completed,upi
ORD_0005435,CUST_00604,2024-06-20,Beauty,4,34.67,138.68,completed,card
ORD_0005436,CUST_01073,2024-04-09,Electronics,4,77.91,311.64,completed,wallet
ORD_0005437,CUST_01720,2023-08-28,Beauty,4,235.58,942.32,completed,card
ORD_0005438,CUST_01801,2024-03-06,Books,5,474.23,2371.15,completed,wallet
ORD_0005439,CUST_01588,2024-06-17,Sports,4,428.21,1712.84,completed,card
ORD_0005440,CUST_01793,2023-08-01,Home & Kitchen,4,298.11,1192.44,completed,upi
ORD_0005441,CUST_00757,2023-11-20,Books,5,339.26,1696.3,completed,card
ORD_0005442,CUST_00865,2024-06-21,Sports,1,342.02,342.02,completed,netbanking
ORD_0005443,CUST_00207,2024-06-28,Apparel,5,226.99,1134.95,completed,card
ORD_0005444,CUST_01088,2023-06-14,Electronics,3,283.78,851.34,completed,netbanking
ORD_0005445,CUST_01813,2024-01-26,Books,3,455.07,1365.21,completed,card
ORD_0005446,CUST_01934,2023-10-05,Home & Kitchen,5,130.86,654.3,completed,netbanking
ORD_0005447,CUST_01105,2024-03-05,Beauty,4,458.82,1835.28,completed,card
ORD_0005448,CUST_00375,2024-03-25,Sports,2,44.41,88.82,completed,wallet
ORD_0005449,CUST_01441,2024-04-05,Home & Kitchen,4,155.84,623.36,cancelled,wallet
ORD_0005450,CUST_01302,2024-06-12,Electronics,3,119.05,357.15,completed,card
ORD_0005451,CUST_01725,2024-04-16,Beauty,4,266.77,1067.08,completed,upi
ORD_0005452,CUST_00899,2024-01-23,Sports,2,214.94,429.88,completed,card
ORD_0005453,CUST_00589,2023-05-07,Home & Kitchen,3,395.38,1186.14,completed,card
ORD_0005454,CUST_00482,2024-04-03,Electronics,4,108.13,432.52,completed,upi
ORD_0005455,CUST_01993,2024-04-11,Books,4,337.63,1350.52,cancelled,netbanking
ORD_0005456,CUST_00985,2024-06-12,Beauty,5,145.01,725.05,completed,upi
ORD_0005457,CUST_01711,2024-03-10,Apparel,4,488.25,1953.0,completed,card
ORD_0005458,CUST_00721,2024-03-29,Electronics,4,222.99,891.96,completed,card
ORD_0005459,CUST_01888,2024-05-18,Books,5,144.37,721.85,completed,card
ORD_0005460,CUST_01565,2024-06-28,Home & Kitchen,3,226.68,680.04,completed,wallet
ORD_0005461,CUST_00285,2024-02-15,Books,5,311.07,1555.35,completed,netbanking
ORD_0005462,CUST_01726,2024-05-26,Home & Kitchen,3,319.24,957.72,returned,netbanking
ORD_0005463,CUST_00307,2024-05-13,Books,3,285.48,856.44,completed,upi
ORD_0005464,CUST_01250,2024-01-31,Books,5,307.47,1537.35,completed,wallet
ORD_0005465,CUST_00968,2024-05-08,Beauty,3,31.39,94.17,completed,netbanking
ORD_0005466,CUST_01585,2023-11-26,Apparel,1,121.55,121.55,completed,upi
ORD_0005467,CUST_01141,2024-06-26,Apparel,5,267.54,1337.7,completed,upi
ORD_0005468,CUST_01709,2024-06-16,Apparel,5,267.11,1335.55,completed,netbanking
ORD_0005469,CUST_00867,2024-06-14,Apparel,5,372.41,1862.05,completed,wallet
ORD_0005470,CUST_00178,2024-01-12,Home & Kitchen,2,186.59,373.18,completed,card
ORD_0005471,CUST_01146,2024-02-02,Electronics,2,250.39,500.78,completed,upi
ORD_0005472,CUST_00841,2023-09-07,Home & Kitchen,4,123.58,494.32,completed,wallet
ORD_0005473,CUST_00065,2023-12-27,Books,1,82.83,82.83,completed,netbanking
ORD_0005474,CUST_01752,2023-12-20,Books,1,296.87,296.87,completed,card
ORD_0005475,CUST_01161,2024-05-27,Sports,1,13.1,13.1,completed,wallet
ORD_0005476,CUST_00729,2024-04-05,Home & Kitchen,3,176.5,529.5,cancelled,upi
ORD_0005477,CUST_00080,2024-06-28,Sports,1,242.53,242.53,returned,wallet
ORD_0005478,CUST_00267,2024-06-27,Beauty,3,432.47,1297.41,completed,card
ORD_0005479,CUST_01867,2024-06-13,Beauty,3,98.63,295.89,completed,wallet
ORD_0005480,CUST_01406,2024-06-19,Apparel,2,37.67,75.34,completed,wallet
ORD_0005481,CUST_00813,2023-11-24,Electronics,4,289.07,1156.28,completed,wallet
ORD_0005482,CUST_00122,2024-06-21,Books,5,342.58,1712.9,completed,card
ORD_0005483,CUST_01771,2024-06-12,Beauty,4,55.66,222.64,returned,card
ORD_0005484,CUST_01310,2024-05-24,Electronics,3,26.42,79.26,completed,upi
ORD_0005485,CUST_00303,2024-01-23,Home & Kitchen,4,454.99,1819.96,completed,netbanking
ORD_0005486,CUST_01563,2024-06-07,Books,3,78.66,235.98,completed,netbanking
ORD_0005487,CUST_00125,2024-06-05,Home & Kitchen,3,486.84,1460.52,completed,wallet
ORD_0005488,CUST_01377,2023-09-08,Books,1,50.02,50.02,completed,netbanking
ORD_0005489,CUST_01436,2024-04-10,Sports,2,361.34,722.68,completed,wallet
ORD_0005490,CUST_00704,2024-03-25,Sports,5,323.25,1616.25,completed,netbanking
ORD_0005491,CUST_01155,2024-06-28,Beauty,2,39.06,78.12,completed,netbanking
ORD_0005492,CUST_01806,2024-03-03,Sports,2,481.5,963.0,completed,upi
ORD_0005493,CUST_01563,2024-05-02,Electronics,1,404.84,404.84,completed,netbanking
ORD_0005494,CUST_01493,2023-08-20,Apparel,1,456.03,456.03,completed,upi
ORD_0005495,CUST_01236,2024-05-02,Home & Kitchen,4,355.39,1421.56,completed,netbanking
ORD_0005496,CUST_00466,2023-08-15,Home & Kitchen,2,300.63,601.26,completed,wallet
ORD_0005497,CUST_01076,2024-04-18,Beauty,4,349.67,1398.68,completed,card
ORD_0005498,CUST_00605,2024-06-16,Beauty,4,73.43,293.72,completed,wallet
ORD_0005499,CUST_01474,2023-12-27,Beauty,5,245.6,1228.0,returned,upi
ORD_0005500,CUST_01355,2024-06-11,Electronics,3,60.35,181.05,completed,card
ORD_0005501,CUST_00045,2024-05-17,Sports,5,290.42,1452.1,completed,upi
ORD_0005502,CUST_01257,2024-04-22,Apparel,2,293.67,587.34,completed,netbanking
ORD_0005503,CUST_00269,2023-09-21,Books,2,256.34,512.68,completed,netbanking
ORD_0005504,CUST_01967,2024-05-26,Apparel,1,484.07,484.07,completed,card
ORD_0005505,CUST_00004,2024-05-15,Sports,3,240.08,720.24,completed,netbanking
ORD_0005506,CUST_01571,2024-06-24,Apparel,5,374.25,1871.25,completed,netbanking
ORD_0005507,CUST_01828,2024-01-26,Beauty,3,481.01,1443.03,completed,upi
ORD_0005508,CUST_00588,2024-02-01,Beauty,3,144.85,434.55,returned,card
ORD_0005509,CUST_01053,2024-06-15,Beauty,1,213.05,213.05,completed,upi
ORD_0005510,CUST_01211,2024-01-08,Apparel,5,327.74,1638.7,completed,wallet
ORD_0005511,CUST_01106,2023-12-16,Beauty,3,313.48,940.44,completed,card
ORD_0005512,CUST_00320,2024-06-28,Electronics,2,45.92,91.84,completed,upi
ORD_0005513,CUST_00806,2023-12-23,Beauty,2,56.37,112.74,completed,netbanking
ORD_0005514,CUST_00525,2024-02-08,Sports,4,487.58,1950.32,completed,wallet
ORD_0005515,CUST_01302,2024-05-21,Home & Kitchen,1,248.91,248.91,returned,wallet
ORD_0005516,CUST_00052,2024-06-28,Beauty,3,474.02,1422.06,completed,wallet
ORD_0005517,CUST_01911,2024-01-08,Apparel,4,337.67,1350.68,completed,upi
ORD_0005518,CUST_01909,2023-12-24,Home & Kitchen,2,73.69,147.38,completed,card
ORD_0005519,CUST_01962,2024-06-16,Home & Kitchen,5,267.38,1336.9,completed,card
ORD_0005520,CUST_00986,2024-02-26,Beauty,5,499.38,2496.9,returned,upi
ORD_0005521,CUST_00904,2024-05-06,Beauty,5,254.38,1271.9,completed,upi
ORD_0005522,CUST_01271,2024-05-24,Apparel,5,222.97,1114.85,completed,card
ORD_0005523,CUST_01661,2024-04-12,Home & Kitchen,3,187.34,562.02,completed,upi
ORD_0005524,CUST_01039,2024-02-28,Sports,4,486.81,1947.24,completed,upi
ORD_0005525,CUST_00819,2023-09-27,Books,5,18.74,93.7,returned,netbanking
ORD_0005526,CUST_00215,2024-03-27,Home & Kitchen,5,364.5,1822.5,completed,netbanking
ORD_0005527,CUST_00915,2024-06-15,Home & Kitchen,4,479.28,1917.12,completed,upi
ORD_0005528,CUST_00396,2024-05-11,Books,1,488.24,488.24,completed,upi
ORD_0005529,CUST_00146,2024-06-28,Books,2,324.15,648.3,completed,wallet
ORD_0005530,CUST_01802,2023-11-11,Beauty,5,417.59,2087.95,completed,wallet
ORD_0005531,CUST_00778,2023-10-13,Electronics,1,79.81,79.81,returned,card
ORD_0005532,CUST_00352,2024-02-29,Beauty,5,217.82,1089.1,completed,netbanking
ORD_0005533,CUST_01819,2024-06-22,Books,5,338.45,1692.25,completed,card
ORD_0005534,CUST_00719,2023-06-11,Apparel,2,471.72,943.44,completed,card
ORD_0005535,CUST_01792,2024-05-24,Sports,4,104.7,418.8,completed,netbanking
ORD_0005536,CUST_01844,2023-11-20,Books,4,418.99,1675.96,cancelled,upi
ORD_0005537,CUST_00350,2024-04-09,Beauty,4,320.5,1282.0,completed,wallet
ORD_0005538,CUST_00588,2024-04-11,Sports,2,97.69,195.38,completed,wallet
ORD_0005539,CUST_00650,2024-03-09,Home & Kitchen,1,47.58,47.58,completed,netbanking
ORD_0005540,CUST_01556,2024-05-21,Apparel,2,274.13,548.26,returned,card
ORD_0005541,CUST_00911,2024-04-10,Beauty,4,305.26,1221.04,completed,netbanking
ORD_0005542,CUST_00515,2024-02-23,Sports,1,300.91,300.91,completed,netbanking
ORD_0005543,CUST_00647,2024-06-28,Home & Kitchen,4,96.14,384.56,completed,netbanking
ORD_0005544,CUST_00013,2024-05-13,Books,2,385.78,771.56,cancelled,card
ORD_0005545,CUST_01729,2024-03-04,Apparel,4,428.31,1713.24,completed,wallet
ORD_0005546,CUST_01082,2024-04-13,Electronics,1,327.05,327.05,completed,card
ORD_0005547,CUST_01835,2024-05-28,Beauty,2,181.28,362.56,returned,card
ORD_0005548,CUST_01921,2024-04-18,Books,1,329.97,329.97,completed,card
ORD_0005549,CUST_00977,2024-05-16,Home & Kitchen,5,61.64,308.2,returned,netbanking
ORD_0005550,CUST_00849,2023-12-27,Books,1,313.42,313.42,completed,wallet
ORD_0005551,CUST_01631,2023-05-06,Electronics,1,362.75,362.75,completed,upi
ORD_0005552,CUST_00558,2024-02-22,Apparel,1,10.48,10.48,completed,netbanking
ORD_0005553,CUST_00701,2024-02-28,Books,4,350.24,1400.96,completed,wallet
ORD_0005554,CUST_00743,2024-06-28,Sports,2,365.3,730.6,completed,wallet
ORD_0005555,CUST_01996,2024-01-04,Home & Kitchen,1,384.6,384.6,completed,netbanking
ORD_0005556,CUST_01259,2023-07-17,Electronics,2,128.23,256.46,completed,netbanking
ORD_0005557,CUST_01826,2024-05-16,Apparel,4,382.76,1531.04,completed,wallet
ORD_0005558,CUST_01304,2023-05-28,Books,4,420.54,1682.16,cancelled,netbanking
ORD_0005559,CUST_00452,2024-03-26,Electronics,2,419.81,839.62,completed,netbanking
ORD_0005560,CUST_00338,2024-01-31,Books,5,10.02,50.1,completed,card
ORD_0005561,CUST_01301,2024-05-05,Electronics,2,293.59,587.18,cancelled,wallet
ORD_0005562,CUST_00229,2024-05-15,Electronics,1,244.7,244.7,completed,card
ORD_0005563,CUST_00814,2023-05-12,Books,2,222.39,444.78,completed,card
ORD_0005564,CUST_00552,2024-03-25,Sports,1,235.45,235.45,completed,wallet
ORD_0005565,CUST_00908,2024-06-23,Electronics,4,340.61,1362.44,completed,netbanking
ORD_0005566,CUST_00845,2024-01-24,Sports,1,288.17,288.17,completed,card
ORD_0005567,CUST_01126,2024-04-24,Electronics,3,311.77,935.31,returned,upi
ORD_0005568,CUST_01240,2024-03-16,Beauty,2,19.01,38.02,completed,netbanking
ORD_0005569,CUST_01459,2024-05-14,Sports,4,426.25,1705.0,completed,upi
ORD_0005570,CUST_00525,2024-01-22,Books,4,180.62,722.48,cancelled,wallet
ORD_0005571,CUST_01102,2024-03-21,Books,4,498.14,1992.56,cancelled,upi
ORD_0005572,CUST_01923,2024-06-07,Electronics,2,15.97,31.94,completed,wallet
ORD_0005573,CUST_00133,2024-02-18,Home & Kitchen,3,249.17,747.51,completed,netbanking
ORD_0005574,CUST_00033,2023-05-23,Apparel,2,427.48,854.96,completed,upi
ORD_0005575,CUST_01489,2024-06-15,Home & Kitchen,1,42.15,42.15,completed,card
ORD_0005576,CUST_00568,2024-06-25,Sports,5,88.09,440.45,completed,netbanking
ORD_0005577,CUST_01541,2024-06-17,Sports,4,161.2,644.8,completed,card
ORD_0005578,CUST_01313,2024-04-25,Home & Kitchen,4,49.06,196.24,completed,netbanking
ORD_0005579,CUST_01373,2023-07-07,Home & Kitchen,2,333.71,667.42,returned,wallet
ORD_0005580,CUST_01309,2024-04-01,Electronics,4,491.85,1967.4,completed,card
ORD_0005581,CUST_01807,2024-06-22,Sports,1,188.63,188.63,completed,upi
ORD_0005582,CUST_00781,2024-05-30,Electronics,5,403.62,2018.1,completed,wallet
ORD_0005583,CUST_01217,2024-05-14,Home & Kitchen,3,221.77,665.31,completed,netbanking
ORD_0005584,CUST_00123,2024-05-29,Sports,3,344.34,1033.02,completed,card
ORD_0005585,CUST_01239,2023-09-11,Apparel,5,134.92,674.6,completed,card
ORD_0005586,CUST_01773,2024-06-26,Beauty,1,314.89,314.89,completed,card
ORD_0005587,CUST_00044,2024-05-28,Electronics,4,479.03,1916.12,completed,card
ORD_0005588,CUST_01828,2023-12-23,Books,3,431.46,1294.38,returned,wallet
ORD_0005589,CUST_01784,2024-05-24,Books,1,60.37,60.37,completed,netbanking
ORD_0005590,CUST_00335,2023-01-06,Books,4,445.39,1781.56,completed,card
ORD_0005591,CUST_00702,2024-02-29,Home & Kitchen,3,281.63,844.89,cancelled,card
ORD_0005592,CUST_00523,2024-02-06,Beauty,4,247.41,989.64,completed,netbanking
ORD_0005593,CUST_01438,2024-05-17,Electronics,2,149.58,299.16,completed,card
ORD_0005594,CUST_00405,2024-03-19,Sports,3,41.6,124.8,returned,card
ORD_0005595,CUST_00917,2024-02-06,Books,5,283.6,1418.0,completed,upi
ORD_0005596,CUST_01406,2024-02-20,Books,5,158.83,794.15,completed,card
ORD_0005597,CUST_01250,2024-02-18,Home & Kitchen,5,482.97,2414.85,returned,upi
ORD_0005598,CUST_00371,2024-06-21,Electronics,1,303.54,303.54,completed,upi
ORD_0005599,CUST_01764,2024-06-27,Home & Kitchen,4,123.87,495.48,cancelled,upi
ORD_0005600,CUST_00297,2024-06-08,Books,4,351.7,1406.8,completed,netbanking
ORD_0005601,CUST_01183,2023-12-13,Apparel,2,217.09,434.18,completed,netbanking
ORD_0005602,CUST_01519,2024-06-04,Home & Kitchen,3,107.26,321.78,completed,upi
ORD_0005603,CUST_00188,2023-10-03,Electronics,5,320.45,1602.25,completed,netbanking
ORD_0005604,CUST_00978,2023-12-21,Electronics,5,145.46,727.3,completed,netbanking
ORD_0005605,CUST_01782,2023-11-02,Home & Kitchen,2,315.05,630.1,cancelled,upi
ORD_0005606,CUST_00322,2024-03-03,Sports,4,187.18,748.72,completed,wallet
ORD_0005607,CUST_00497,2023-11-21,Apparel,4,166.6,666.4,returned,upi
ORD_0005608,CUST_01396,2024-06-25,Apparel,2,82.12,164.24,completed,upi
ORD_0005609,CUST_00197,2024-04-12,Beauty,2,288.77,577.54,completed,wallet
ORD_0005610,CUST_00668,2024-05-02,Books,2,280.33,560.66,completed,upi
ORD_0005611,CUST_00766,2023-12-24,Home & Kitchen,1,215.95,215.95,returned,netbanking
ORD_0005612,CUST_01580,2024-01-28,Home & Kitchen,5,31.7,158.5,completed,upi
ORD_0005613,CUST_01256,2024-05-12,Beauty,1,243.16,243.16,completed,wallet
ORD_0005614,CUST_00384,2023-12-22,Beauty,3,265.56,796.68,completed,upi
ORD_0005615,CUST_01777,2024-06-15,Books,4,21.41,85.64,returned,upi
ORD_0005616,CUST_01291,2024-05-03,Books,3,435.77,1307.31,completed,wallet
ORD_0005617,CUST_00040,2024-03-06,Sports,1,189.91,189.91,completed,upi
ORD_0005618,CUST_00857,2024-01-08,Beauty,2,469.16,938.32,completed,wallet
ORD_0005619,CUST_00943,2024-06-05,Home & Kitchen,1,41.11,41.11,completed,upi
ORD_0005620,CUST_01303,2024-05-09,Apparel,1,494.21,494.21,returned,card
ORD_0005621,CUST_01699,2023-12-14,Home & Kitchen,4,243.62,974.48,completed,wallet
ORD_0005622,CUST_00434,2024-04-10,Books,4,53.97,215.88,cancelled,wallet
ORD_0005623,CUST_00017,2024-03-24,Beauty,1,432.24,432.24,cancelled,netbanking
ORD_0005624,CUST_00509,2024-06-12,Sports,2,274.41,548.82,completed,card
ORD_0005625,CUST_01635,2024-04-09,Apparel,2,330.8,661.6,cancelled,wallet
ORD_0005626,CUST_01641,2024-04-13,Home & Kitchen,4,347.08,1388.32,returned,wallet
ORD_0005627,CUST_01623,2023-11-12,Home & Kitchen,3,405.14,1215.42,completed,netbanking
ORD_0005628,CUST_01899,2024-05-15,Apparel,2,470.26,940.52,completed,upi
ORD_0005629,CUST_01608,2024-03-12,Beauty,4,417.24,1668.96,completed,upi
ORD_0005630,CUST_01205,2024-04-11,Sports,4,69.78,279.12,completed,card
ORD_0005631,CUST_01145,2024-06-17,Books,1,458.75,458.75,completed,upi
ORD_0005632,CUST_01240,2024-04-19,Electronics,3,176.53,529.59,cancelled,upi
ORD_0005633,CUST_01063,2023-07-17,Books,5,79.03,395.15,completed,wallet
ORD_0005634,CUST_00031,2024-03-14,Home & Kitchen,2,247.51,495.02,completed,card
ORD_0005635,CUST_01537,2023-12-05,Apparel,2,216.53,433.06,completed,netbanking
ORD_0005636,CUST_00772,2024-06-15,Beauty,3,329.15,987.45,completed,upi
ORD_0005637,CUST_00648,2024-05-23,Books,1,346.41,346.41,completed,card
ORD_0005638,CUST_00288,2024-02-02,Sports,3,92.36,277.08,completed,card
ORD_0005639,CUST_01388,2024-06-12,Sports,5,382.24,1911.2,cancelled,card
ORD_0005640,CUST_01076,2023-11-30,Electronics,1,443.34,443.34,completed,netbanking
ORD_0005641,CUST_01221,2023-11-26,Electronics,2,354.95,709.9,completed,wallet
ORD_0005642,CUST_01048,2024-04-11,Sports,5,328.57,1642.85,completed,netbanking
ORD_0005643,CUST_00535,2024-05-27,Books,3,112.61,337.83,completed,card
ORD_0005644,CUST_01722,2023-10-14,Beauty,2,221.44,442.88,completed,wallet
ORD_0005645,CUST_01749,2024-05-25,Apparel,2,433.35,866.7,completed,card
ORD_0005646,CUST_01465,2024-04-11,Sports,1,345.12,345.12,completed,netbanking
ORD_0005647,CUST_00478,2024-06-02,Electronics,3,352.22,1056.66,completed,wallet
ORD_0005648,CUST_01168,2024-06-06,Books,3,479.68,1439.04,completed,netbanking
ORD_0005649,CUST_00362,2023-07-21,Electronics,5,69.54,347.7,completed,wallet
ORD_0005650,CUST_00572,2023-12-26,Beauty,2,303.2,606.4,cancelled,upi
ORD_0005651,CUST_00215,2024-01-12,Home & Kitchen,2,482.61,965.22,completed,wallet
ORD_0005652,CUST_00634,2023-11-07,Apparel,1,116.42,116.42,completed,card
ORD_0005653,CUST_00273,2023-06-17,Books,4,268.62,1074.48,completed,card
ORD_0005654,CUST_00632,2023-06-30,Books,2,435.63,871.26,returned,card
ORD_0005655,CUST_01788,2023-12-22,Apparel,5,165.55,827.75,completed,upi
ORD_0005656,CUST_00050,2024-06-27,Home & Kitchen,3,67.0,201.0,completed,wallet
ORD_0005657,CUST_00343,2024-04-15,Sports,1,281.08,281.08,completed,netbanking
ORD_0005658,CUST_00462,2024-01-19,Electronics,1,19.11,19.11,completed,upi
ORD_0005659,CUST_01552,2024-05-30,Beauty,1,120.49,120.49,completed,upi
ORD_0005660,CUST_01113,2023-04-28,Books,1,115.5,115.5,cancelled,upi
ORD_0005661,CUST_00062,2024-05-10,Electronics,5,444.94,2224.7,returned,netbanking
ORD_0005662,CUST_00011,2023-07-26,Books,3,200.19,600.57,completed,upi
ORD_0005663,CUST_01672,2024-05-28,Books,1,468.47,468.47,completed,wallet
ORD_0005664,CUST_00321,2023-10-24,Beauty,3,188.58,565.74,completed,card
ORD_0005665,CUST_00889,2024-05-19,Apparel,3,122.05,366.15,completed,card
ORD_0005666,CUST_01956,2023-12-01,Home & Kitchen,2,216.38,432.76,cancelled,card
ORD_0005667,CUST_00640,2024-05-23,Electronics,3,195.14,585.42,completed,card
ORD_0005668,CUST_01800,2024-06-03,Home & Kitchen,1,406.96,406.96,completed,upi
ORD_0005669,CUST_01347,2024-06-28,Books,1,299.91,299.91,completed,upi
ORD_0005670,CUST_00601,2024-02-04,Beauty,4,161.6,646.4,returned,netbanking
ORD_0005671,CUST_01162,2024-04-27,Apparel,4,175.33,701.32,completed,upi
ORD_0005672,CUST_01629,2024-06-07,Sports,2,333.85,667.7,cancelled,netbanking
ORD_0005673,CUST_00985,2024-02-10,Electronics,2,118.42,236.84,completed,card
ORD_0005674,CUST_01439,2023-03-19,Home & Kitchen,1,399.74,399.74,completed,upi
ORD_0005675,CUST_01397,2024-03-10,Electronics,4,186.67,746.68,completed,wallet
ORD_0005676,CUST_01064,2023-10-01,Home & Kitchen,1,141.31,141.31,completed,card
ORD_0005677,CUST_00462,2024-03-21,Home & Kitchen,3,434.94,1304.82,completed,netbanking
ORD_0005678,CUST_00796,2024-01-13,Sports,2,38.73,77.46,completed,card
ORD_0005679,CUST_00288,2024-02-01,Books,2,11.06,22.12,cancelled,card
ORD_0005680,CUST_01229,2024-03-17,Electronics,5,466.34,2331.7,completed,card
ORD_0005681,CUST_01727,2023-07-17,Electronics,4,385.15,1540.6,completed,netbanking
ORD_0005682,CUST_00246,2023-08-28,Books,4,409.22,1636.88,completed,netbanking
ORD_0005683,CUST_01644,2024-06-06,Books,3,206.6,619.8,completed,upi
ORD_0005684,CUST_01380,2024-03-01,Home & Kitchen,5,317.36,1586.8,cancelled,wallet
ORD_0005685,CUST_00709,2024-03-31,Beauty,5,441.07,2205.35,completed,wallet
ORD_0005686,CUST_01607,2023-12-31,Electronics,1,79.66,79.66,completed,wallet
ORD_0005687,CUST_00165,2023-01-26,Beauty,2,197.88,395.76,completed,netbanking
ORD_0005688,CUST_01000,2024-02-14,Home & Kitchen,3,53.3,159.9,completed,wallet
ORD_0005689,CUST_00236,2024-06-14,Home & Kitchen,4,469.44,1877.76,completed,netbanking
ORD_0005690,CUST_00745,2024-05-28,Sports,3,184.0,552.0,cancelled,card
ORD_0005691,CUST_00298,2024-05-03,Home & Kitchen,4,362.25,1449.0,completed,upi
ORD_0005692,CUST_01995,2024-05-30,Home & Kitchen,4,456.51,1826.04,completed,wallet
ORD_0005693,CUST_01409,2023-05-05,Books,5,134.55,672.75,completed,card
ORD_0005694,CUST_01954,2024-06-21,Apparel,1,287.08,287.08,completed,card
ORD_0005695,CUST_01321,2024-02-03,Books,1,139.41,139.41,completed,wallet
ORD_0005696,CUST_00085,2023-09-18,Books,2,214.98,429.96,completed,wallet
ORD_0005697,CUST_00122,2024-04-05,Home & Kitchen,1,92.02,92.02,completed,netbanking
ORD_0005698,CUST_01860,2024-01-24,Beauty,1,102.21,102.21,completed,wallet
ORD_0005699,CUST_00382,2024-03-15,Sports,5,23.79,118.95,completed,card
ORD_0005700,CUST_01008,2024-03-20,Electronics,3,342.68,1028.04,completed,wallet
ORD_0005701,CUST_01258,2024-02-25,Home & Kitchen,3,387.96,1163.88,completed,card
ORD_0005702,CUST_00913,2024-04-04,Sports,5,110.03,550.15,completed,card
ORD_0005703,CUST_00054,2024-04-13,Books,2,402.65,805.3,completed,netbanking
ORD_0005704,CUST_00889,2024-05-10,Books,2,407.96,815.92,completed,netbanking
ORD_0005705,CUST_01477,2024-03-09,Books,4,194.24,776.96,completed,netbanking
ORD_0005706,CUST_00784,2023-10-22,Sports,3,450.48,1351.44,completed,netbanking
ORD_0005707,CUST_00119,2023-12-03,Sports,3,131.42,394.26,completed,upi
ORD_0005708,CUST_00730,2024-04-30,Sports,1,441.5,441.5,returned,wallet
ORD_0005709,CUST_00246,2023-05-01,Beauty,2,265.26,530.52,completed,card
ORD_0005710,CUST_00514,2024-01-03,Apparel,5,341.32,1706.6,completed,netbanking
ORD_0005711,CUST_00289,2024-04-26,Beauty,2,100.96,201.92,returned,wallet
ORD_0005712,CUST_00691,2024-03-24,Electronics,1,272.98,272.98,returned,card
ORD_0005713,CUST_01596,2024-05-06,Apparel,2,269.73,539.46,returned,card
ORD_0005714,CUST_01742,2024-06-21,Books,2,17.4,34.8,completed,card
ORD_0005715,CUST_01504,2024-05-28,Apparel,2,407.8,815.6,completed,netbanking
ORD_0005716,CUST_00039,2024-04-12,Books,4,322.29,1289.16,completed,upi
ORD_0005717,CUST_01426,2023-05-18,Electronics,5,433.87,2169.35,completed,netbanking
ORD_0005718,CUST_00027,2024-06-11,Electronics,1,293.52,293.52,completed,wallet
ORD_0005719,CUST_00601,2024-04-03,Home & Kitchen,3,468.73,1406.19,completed,wallet
ORD_0005720,CUST_01211,2023-10-18,Books,3,131.13,393.39,completed,wallet
ORD_0005721,CUST_00425,2024-01-22,Beauty,2,67.05,134.1,cancelled,netbanking
ORD_0005722,CUST_01526,2024-06-15,Sports,4,252.71,1010.84,completed,wallet
ORD_0005723,CUST_01280,2023-08-20,Beauty,5,194.79,973.95,completed,upi
ORD_0005724,CUST_01467,2024-03-28,Home & Kitchen,2,92.02,184.04,cancelled,wallet
ORD_0005725,CUST_01549,2024-06-17,Beauty,2,341.42,682.84,completed,card
ORD_0005726,CUST_00669,2024-01-18,Beauty,4,384.74,1538.96,returned,card
ORD_0005727,CUST_01893,2024-03-01,Home & Kitchen,1,345.75,345.75,completed,wallet
ORD_0005728,CUST_00814,2024-05-06,Sports,2,83.64,167.28,completed,wallet
ORD_0005729,CUST_00788,2024-06-23,Beauty,1,324.05,324.05,completed,netbanking
ORD_0005730,CUST_01660,2023-12-22,Electronics,5,60.59,302.95,completed,netbanking
ORD_0005731,CUST_00382,2024-03-25,Books,4,377.17,1508.68,completed,upi
ORD_0005732,CUST_00948,2024-05-08,Apparel,5,32.17,160.85,cancelled,netbanking
ORD_0005733,CUST_00395,2023-10-31,Beauty,1,102.33,102.33,completed,card
ORD_0005734,CUST_01649,2024-03-22,Electronics,5,80.01,400.05,completed,netbanking
ORD_0005735,CUST_00945,2024-03-07,Apparel,2,22.32,44.64,completed,wallet
ORD_0005736,CUST_01815,2024-05-29,Home & Kitchen,2,369.15,738.3,completed,netbanking
ORD_0005737,CUST_01909,2024-01-29,Books,4,436.69,1746.76,returned,upi
ORD_0005738,CUST_00132,2024-04-02,Home & Kitchen,4,260.8,1043.2,completed,wallet
ORD_0005739,CUST_00825,2023-11-15,Electronics,4,322.16,1288.64,completed,netbanking
ORD_0005740,CUST_00458,2024-05-09,Home & Kitchen,2,32.21,64.42,completed,netbanking
ORD_0005741,CUST_00971,2024-06-04,Books,1,208.24,208.24,completed,card
ORD_0005742,CUST_01823,2024-06-16,Sports,3,449.55,1348.65,completed,card
ORD_0005743,CUST_01539,2024-06-19,Books,2,147.83,295.66,returned,upi
ORD_0005744,CUST_01139,2024-06-14,Books,2,221.78,443.56,completed,wallet
ORD_0005745,CUST_00070,2024-05-25,Books,5,234.17,1170.85,returned,card
ORD_0005746,CUST_00537,2024-05-08,Sports,2,347.87,695.74,completed,wallet
ORD_0005747,CUST_01866,2024-06-11,Apparel,2,298.83,597.66,completed,card
ORD_0005748,CUST_00626,2024-04-19,Electronics,1,328.46,328.46,completed,upi
ORD_0005749,CUST_00568,2024-06-28,Books,1,330.71,330.71,completed,wallet
ORD_0005750,CUST_00523,2024-01-21,Apparel,2,365.41,730.82,completed,wallet
ORD_0005751,CUST_01137,2024-05-02,Beauty,2,440.11,880.22,completed,upi
ORD_0005752,CUST_01819,2024-06-16,Beauty,2,321.46,642.92,completed,card
ORD_0005753,CUST_01144,2023-06-17,Apparel,3,179.21,537.63,completed,upi
ORD_0005754,CUST_00748,2024-06-19,Apparel,5,132.03,660.15,completed,wallet
ORD_0005755,CUST_00997,2024-03-21,Apparel,4,35.15,140.6,completed,netbanking
ORD_0005756,CUST_00149,2024-05-31,Electronics,5,232.98,1164.9,completed,wallet
ORD_0005757,CUST_00635,2024-03-19,Beauty,4,88.32,353.28,completed,card
ORD_0005758,CUST_00008,2023-10-23,Electronics,1,131.6,131.6,completed,card
ORD_0005759,CUST_00356,2024-06-19,Books,5,337.9,1689.5,completed,upi
ORD_0005760,CUST_01233,2024-05-14,Beauty,5,171.17,855.85,completed,card
ORD_0005761,CUST_01592,2024-06-28,Apparel,2,483.11,966.22,completed,card
ORD_0005762,CUST_00561,2024-05-14,Sports,5,180.69,903.45,completed,wallet
ORD_0005763,CUST_01209,2024-04-30,Apparel,2,129.05,258.1,completed,upi
ORD_0005764,CUST_01296,2024-03-10,Beauty,5,213.01,1065.05,completed,wallet
ORD_0005765,CUST_01638,2023-06-22,Beauty,2,496.76,993.52,completed,card
ORD_0005766,CUST_00133,2024-05-25,Electronics,3,198.99,596.97,cancelled,netbanking
ORD_0005767,CUST_01442,2023-09-22,Electronics,2,285.06,570.12,completed,wallet
ORD_0005768,CUST_00216,2023-12-26,Apparel,1,493.73,493.73,completed,upi
ORD_0005769,CUST_00584,2024-06-20,Books,3,256.85,770.55,completed,wallet
ORD_0005770,CUST_01116,2024-06-09,Apparel,1,245.02,245.02,returned,upi
ORD_0005771,CUST_01634,2024-05-25,Electronics,4,484.73,1938.92,completed,upi
ORD_0005772,CUST_01252,2024-05-28,Beauty,3,323.89,971.67,completed,card
ORD_0005773,CUST_00874,2023-10-26,Beauty,4,152.96,611.84,completed,netbanking
ORD_0005774,CUST_01320,2024-05-28,Beauty,4,208.28,833.12,completed,upi
ORD_0005775,CUST_00975,2024-05-03,Sports,4,392.71,1570.84,completed,upi
ORD_0005776,CUST_00702,2024-01-31,Books,4,246.0,984.0,returned,netbanking
ORD_0005777,CUST_01153,2024-03-13,Home & Kitchen,5,145.51,727.55,completed,wallet
ORD_0005778,CUST_00151,2024-05-24,Apparel,5,456.87,2284.35,completed,netbanking
ORD_0005779,CUST_01109,2024-06-29,Sports,2,103.14,206.28,returned,wallet
ORD_0005780,CUST_00077,2024-02-29,Home & Kitchen,2,141.64,283.28,completed,netbanking
ORD_0005781,CUST_01706,2024-02-19,Apparel,4,323.8,1295.2,completed,wallet
ORD_0005782,CUST_01664,2024-05-23,Sports,2,312.74,625.48,completed,card
ORD_0005783,CUST_01871,2024-03-23,Apparel,1,364.4,364.4,completed,wallet
ORD_0005784,CUST_00427,2024-06-11,Electronics,2,298.65,597.3,completed,card
ORD_0005785,CUST_00623,2023-09-27,Beauty,4,135.17,540.68,completed,card
ORD_0005786,CUST_01050,2024-04-04,Electronics,4,166.21,664.84,completed,wallet
ORD_0005787,CUST_01591,2023-08-07,Books,5,414.5,2072.5,returned,card
ORD_0005788,CUST_01775,2024-06-20,Apparel,5,111.41,557.05,completed,upi
ORD_0005789,CUST_00262,2023-12-21,Books,1,91.56,91.56,completed,netbanking
ORD_0005790,CUST_00372,2024-05-11,Books,1,42.31,42.31,completed,netbanking
ORD_0005791,CUST_00748,2024-06-02,Books,4,157.62,630.48,completed,upi
ORD_0005792,CUST_01138,2023-03-31,Beauty,1,345.88,345.88,completed,card
ORD_0005793,CUST_01607,2024-03-09,Home & Kitchen,4,39.06,156.24,cancelled,wallet
ORD_0005794,CUST_00431,2024-01-05,Sports,3,66.73,200.19,completed,card
ORD_0005795,CUST_01529,2024-04-30,Books,4,415.73,1662.92,returned,card
ORD_0005796,CUST_01352,2024-01-18,Books,2,491.87,983.74,completed,card
ORD_0005797,CUST_01648,2024-04-08,Home & Kitchen,3,153.01,459.03,completed,wallet
ORD_0005798,CUST_01439,2024-06-10,Home & Kitchen,1,260.02,260.02,completed,wallet
ORD_0005799,CUST_01776,2024-05-14,Home & Kitchen,3,234.49,703.47,completed,card
ORD_0005800,CUST_00788,2024-06-25,Apparel,2,141.47,282.94,completed,netbanking
ORD_0005801,CUST_00399,2024-02-01,Beauty,5,277.8,1389.0,completed,wallet
ORD_0005802,CUST_01206,2024-03-25,Sports,4,365.7,1462.8,completed,card
ORD_0005803,CUST_01053,2024-04-17,Electronics,3,263.58,790.74,completed,netbanking
ORD_0005804,CUST_01310,2024-05-11,Apparel,2,215.32,430.64,cancelled,wallet
ORD_0005805,CUST_00533,2024-06-08,Beauty,1,77.67,77.67,completed,upi
ORD_0005806,CUST_01775,2024-06-18,Apparel,5,37.69,188.45,completed,upi
ORD_0005807,CUST_01801,2023-04-29,Home & Kitchen,5,326.81,1634.05,completed,card
ORD_0005808,CUST_01406,2024-01-22,Home & Kitchen,1,397.62,397.62,cancelled,netbanking
ORD_0005809,CUST_00677,2024-02-16,Electronics,5,309.3,1546.5,returned,wallet
ORD_0005810,CUST_00380,2023-11-06,Sports,4,199.8,799.2,completed,upi
ORD_0005811,CUST_00118,2024-03-13,Home & Kitchen,2,471.15,942.3,completed,upi
ORD_0005812,CUST_00906,2023-12-11,Electronics,3,63.48,190.44,completed,upi
ORD_0005813,CUST_00818,2024-04-13,Books,4,246.8,987.2,cancelled,netbanking
ORD_0005814,CUST_01648,2024-06-28,Beauty,2,374.25,748.5,cancelled,netbanking
ORD_0005815,CUST_01783,2024-06-24,Books,4,244.92,979.68,completed,wallet
ORD_0005816,CUST_00966,2023-09-01,Sports,3,391.93,1175.79,cancelled,upi
ORD_0005817,CUST_00062,2024-06-09,Beauty,3,173.89,521.67,completed,upi
ORD_0005818,CUST_01103,2024-04-11,Home & Kitchen,5,442.86,2214.3,returned,upi
ORD_0005819,CUST_01147,2024-06-27,Sports,5,77.73,388.65,completed,netbanking
ORD_0005820,CUST_01958,2024-06-09,Books,2,340.78,681.56,completed,wallet
ORD_0005821,CUST_01723,2024-04-19,Books,5,495.17,2475.85,completed,card
ORD_0005822,CUST_01064,2024-04-22,Apparel,4,263.92,1055.68,completed,card
ORD_0005823,CUST_01955,2024-06-10,Apparel,1,274.21,274.21,completed,card
ORD_0005824,CUST_01528,2024-04-12,Electronics,5,149.79,748.95,completed,netbanking
ORD_0005825,CUST_00534,2024-03-09,Electronics,3,101.26,303.78,completed,netbanking
ORD_0005826,CUST_00615,2023-11-14,Books,3,365.9,1097.7,completed,card
ORD_0005827,CUST_00125,2024-03-01,Beauty,3,133.74,401.22,completed,wallet
ORD_0005828,CUST_00568,2024-06-25,Electronics,4,165.62,662.48,returned,upi
ORD_0005829,CUST_01252,2023-08-10,Electronics,3,197.09,591.27,completed,upi
ORD_0005830,CUST_01145,2024-05-31,Sports,2,163.92,327.84,cancelled,card
ORD_0005831,CUST_01385,2024-01-30,Home & Kitchen,5,329.56,1647.8,completed,wallet
ORD_0005832,CUST_00941,2023-10-14,Electronics,4,185.52,742.08,completed,upi
ORD_0005833,CUST_01717,2024-06-19,Books,2,492.7,985.4,cancelled,wallet
ORD_0005834,CUST_01716,2024-03-24,Books,3,388.86,1166.58,returned,card
ORD_0005835,CUST_01563,2024-06-20,Books,4,42.84,171.36,completed,wallet
ORD_0005836,CUST_01498,2024-01-01,Books,5,211.46,1057.3,returned,upi
ORD_0005837,CUST_01568,2024-04-06,Sports,4,111.73,446.92,completed,card
ORD_0005838,CUST_01922,2024-02-09,Books,2,374.66,749.32,completed,wallet
ORD_0005839,CUST_00621,2023-07-07,Books,5,133.89,669.45,completed,netbanking
ORD_0005840,CUST_01162,2024-06-18,Home & Kitchen,4,24.84,99.36,completed,netbanking
ORD_0005841,CUST_00551,2024-04-30,Beauty,3,483.24,1449.72,completed,card
ORD_0005842,CUST_00271,2024-05-30,Electronics,4,196.33,785.32,returned,card
ORD_0005843,CUST_01737,2024-01-07,Sports,2,433.37,866.74,completed,netbanking
ORD_0005844,CUST_01880,2024-04-28,Electronics,2,270.98,541.96,completed,upi
ORD_0005845,CUST_01686,2024-03-29,Books,3,130.58,391.74,completed,netbanking
ORD_0005846,CUST_01297,2023-12-19,Sports,4,267.06,1068.24,completed,card
ORD_0005847,CUST_00079,2023-10-16,Apparel,5,93.0,465.0,completed,netbanking
ORD_0005848,CUST_00273,2023-12-11,Electronics,1,475.29,475.29,cancelled,wallet
ORD_0005849,CUST_00670,2024-05-20,Apparel,3,350.63,1051.89,completed,wallet
ORD_0005850,CUST_01999,2024-05-25,Beauty,2,245.37,490.74,cancelled,upi
ORD_0005851,CUST_01648,2024-04-23,Home & Kitchen,2,127.11,254.22,completed,netbanking
ORD_0005852,CUST_01853,2023-07-14,Home & Kitchen,1,55.89,55.89,completed,netbanking
ORD_0005853,CUST_00917,2024-02-24,Beauty,4,51.14,204.56,completed,upi
ORD_0005854,CUST_01811,2024-03-15,Home & Kitchen,1,368.36,368.36,completed,upi
ORD_0005855,CUST_00160,2024-06-14,Beauty,3,40.86,122.58,cancelled,wallet
ORD_0005856,CUST_01819,2024-05-25,Home & Kitchen,2,322.83,645.66,returned,upi
ORD_0005857,CUST_00524,2024-04-23,Home & Kitchen,4,191.02,764.08,completed,card
ORD_0005858,CUST_00262,2023-06-15,Sports,2,382.8,765.6,completed,wallet
ORD_0005859,CUST_00932,2024-05-21,Beauty,4,137.54,550.16,completed,upi
ORD_0005860,CUST_01445,2024-02-26,Home & Kitchen,5,66.11,330.55,completed,netbanking
ORD_0005861,CUST_00435,2023-12-08,Home & Kitchen,3,414.51,1243.53,completed,wallet
ORD_0005862,CUST_00257,2024-04-03,Beauty,4,404.98,1619.92,completed,card
ORD_0005863,CUST_01712,2024-04-29,Sports,2,393.25,786.5,completed,wallet
ORD_0005864,CUST_01629,2024-06-02,Home & Kitchen,1,129.97,129.97,completed,wallet
ORD_0005865,CUST_01378,2023-12-11,Beauty,5,53.21,266.05,completed,netbanking
ORD_0005866,CUST_01432,2024-04-04,Electronics,2,338.23,676.46,completed,netbanking
ORD_0005867,CUST_01575,2024-02-06,Electronics,4,359.07,1436.28,completed,wallet
ORD_0005868,CUST_01264,2023-12-20,Sports,4,63.23,252.92,cancelled,netbanking
ORD_0005869,CUST_01580,2024-05-06,Apparel,2,323.19,646.38,completed,card
ORD_0005870,CUST_00476,2023-06-20,Books,3,272.21,816.63,completed,netbanking
ORD_0005871,CUST_00556,2024-06-28,Beauty,2,278.04,556.08,completed,card
ORD_0005872,CUST_00126,2023-08-15,Home & Kitchen,2,62.65,125.3,cancelled,card
ORD_0005873,CUST_01958,2024-06-26,Electronics,5,253.28,1266.4,returned,netbanking
ORD_0005874,CUST_01402,2023-10-16,Electronics,5,23.21,116.05,completed,netbanking
ORD_0005875,CUST_01299,2024-06-13,Beauty,2,473.33,946.66,completed,wallet
ORD_0005876,CUST_00292,2023-05-30,Beauty,3,343.85,1031.55,completed,netbanking
ORD_0005877,CUST_01924,2024-04-12,Home & Kitchen,2,445.17,890.34,completed,netbanking
ORD_0005878,CUST_00788,2024-05-15,Apparel,4,277.71,1110.84,returned,upi
ORD_0005879,CUST_01218,2023-10-19,Home & Kitchen,5,294.41,1472.05,completed,card
ORD_0005880,CUST_01185,2023-12-26,Sports,1,485.83,485.83,completed,wallet
ORD_0005881,CUST_01121,2024-01-06,Sports,5,461.34,2306.7,cancelled,card
ORD_0005882,CUST_01391,2024-06-17,Beauty,3,246.32,738.96,returned,upi
ORD_0005883,CUST_01237,2024-05-06,Beauty,5,107.29,536.45,returned,wallet
ORD_0005884,CUST_01667,2024-01-20,Beauty,5,430.02,2150.1,completed,wallet
ORD_0005885,CUST_01549,2024-06-16,Home & Kitchen,4,379.3,1517.2,returned,upi
ORD_0005886,CUST_01371,2024-01-12,Electronics,4,323.75,1295.0,returned,upi
ORD_0005887,CUST_00917,2023-11-02,Sports,5,405.53,2027.65,completed,wallet
ORD_0005888,CUST_01685,2024-02-25,Sports,1,399.38,399.38,returned,upi
ORD_0005889,CUST_00071,2024-02-07,Beauty,3,444.16,1332.48,returned,card
ORD_0005890,CUST_00517,2024-03-25,Books,5,456.48,2282.4,cancelled,upi
ORD_0005891,CUST_01190,2024-02-06,Sports,4,414.67,1658.68,completed,wallet
ORD_0005892,CUST_00390,2024-06-20,Beauty,1,83.02,83.02,completed,netbanking
ORD_0005893,CUST_00027,2024-06-06,Sports,2,321.36,642.72,completed,card
ORD_0005894,CUST_00248,2023-05-18,Apparel,2,38.37,76.74,completed,wallet
ORD_0005895,CUST_01864,2023-10-13,Beauty,5,343.74,1718.7,completed,wallet
ORD_0005896,CUST_01267,2024-06-02,Electronics,2,447.66,895.32,cancelled,wallet
ORD_0005897,CUST_00851,2024-06-25,Electronics,3,246.86,740.58,completed,upi
ORD_0005898,CUST_00710,2023-11-29,Home & Kitchen,4,177.4,709.6,completed,card
ORD_0005899,CUST_01114,2023-09-26,Apparel,1,477.3,477.3,completed,card
ORD_0005900,CUST_00155,2024-06-08,Sports,4,49.22,196.88,completed,card
ORD_0005901,CUST_00677,2023-07-12,Electronics,5,468.09,2340.45,returned,wallet
ORD_0005902,CUST_00605,2024-05-08,Beauty,4,439.37,1757.48,completed,upi
ORD_0005903,CUST_01945,2024-06-16,Home & Kitchen,5,195.11,975.55,completed,upi
ORD_0005904,CUST_00198,2024-03-20,Apparel,4,78.73,314.92,returned,netbanking
ORD_0005905,CUST_00783,2024-06-19,Books,3,492.88,1478.64,completed,wallet
ORD_0005906,CUST_00099,2024-05-27,Beauty,1,220.72,220.72,completed,wallet
ORD_0005907,CUST_01083,2024-05-31,Home & Kitchen,5,90.6,453.0,completed,card
ORD_0005908,CUST_00081,2024-01-04,Sports,4,88.85,355.4,completed,netbanking
ORD_0005909,CUST_00965,2024-05-01,Beauty,1,365.93,365.93,completed,card
ORD_0005910,CUST_01505,2024-02-11,Beauty,4,142.99,571.96,returned,wallet
ORD_0005911,CUST_01516,2023-12-27,Books,5,318.59,1592.95,completed,wallet
ORD_0005912,CUST_01214,2023-08-22,Apparel,2,404.71,809.42,completed,wallet
ORD_0005913,CUST_01784,2024-05-11,Home & Kitchen,5,377.66,1888.3,completed,card
ORD_0005914,CUST_01707,2024-05-17,Beauty,5,382.86,1914.3,completed,upi
ORD_0005915,CUST_01521,2024-04-27,Sports,4,269.32,1077.28,completed,wallet
ORD_0005916,CUST_00645,2023-08-21,Sports,2,387.74,775.48,completed,netbanking
ORD_0005917,CUST_01720,2023-09-17,Apparel,2,139.63,279.26,completed,upi
ORD_0005918,CUST_00054,2024-02-11,Apparel,1,11.04,11.04,completed,wallet
ORD_0005919,CUST_00716,2024-01-14,Apparel,3,228.86,686.58,returned,wallet
ORD_0005920,CUST_01649,2024-01-25,Apparel,1,474.74,474.74,completed,netbanking
ORD_0005921,CUST_00166,2023-04-16,Apparel,4,428.34,1713.36,returned,upi
ORD_0005922,CUST_00108,2024-03-17,Electronics,3,258.4,775.2,completed,upi
ORD_0005923,CUST_00796,2023-12-20,Sports,2,434.12,868.24,completed,card
ORD_0005924,CUST_01604,2024-06-28,Beauty,3,281.15,843.45,cancelled,card
ORD_0005925,CUST_01097,2024-03-31,Electronics,4,441.46,1765.84,completed,netbanking
ORD_0005926,CUST_01029,2023-07-28,Apparel,3,159.22,477.66,completed,netbanking
ORD_0005927,CUST_01396,2024-06-28,Apparel,4,462.06,1848.24,completed,upi
ORD_0005928,CUST_00912,2024-03-10,Electronics,4,263.09,1052.36,completed,card
ORD_0005929,CUST_01976,2024-04-25,Apparel,4,451.14,1804.56,returned,upi
ORD_0005930,CUST_00175,2023-10-03,Books,2,466.72,933.44,completed,wallet
ORD_0005931,CUST_00235,2023-03-26,Electronics,1,231.47,231.47,cancelled,wallet
ORD_0005932,CUST_01078,2024-02-10,Beauty,3,215.39,646.17,returned,card
ORD_0005933,CUST_00596,2024-04-03,Sports,2,181.45,362.9,returned,wallet
ORD_0005934,CUST_01125,2024-06-01,Books,3,103.79,311.37,completed,upi
ORD_0005935,CUST_00703,2024-04-15,Books,3,235.08,705.24,completed,wallet
ORD_0005936,CUST_01470,2023-12-13,Sports,2,343.44,686.88,completed,wallet
ORD_0005937,CUST_01284,2024-06-16,Beauty,4,26.65,106.6,completed,upi
ORD_0005938,CUST_01345,2024-05-10,Beauty,1,58.92,58.92,completed,netbanking
ORD_0005939,CUST_01460,2023-05-16,Electronics,4,400.04,1600.16,completed,card
ORD_0005940,CUST_01272,2024-04-09,Beauty,4,366.9,1467.6,completed,upi
ORD_0005941,CUST_00458,2023-10-31,Books,3,248.95,746.85,completed,wallet
ORD_0005942,CUST_00155,2024-06-01,Beauty,1,187.08,187.08,completed,netbanking
ORD_0005943,CUST_01407,2023-08-26,Sports,2,404.12,808.24,completed,card
ORD_0005944,CUST_00806,2023-10-13,Electronics,5,344.9,1724.5,completed,card
ORD_0005945,CUST_00658,2024-06-23,Beauty,4,204.82,819.28,returned,upi
ORD_0005946,CUST_00055,2024-05-16,Electronics,5,38.4,192.0,completed,upi
ORD_0005947,CUST_00539,2024-04-17,Apparel,3,409.67,1229.01,completed,netbanking
ORD_0005948,CUST_00892,2024-06-03,Sports,1,349.26,349.26,completed,upi
ORD_0005949,CUST_00583,2024-05-25,Beauty,2,154.44,308.88,completed,wallet
ORD_0005950,CUST_00950,2024-02-28,Sports,2,56.22,112.44,completed,netbanking
ORD_0005951,CUST_00495,2023-06-15,Books,5,209.46,1047.3,completed,upi
ORD_0005952,CUST_00287,2024-06-06,Home & Kitchen,5,125.76,628.8,completed,card
ORD_0005953,CUST_01238,2024-06-14,Home & Kitchen,2,296.0,592.0,completed,upi
ORD_0005954,CUST_01148,2024-06-26,Home & Kitchen,1,282.67,282.67,completed,upi
ORD_0005955,CUST_00774,2023-07-30,Apparel,4,243.61,974.44,completed,upi
ORD_0005956,CUST_00692,2024-02-24,Sports,1,74.0,74.0,returned,wallet
ORD_0005957,CUST_00825,2023-11-12,Electronics,3,13.43,40.29,completed,netbanking
ORD_0005958,CUST_00536,2024-06-06,Apparel,4,177.12,708.48,returned,upi
ORD_0005959,CUST_00622,2024-03-16,Home & Kitchen,5,206.54,1032.7,cancelled,card
ORD_0005960,CUST_00845,2024-03-22,Home & Kitchen,2,42.59,85.18,completed,card
ORD_0005961,CUST_00507,2024-04-09,Home & Kitchen,2,318.19,636.38,completed,wallet
ORD_0005962,CUST_00060,2024-04-23,Electronics,3,13.47,40.41,completed,wallet
ORD_0005963,CUST_00533,2024-06-08,Books,5,477.94,2389.7,completed,netbanking
ORD_0005964,CUST_01096,2024-06-29,Apparel,5,156.07,780.35,completed,upi
ORD_0005965,CUST_00244,2023-11-25,Books,4,223.49,893.96,completed,upi
ORD_0005966,CUST_00403,2024-02-24,Apparel,5,150.2,751.0,completed,upi
ORD_0005967,CUST_01885,2024-06-13,Sports,3,72.12,216.36,completed,wallet
ORD_0005968,CUST_01788,2023-11-28,Apparel,2,441.17,882.34,completed,wallet
ORD_0005969,CUST_00869,2024-03-06,Home & Kitchen,3,209.61,628.83,completed,card
ORD_0005970,CUST_00067,2024-06-03,Books,3,340.05,1020.15,returned,card
ORD_0005971,CUST_01289,2024-06-07,Beauty,5,258.15,1290.75,completed,netbanking
ORD_0005972,CUST_01065,2024-02-28,Beauty,3,284.42,853.26,completed,card
ORD_0005973,CUST_00276,2024-03-05,Books,4,46.0,184.0,cancelled,card
ORD_0005974,CUST_01873,2024-01-21,Home & Kitchen,4,327.11,1308.44,completed,card
ORD_0005975,CUST_01707,2024-06-13,Home & Kitchen,1,343.75,343.75,completed,netbanking
ORD_0005976,CUST_00029,2024-05-11,Electronics,1,331.93,331.93,completed,upi
ORD_0005977,CUST_00342,2024-05-14,Home & Kitchen,1,432.47,432.47,returned,wallet
ORD_0005978,CUST_00668,2024-05-25,Beauty,3,26.13,78.39,completed,wallet
ORD_0005979,CUST_00862,2024-03-09,Books,3,72.1,216.3,completed,wallet
ORD_0005980,CUST_01979,2023-09-09,Apparel,5,16.98,84.9,completed,wallet
ORD_0005981,CUST_00656,2024-02-16,Electronics,2,495.43,990.86,cancelled,card
ORD_0005982,CUST_00748,2024-06-27,Electronics,5,22.6,113.0,returned,card
ORD_0005983,CUST_00015,2024-04-25,Home & Kitchen,2,10.01,20.02,cancelled,wallet
ORD_0005984,CUST_01102,2023-08-27,Sports,5,486.31,2431.55,completed,upi
ORD_0005985,CUST_01610,2024-06-26,Apparel,2,35.04,70.08,completed,card
ORD_0005986,CUST_00126,2024-06-03,Books,1,450.81,450.81,completed,upi
ORD_0005987,CUST_01925,2024-04-21,Sports,2,437.81,875.62,completed,wallet
ORD_0005988,CUST_00343,2024-02-20,Home & Kitchen,3,141.86,425.58,returned,card
ORD_0005989,CUST_01998,2024-06-07,Electronics,5,39.15,195.75,returned,upi
ORD_0005990,CUST_00931,2024-05-14,Beauty,5,334.94,1674.7,completed,upi
ORD_0005991,CUST_01357,2024-04-01,Apparel,2,172.73,345.46,completed,upi
ORD_0005992,CUST_01441,2024-03-23,Beauty,2,284.12,568.24,returned,wallet
ORD_0005993,CUST_01321,2024-03-26,Home & Kitchen,3,311.72,935.16,completed,card
ORD_0005994,CUST_01249,2023-10-24,Home & Kitchen,2,470.66,941.32,completed,netbanking
ORD_0005995,CUST_00933,2024-06-24,Beauty,2,447.18,894.36,completed,wallet
ORD_0005996,CUST_01342,2024-03-07,Electronics,5,409.85,2049.25,returned,card
ORD_0005997,CUST_01358,2023-11-30,Sports,3,167.37,502.11,completed,upi
ORD_0005998,CUST_00038,2024-03-21,Electronics,2,297.63,595.26,completed,card
ORD_0005999,CUST_01617,2024-06-20,Books,3,41.59,124.77,completed,upi
ORD_0006000,CUST_01336,2023-10-08,Sports,2,237.45,474.9,completed,card
ORD_0006001,CUST_00563,2024-02-22,Electronics,3,461.84,1385.52,returned,card
ORD_0006002,CUST_00970,2024-02-28,Home & Kitchen,2,261.52,523.04,completed,netbanking
ORD_0006003,CUST_01098,2024-03-13,Electronics,3,297.57,892.71,returned,upi
ORD_0006004,CUST_00862,2024-02-12,Sports,5,456.53,2282.65,cancelled,netbanking
ORD_0006005,CUST_01506,2024-05-25,Books,1,490.21,490.21,completed,card
ORD_0006006,CUST_01697,2023-09-15,Electronics,5,322.48,1612.4,completed,card
ORD_0006007,CUST_00165,2024-03-20,Apparel,4,149.75,599.0,cancelled,netbanking
ORD_0006008,CUST_00915,2023-12-25,Sports,2,332.21,664.42,completed,netbanking
ORD_0006009,CUST_01678,2024-02-19,Beauty,4,255.1,1020.4,completed,netbanking
ORD_0006010,CUST_00870,2024-06-25,Electronics,5,367.16,1835.8,completed,card
ORD_0006011,CUST_00262,2023-10-09,Home & Kitchen,4,430.01,1720.04,completed,netbanking
ORD_0006012,CUST_01272,2024-04-23,Beauty,3,394.5,1183.5,completed,upi
ORD_0006013,CUST_01993,2024-06-27,Beauty,3,66.87,200.61,completed,wallet
ORD_0006014,CUST_01852,2024-01-17,Books,3,350.25,1050.75,completed,netbanking
ORD_0006015,CUST_01657,2024-05-03,Home & Kitchen,4,449.78,1799.12,completed,wallet
ORD_0006016,CUST_00592,2024-05-24,Electronics,4,128.97,515.88,cancelled,upi
ORD_0006017,CUST_00683,2023-12-09,Sports,2,337.98,675.96,completed,card
ORD_0006018,CUST_01759,2024-04-23,Beauty,1,28.1,28.1,returned,upi
ORD_0006019,CUST_00547,2024-05-12,Beauty,4,160.61,642.44,completed,card
ORD_0006020,CUST_01680,2024-01-27,Apparel,2,32.31,64.62,completed,card
ORD_0006021,CUST_00648,2024-04-04,Books,4,439.05,1756.2,completed,wallet
ORD_0006022,CUST_01138,2024-06-24,Books,2,466.06,932.12,completed,wallet
ORD_0006023,CUST_00738,2024-03-02,Sports,3,77.99,233.97,completed,netbanking
ORD_0006024,CUST_01927,2024-03-04,Beauty,5,186.43,932.15,cancelled,wallet
ORD_0006025,CUST_00548,2024-06-10,Beauty,4,267.31,1069.24,completed,wallet
ORD_0006026,CUST_00229,2024-04-20,Apparel,1,35.11,35.11,completed,netbanking
ORD_0006027,CUST_00830,2024-05-29,Apparel,3,176.87,530.61,completed,wallet
ORD_0006028,CUST_01274,2024-02-24,Home & Kitchen,3,76.74,230.22,completed,netbanking
ORD_0006029,CUST_00590,2023-12-17,Electronics,1,150.45,150.45,completed,netbanking
ORD_0006030,CUST_00762,2023-06-22,Books,3,336.51,1009.53,completed,upi
ORD_0006031,CUST_00988,2024-05-26,Home & Kitchen,4,305.64,1222.56,completed,card
ORD_0006032,CUST_01071,2023-07-21,Electronics,5,203.0,1015.0,completed,wallet
ORD_0006033,CUST_01753,2024-05-27,Sports,5,180.64,903.2,completed,upi
ORD_0006034,CUST_01178,2024-06-29,Apparel,1,335.92,335.92,returned,upi
ORD_0006035,CUST_00592,2024-03-11,Books,5,337.18,1685.9,returned,wallet
ORD_0006036,CUST_01473,2024-04-03,Electronics,1,264.69,264.69,completed,wallet
ORD_0006037,CUST_00905,2024-04-10,Apparel,4,154.3,617.2,completed,netbanking
ORD_0006038,CUST_01118,2024-04-20,Sports,1,434.36,434.36,completed,upi
ORD_0006039,CUST_00899,2024-01-20,Books,3,119.43,358.29,completed,netbanking
ORD_0006040,CUST_00964,2024-05-04,Beauty,5,110.68,553.4,completed,wallet
ORD_0006041,CUST_00800,2024-05-30,Apparel,5,271.26,1356.3,completed,wallet
ORD_0006042,CUST_00167,2024-03-03,Sports,1,353.29,353.29,completed,wallet
ORD_0006043,CUST_00785,2023-09-23,Electronics,3,266.51,799.53,completed,upi
ORD_0006044,CUST_00167,2024-05-20,Home & Kitchen,5,212.98,1064.9,completed,card
ORD_0006045,CUST_01854,2024-04-14,Beauty,5,370.66,1853.3,completed,netbanking
ORD_0006046,CUST_00397,2024-05-14,Books,1,75.73,75.73,completed,netbanking
ORD_0006047,CUST_01428,2024-06-20,Beauty,3,40.43,121.29,cancelled,netbanking
ORD_0006048,CUST_01898,2024-01-05,Books,5,189.99,949.95,completed,netbanking
ORD_0006049,CUST_00767,2024-04-14,Books,1,323.78,323.78,completed,upi
ORD_0006050,CUST_00072,2024-01-31,Apparel,5,128.46,642.3,completed,upi
ORD_0006051,CUST_00714,2024-03-29,Beauty,3,63.46,190.38,completed,netbanking
ORD_0006052,CUST_00672,2024-06-15,Home & Kitchen,2,108.88,217.76,completed,card
ORD_0006053,CUST_01976,2024-01-10,Books,3,180.28,540.84,completed,card
ORD_0006054,CUST_01569,2024-03-30,Books,2,407.36,814.72,completed,upi
ORD_0006055,CUST_00682,2023-06-08,Sports,3,302.49,907.47,returned,upi
ORD_0006056,CUST_00275,2024-06-02,Electronics,1,85.38,85.38,completed,card
ORD_0006057,CUST_00266,2024-03-22,Books,1,31.78,31.78,completed,wallet
ORD_0006058,CUST_00795,2024-02-15,Apparel,3,144.15,432.45,completed,wallet
ORD_0006059,CUST_00005,2024-02-23,Apparel,4,485.53,1942.12,completed,netbanking
ORD_0006060,CUST_00816,2024-06-10,Beauty,1,358.06,358.06,completed,wallet
ORD_0006061,CUST_00078,2024-05-13,Electronics,2,172.07,344.14,completed,card
ORD_0006062,CUST_00551,2024-04-26,Electronics,3,428.68,1286.04,completed,upi
ORD_0006063,CUST_01370,2024-05-12,Home & Kitchen,5,189.26,946.3,completed,netbanking
ORD_0006064,CUST_01098,2023-12-11,Beauty,2,200.34,400.68,returned,upi
ORD_0006065,CUST_01684,2024-05-16,Beauty,2,173.55,347.1,completed,upi
ORD_0006066,CUST_00526,2023-05-16,Home & Kitchen,3,464.51,1393.53,returned,upi
ORD_0006067,CUST_00094,2024-05-05,Apparel,1,480.98,480.98,completed,card
ORD_0006068,CUST_00546,2024-04-20,Apparel,5,457.23,2286.15,completed,upi
ORD_0006069,CUST_00403,2024-01-24,Electronics,1,258.21,258.21,completed,wallet
ORD_0006070,CUST_01152,2024-06-26,Home & Kitchen,2,117.27,234.54,cancelled,wallet
ORD_0006071,CUST_00492,2024-05-20,Electronics,3,299.12,897.36,completed,upi
ORD_0006072,CUST_01140,2023-10-17,Books,2,310.13,620.26,completed,wallet
ORD_0006073,CUST_01188,2024-06-14,Home & Kitchen,1,31.45,31.45,completed,wallet
ORD_0006074,CUST_01458,2024-03-06,Electronics,2,454.64,909.28,completed,upi
ORD_0006075,CUST_00832,2024-06-17,Beauty,4,10.46,41.84,completed,netbanking
ORD_0006076,CUST_00516,2024-02-21,Books,3,22.84,68.52,returned,card
ORD_0006077,CUST_00683,2023-11-29,Home & Kitchen,4,180.02,720.08,completed,card
ORD_0006078,CUST_01323,2024-01-01,Books,3,272.09,816.27,returned,wallet
ORD_0006079,CUST_01773,2024-06-02,Home & Kitchen,2,108.95,217.9,completed,netbanking
ORD_0006080,CUST_00492,2024-04-02,Beauty,1,205.65,205.65,completed,card
ORD_0006081,CUST_01777,2024-04-08,Books,4,427.75,1711.0,returned,card
ORD_0006082,CUST_01514,2023-12-12,Home & Kitchen,4,381.8,1527.2,completed,card
ORD_0006083,CUST_01731,2024-06-19,Apparel,2,418.34,836.68,completed,card
ORD_0006084,CUST_00274,2024-05-20,Books,2,87.27,174.54,completed,card
ORD_0006085,CUST_00553,2023-06-12,Home & Kitchen,2,321.64,643.28,completed,upi
ORD_0006086,CUST_00536,2024-04-07,Electronics,2,150.74,301.48,completed,upi
ORD_0006087,CUST_01586,2024-06-28,Electronics,1,17.38,17.38,completed,wallet
ORD_0006088,CUST_01079,2024-05-11,Beauty,2,276.83,553.66,completed,upi
ORD_0006089,CUST_00682,2023-05-07,Sports,5,419.72,2098.6,completed,upi
ORD_0006090,CUST_00688,2024-01-31,Books,2,306.03,612.06,completed,wallet
ORD_0006091,CUST_00842,2024-04-13,Beauty,5,147.52,737.6,completed,netbanking
ORD_0006092,CUST_00836,2024-04-25,Sports,4,150.07,600.28,completed,wallet
ORD_0006093,CUST_00939,2024-06-24,Electronics,3,115.6,346.8,returned,card
ORD_0006094,CUST_01131,2023-09-05,Electronics,1,324.54,324.54,completed,wallet
ORD_0006095,CUST_00504,2024-01-01,Books,4,36.82,147.28,cancelled,card
ORD_0006096,CUST_01478,2024-03-21,Beauty,4,240.23,960.92,completed,card
ORD_0006097,CUST_01004,2023-08-14,Apparel,4,101.63,406.52,completed,wallet
ORD_0006098,CUST_01450,2024-04-07,Beauty,4,105.78,423.12,completed,netbanking
ORD_0006099,CUST_00398,2024-06-29,Home & Kitchen,5,86.53,432.65,completed,upi
ORD_0006100,CUST_00340,2023-09-13,Apparel,2,473.6,947.2,completed,card
ORD_0006101,CUST_00404,2024-04-20,Apparel,3,96.52,289.56,completed,card
ORD_0006102,CUST_00789,2023-09-14,Sports,4,343.99,1375.96,returned,netbanking
ORD_0006103,CUST_01883,2024-05-09,Home & Kitchen,1,499.34,499.34,completed,netbanking
ORD_0006104,CUST_00694,2023-12-07,Apparel,2,299.22,598.44,completed,netbanking
ORD_0006105,CUST_00795,2024-05-06,Beauty,1,265.97,265.97,completed,upi
ORD_0006106,CUST_01854,2024-01-28,Apparel,1,146.97,146.97,completed,upi
ORD_0006107,CUST_00403,2024-06-17,Home & Kitchen,4,146.37,585.48,cancelled,netbanking
ORD_0006108,CUST_01133,2024-03-28,Books,2,360.67,721.34,completed,netbanking
ORD_0006109,CUST_01614,2024-04-16,Sports,1,368.36,368.36,completed,upi
ORD_0006110,CUST_01562,2023-11-30,Home & Kitchen,5,323.1,1615.5,completed,wallet
ORD_0006111,CUST_00741,2024-05-03,Beauty,3,39.0,117.0,cancelled,netbanking
ORD_0006112,CUST_01657,2024-05-06,Beauty,2,120.24,240.48,completed,upi
ORD_0006113,CUST_00029,2024-01-31,Books,4,12.18,48.72,returned,card
ORD_0006114,CUST_01142,2024-03-02,Sports,5,408.55,2042.75,returned,wallet
ORD_0006115,CUST_01396,2024-06-19,Beauty,3,238.52,715.56,completed,upi
ORD_0006116,CUST_01522,2024-04-17,Apparel,1,141.74,141.74,completed,wallet
ORD_0006117,CUST_01781,2024-05-05,Books,1,282.43,282.43,completed,upi
ORD_0006118,CUST_00939,2024-06-28,Home & Kitchen,1,375.67,375.67,returned,netbanking
ORD_0006119,CUST_01645,2023-11-27,Beauty,1,400.02,400.02,completed,netbanking
ORD_0006120,CUST_00728,2024-01-26,Electronics,2,330.13,660.26,completed,wallet
ORD_0006121,CUST_00913,2024-05-19,Beauty,5,22.81,114.05,cancelled,netbanking
ORD_0006122,CUST_01945,2024-06-17,Home & Kitchen,3,288.52,865.56,completed,upi
ORD_0006123,CUST_00411,2024-02-01,Home & Kitchen,3,93.55,280.65,returned,netbanking
ORD_0006124,CUST_01556,2024-01-26,Home & Kitchen,2,21.49,42.98,completed,upi
ORD_0006125,CUST_00288,2024-04-17,Apparel,1,154.51,154.51,completed,card
ORD_0006126,CUST_01425,2024-04-30,Apparel,4,44.88,179.52,returned,netbanking
ORD_0006127,CUST_00390,2024-06-18,Home & Kitchen,1,308.25,308.25,completed,wallet
ORD_0006128,CUST_01093,2024-06-07,Beauty,1,313.35,313.35,completed,card
ORD_0006129,CUST_01531,2024-04-29,Apparel,2,495.77,991.54,completed,wallet
ORD_0006130,CUST_00565,2024-05-10,Books,3,224.62,673.86,completed,wallet
ORD_0006131,CUST_01333,2024-05-03,Apparel,4,152.32,609.28,completed,upi
ORD_0006132,CUST_00076,2024-01-10,Electronics,1,235.49,235.49,completed,card
ORD_0006133,CUST_01502,2024-03-24,Home & Kitchen,1,76.24,76.24,completed,card
ORD_0006134,CUST_00762,2024-03-25,Apparel,5,323.67,1618.35,completed,wallet
ORD_0006135,CUST_00630,2024-06-28,Electronics,5,329.92,1649.6,completed,card
ORD_0006136,CUST_01693,2024-02-13,Beauty,1,225.26,225.26,completed,card
ORD_0006137,CUST_01500,2024-06-10,Electronics,5,94.75,473.75,completed,upi
ORD_0006138,CUST_00034,2024-05-22,Home & Kitchen,4,151.68,606.72,completed,card
ORD_0006139,CUST_00121,2024-04-17,Home & Kitchen,1,338.9,338.9,completed,upi
ORD_0006140,CUST_00154,2023-03-06,Electronics,3,191.52,574.56,completed,netbanking
ORD_0006141,CUST_01491,2024-03-30,Home & Kitchen,5,233.29,1166.45,completed,wallet
ORD_0006142,CUST_00032,2024-05-01,Home & Kitchen,4,227.98,911.92,completed,netbanking
ORD_0006143,CUST_00238,2023-11-22,Electronics,5,121.68,608.4,completed,card
ORD_0006144,CUST_01161,2023-10-24,Apparel,1,140.25,140.25,cancelled,wallet
ORD_0006145,CUST_00106,2024-06-09,Apparel,2,41.86,83.72,completed,card
ORD_0006146,CUST_00215,2024-04-04,Beauty,1,67.56,67.56,completed,wallet
ORD_0006147,CUST_01733,2023-09-28,Home & Kitchen,3,111.81,335.43,completed,netbanking
ORD_0006148,CUST_00230,2023-05-03,Books,4,61.46,245.84,cancelled,card
ORD_0006149,CUST_01294,2024-05-01,Home & Kitchen,4,101.51,406.04,completed,card
ORD_0006150,CUST_01740,2024-05-29,Books,1,253.41,253.41,returned,upi
ORD_0006151,CUST_00299,2024-05-05,Beauty,4,81.06,324.24,completed,netbanking
ORD_0006152,CUST_00658,2024-06-24,Electronics,2,157.3,314.6,completed,wallet
ORD_0006153,CUST_01473,2024-03-24,Sports,5,219.96,1099.8,completed,upi
ORD_0006154,CUST_01665,2024-03-21,Beauty,4,29.09,116.36,completed,upi
ORD_0006155,CUST_01602,2023-12-04,Beauty,5,491.71,2458.55,returned,card
ORD_0006156,CUST_00053,2024-06-29,Sports,5,309.46,1547.3,completed,wallet
ORD_0006157,CUST_01929,2023-08-06,Beauty,5,76.49,382.45,returned,upi
ORD_0006158,CUST_01058,2024-06-10,Home & Kitchen,4,430.22,1720.88,completed,netbanking
ORD_0006159,CUST_01455,2024-06-29,Home & Kitchen,3,315.07,945.21,completed,upi
ORD_0006160,CUST_00611,2024-05-18,Books,1,82.83,82.83,completed,upi
ORD_0006161,CUST_00982,2023-08-17,Books,5,469.04,2345.2,completed,wallet
ORD_0006162,CUST_01721,2024-04-11,Electronics,3,278.86,836.58,completed,card
ORD_0006163,CUST_01951,2024-04-22,Apparel,5,323.86,1619.3,completed,wallet
ORD_0006164,CUST_00304,2024-06-12,Beauty,3,102.61,307.83,completed,wallet
ORD_0006165,CUST_01020,2024-05-26,Books,2,334.97,669.94,completed,card
ORD_0006166,CUST_00024,2024-05-04,Apparel,1,260.22,260.22,completed,card
ORD_0006167,CUST_01031,2024-06-17,Electronics,2,320.19,640.38,completed,upi
ORD_0006168,CUST_00392,2024-06-27,Books,1,496.74,496.74,completed,card
ORD_0006169,CUST_01151,2024-02-16,Books,2,397.8,795.6,completed,wallet
ORD_0006170,CUST_01317,2023-05-26,Apparel,1,50.34,50.34,completed,netbanking
ORD_0006171,CUST_01503,2024-04-11,Books,2,196.85,393.7,completed,wallet
ORD_0006172,CUST_01948,2024-02-13,Electronics,4,390.17,1560.68,returned,card
ORD_0006173,CUST_01136,2024-05-02,Sports,1,339.96,339.96,completed,upi
ORD_0006174,CUST_01349,2024-06-06,Books,4,201.62,806.48,completed,wallet
ORD_0006175,CUST_00043,2024-04-16,Apparel,2,445.1,890.2,completed,netbanking
ORD_0006176,CUST_00091,2024-04-13,Beauty,4,354.07,1416.28,cancelled,wallet
ORD_0006177,CUST_00018,2024-05-21,Beauty,3,19.69,59.07,completed,card
ORD_0006178,CUST_00696,2024-06-27,Electronics,1,342.59,342.59,completed,card
ORD_0006179,CUST_00853,2024-06-09,Electronics,5,101.53,507.65,completed,card
ORD_0006180,CUST_00720,2023-12-15,Home & Kitchen,4,464.77,1859.08,completed,netbanking
ORD_0006181,CUST_01587,2023-04-05,Books,2,138.0,276.0,completed,card
ORD_0006182,CUST_00762,2023-06-04,Sports,2,302.14,604.28,completed,card
ORD_0006183,CUST_00902,2024-04-28,Beauty,1,294.81,294.81,completed,netbanking
ORD_0006184,CUST_01252,2024-05-28,Books,5,113.13,565.65,completed,card
ORD_0006185,CUST_00486,2024-01-29,Home & Kitchen,1,230.45,230.45,completed,card
ORD_0006186,CUST_01995,2024-05-20,Home & Kitchen,4,223.36,893.44,completed,card
ORD_0006187,CUST_00572,2023-09-11,Apparel,4,176.1,704.4,completed,card
ORD_0006188,CUST_00681,2024-06-08,Beauty,3,325.86,977.58,returned,upi
ORD_0006189,CUST_01272,2023-12-20,Apparel,1,360.92,360.92,returned,wallet
ORD_0006190,CUST_00074,2023-12-29,Books,5,38.85,194.25,completed,wallet
ORD_0006191,CUST_00906,2024-03-31,Home & Kitchen,4,241.26,965.04,returned,netbanking
ORD_0006192,CUST_01931,2023-07-14,Beauty,3,131.67,395.01,completed,wallet
ORD_0006193,CUST_00583,2024-04-27,Books,5,467.69,2338.45,completed,card
ORD_0006194,CUST_00350,2023-03-18,Beauty,4,277.38,1109.52,completed,wallet
ORD_0006195,CUST_01106,2023-07-29,Apparel,1,66.67,66.67,completed,card
ORD_0006196,CUST_01030,2024-06-14,Electronics,2,135.96,271.92,returned,wallet
ORD_0006197,CUST_00020,2023-05-08,Books,5,237.37,1186.85,completed,netbanking
ORD_0006198,CUST_00234,2024-01-25,Electronics,4,51.33,205.32,completed,wallet
ORD_0006199,CUST_00534,2023-11-10,Electronics,3,448.93,1346.79,completed,netbanking
ORD_0006200,CUST_01526,2024-06-17,Beauty,1,222.73,222.73,completed,upi
ORD_0006201,CUST_00955,2024-04-03,Electronics,2,221.44,442.88,completed,card
ORD_0006202,CUST_00347,2024-06-18,Apparel,4,19.46,77.84,completed,netbanking
ORD_0006203,CUST_01744,2024-06-29,Home & Kitchen,4,184.28,737.12,completed,card
ORD_0006204,CUST_01449,2024-05-22,Books,4,275.05,1100.2,returned,upi
ORD_0006205,CUST_01741,2024-05-28,Home & Kitchen,5,230.39,1151.95,completed,card
ORD_0006206,CUST_01091,2024-06-15,Home & Kitchen,2,124.3,248.6,completed,wallet
ORD_0006207,CUST_00173,2024-06-10,Apparel,3,158.78,476.34,completed,upi
ORD_0006208,CUST_01372,2024-03-22,Books,4,452.95,1811.8,completed,card
ORD_0006209,CUST_01271,2024-06-18,Books,1,260.91,260.91,completed,wallet
ORD_0006210,CUST_01235,2023-12-15,Apparel,4,202.24,808.96,completed,upi
ORD_0006211,CUST_01340,2023-08-06,Electronics,2,358.13,716.26,completed,netbanking
ORD_0006212,CUST_01910,2023-10-03,Home & Kitchen,4,273.23,1092.92,completed,upi
ORD_0006213,CUST_00605,2024-06-09,Apparel,1,165.49,165.49,completed,wallet
ORD_0006214,CUST_01008,2024-04-15,Sports,1,412.09,412.09,completed,card
ORD_0006215,CUST_00041,2024-06-21,Sports,4,438.11,1752.44,returned,wallet
ORD_0006216,CUST_01029,2024-04-08,Apparel,2,355.77,711.54,completed,wallet
ORD_0006217,CUST_00739,2024-02-23,Apparel,2,380.17,760.34,completed,netbanking
ORD_0006218,CUST_00514,2024-06-07,Home & Kitchen,1,317.69,317.69,completed,netbanking
ORD_0006219,CUST_00037,2024-06-21,Sports,2,441.81,883.62,completed,upi
ORD_0006220,CUST_01529,2024-02-21,Books,4,490.23,1960.92,completed,card
ORD_0006221,CUST_01072,2023-08-05,Sports,3,154.15,462.45,completed,card
ORD_0006222,CUST_00282,2024-05-26,Apparel,4,398.88,1595.52,completed,upi
ORD_0006223,CUST_01774,2023-12-28,Apparel,3,334.76,1004.28,completed,card
ORD_0006224,CUST_00955,2023-07-15,Home & Kitchen,5,30.79,153.95,completed,wallet
ORD_0006225,CUST_01058,2024-06-01,Electronics,1,47.08,47.08,completed,upi
ORD_0006226,CUST_01868,2024-04-04,Electronics,3,406.58,1219.74,completed,upi
ORD_0006227,CUST_01235,2023-11-03,Electronics,3,143.94,431.82,completed,upi
ORD_0006228,CUST_01595,2024-02-10,Home & Kitchen,5,265.22,1326.1,completed,netbanking
ORD_0006229,CUST_00297,2024-05-20,Home & Kitchen,1,234.34,234.34,completed,upi
ORD_0006230,CUST_00094,2024-02-15,Beauty,5,184.21,921.05,completed,card
ORD_0006231,CUST_00908,2024-06-13,Home & Kitchen,4,229.14,916.56,completed,card
ORD_0006232,CUST_01592,2024-05-14,Home & Kitchen,2,486.17,972.34,completed,wallet
ORD_0006233,CUST_01461,2023-03-01,Books,2,202.3,404.6,completed,wallet
ORD_0006234,CUST_00140,2024-02-03,Books,2,486.32,972.64,completed,netbanking
ORD_0006235,CUST_01566,2024-04-20,Apparel,4,369.94,1479.76,completed,wallet
ORD_0006236,CUST_00852,2024-03-24,Sports,1,324.21,324.21,returned,upi
ORD_0006237,CUST_01968,2024-06-18,Books,3,329.76,989.28,completed,netbanking
ORD_0006238,CUST_00154,2024-01-22,Books,5,89.35,446.75,completed,wallet
ORD_0006239,CUST_00971,2024-04-06,Electronics,1,383.6,383.6,completed,wallet
ORD_0006240,CUST_00061,2023-12-05,Electronics,4,338.14,1352.56,completed,netbanking
ORD_0006241,CUST_00053,2024-05-26,Beauty,1,40.08,40.08,completed,netbanking
ORD_0006242,CUST_00845,2024-04-23,Beauty,5,397.12,1985.6,completed,wallet
ORD_0006243,CUST_01698,2023-07-28,Beauty,4,264.93,1059.72,returned,wallet
ORD_0006244,CUST_00979,2024-05-09,Electronics,4,170.95,683.8,completed,netbanking
ORD_0006245,CUST_01923,2024-04-24,Electronics,1,148.72,148.72,returned,wallet
ORD_0006246,CUST_00559,2024-06-25,Sports,1,391.97,391.97,completed,upi
ORD_0006247,CUST_00857,2024-03-31,Apparel,4,482.4,1929.6,completed,wallet
ORD_0006248,CUST_00981,2024-03-27,Home & Kitchen,4,97.58,390.32,completed,netbanking
ORD_0006249,CUST_01381,2024-05-03,Home & Kitchen,3,16.79,50.37,completed,upi
ORD_0006250,CUST_01240,2024-02-21,Home & Kitchen,3,313.88,941.64,completed,netbanking
ORD_0006251,CUST_01287,2024-03-16,Sports,2,346.05,692.1,completed,card
ORD_0006252,CUST_00680,2023-11-28,Books,3,252.48,757.44,completed,upi
ORD_0006253,CUST_01250,2024-05-04,Sports,1,43.34,43.34,completed,wallet
ORD_0006254,CUST_00789,2024-05-15,Books,5,90.53,452.65,completed,upi
ORD_0006255,CUST_01048,2024-05-31,Apparel,3,453.29,1359.87,returned,wallet
ORD_0006256,CUST_00129,2023-10-21,Beauty,5,124.33,621.65,cancelled,netbanking
ORD_0006257,CUST_00461,2023-06-18,Sports,2,413.25,826.5,completed,wallet
ORD_0006258,CUST_01841,2024-06-25,Home & Kitchen,2,279.06,558.12,completed,upi
ORD_0006259,CUST_01645,2023-12-09,Home & Kitchen,1,86.35,86.35,returned,card
ORD_0006260,CUST_00618,2024-02-07,Beauty,5,267.32,1336.6,completed,card
ORD_0006261,CUST_01105,2024-05-09,Home & Kitchen,4,206.27,825.08,cancelled,upi
ORD_0006262,CUST_00999,2024-02-12,Books,3,225.2,675.6,completed,netbanking
ORD_0006263,CUST_00913,2024-06-13,Sports,4,104.82,419.28,completed,wallet
ORD_0006264,CUST_00252,2024-05-22,Books,2,41.83,83.66,completed,wallet
ORD_0006265,CUST_01731,2024-06-14,Beauty,2,373.6,747.2,completed,card
ORD_0006266,CUST_00598,2023-05-24,Sports,2,453.83,907.66,completed,card
ORD_0006267,CUST_00815,2024-03-26,Beauty,4,434.89,1739.56,completed,upi
ORD_0006268,CUST_00637,2024-06-27,Sports,4,312.48,1249.92,completed,wallet
ORD_0006269,CUST_00983,2024-02-22,Electronics,2,468.49,936.98,completed,upi
ORD_0006270,CUST_00640,2024-02-26,Beauty,5,487.08,2435.4,completed,netbanking
ORD_0006271,CUST_01012,2024-04-20,Electronics,5,217.56,1087.8,cancelled,wallet
ORD_0006272,CUST_00210,2024-01-01,Home & Kitchen,4,55.07,220.28,completed,netbanking
ORD_0006273,CUST_00943,2024-06-16,Sports,2,173.64,347.28,completed,upi
ORD_0006274,CUST_00394,2023-11-24,Electronics,2,302.84,605.68,cancelled,card
ORD_0006275,CUST_01608,2024-02-06,Apparel,3,381.64,1144.92,completed,upi
ORD_0006276,CUST_00515,2024-03-23,Home & Kitchen,3,72.99,218.97,completed,card
ORD_0006277,CUST_01975,2023-07-19,Sports,3,439.14,1317.42,cancelled,upi
ORD_0006278,CUST_01943,2023-06-08,Sports,5,65.49,327.45,completed,wallet
ORD_0006279,CUST_00189,2024-06-13,Books,5,484.28,2421.4,returned,wallet
ORD_0006280,CUST_00935,2024-05-17,Sports,4,487.81,1951.24,completed,card
ORD_0006281,CUST_00430,2023-05-17,Home & Kitchen,4,451.84,1807.36,completed,upi
ORD_0006282,CUST_00396,2024-05-30,Home & Kitchen,3,89.05,267.15,cancelled,upi
ORD_0006283,CUST_01969,2024-03-03,Beauty,2,129.1,258.2,completed,upi
ORD_0006284,CUST_01670,2023-12-26,Home & Kitchen,1,59.1,59.1,cancelled,wallet
ORD_0006285,CUST_00924,2023-12-31,Sports,5,43.8,219.0,completed,netbanking
ORD_0006286,CUST_01739,2024-03-26,Apparel,4,240.89,963.56,completed,wallet
ORD_0006287,CUST_00004,2024-05-16,Beauty,4,271.09,1084.36,completed,upi
ORD_0006288,CUST_00383,2024-03-10,Apparel,1,450.49,450.49,completed,netbanking
ORD_0006289,CUST_00796,2023-12-07,Sports,4,438.64,1754.56,completed,upi
ORD_0006290,CUST_00895,2024-04-07,Beauty,4,125.27,501.08,returned,netbanking
ORD_0006291,CUST_01371,2024-01-09,Sports,3,449.89,1349.67,returned,card
ORD_0006292,CUST_01356,2024-03-11,Books,2,378.27,756.54,returned,upi
ORD_0006293,CUST_01157,2023-09-29,Beauty,1,194.72,194.72,completed,netbanking
ORD_0006294,CUST_00288,2024-06-23,Sports,3,81.93,245.79,returned,card
ORD_0006295,CUST_00184,2024-06-01,Home & Kitchen,2,140.5,281.0,cancelled,netbanking
ORD_0006296,CUST_00103,2024-06-26,Sports,5,335.2,1676.0,returned,card
ORD_0006297,CUST_01180,2024-06-15,Apparel,2,256.28,512.56,returned,card
ORD_0006298,CUST_00284,2023-12-08,Beauty,2,260.67,521.34,completed,upi
ORD_0006299,CUST_01204,2024-03-19,Electronics,1,190.84,190.84,completed,netbanking
ORD_0006300,CUST_01274,2023-10-23,Books,3,250.12,750.36,completed,card
ORD_0006301,CUST_01481,2024-04-20,Apparel,4,261.29,1045.16,completed,card
ORD_0006302,CUST_00013,2024-02-06,Sports,3,436.37,1309.11,completed,upi
ORD_0006303,CUST_00243,2024-04-27,Apparel,3,113.49,340.47,completed,netbanking
ORD_0006304,CUST_01011,2024-03-08,Beauty,2,101.01,202.02,returned,card
ORD_0006305,CUST_01864,2023-12-16,Sports,3,291.41,874.23,completed,upi
ORD_0006306,CUST_01184,2024-01-11,Electronics,4,301.66,1206.64,completed,card
ORD_0006307,CUST_01234,2024-06-26,Home & Kitchen,1,125.11,125.11,completed,wallet
ORD_0006308,CUST_00650,2024-06-15,Home & Kitchen,5,73.12,365.6,cancelled,netbanking
ORD_0006309,CUST_01111,2024-03-19,Electronics,2,395.22,790.44,returned,card
ORD_0006310,CUST_01823,2023-03-05,Electronics,4,413.99,1655.96,completed,card
ORD_0006311,CUST_00697,2024-06-23,Books,2,495.1,990.2,completed,wallet
ORD_0006312,CUST_00598,2023-10-19,Beauty,5,156.69,783.45,returned,upi
ORD_0006313,CUST_01342,2024-03-27,Apparel,5,251.51,1257.55,completed,wallet
ORD_0006314,CUST_00069,2024-06-14,Home & Kitchen,1,192.08,192.08,completed,card
ORD_0006315,CUST_00735,2023-09-04,Home & Kitchen,2,399.24,798.48,cancelled,upi
ORD_0006316,CUST_01899,2024-04-30,Sports,5,277.92,1389.6,completed,card
ORD_0006317,CUST_01770,2024-04-04,Home & Kitchen,5,252.76,1263.8,completed,netbanking
ORD_0006318,CUST_00661,2024-01-10,Sports,1,344.74,344.74,completed,upi
ORD_0006319,CUST_01470,2023-09-26,Beauty,1,423.25,423.25,returned,netbanking
ORD_0006320,CUST_00205,2023-04-26,Apparel,5,110.37,551.85,completed,card
ORD_0006321,CUST_00481,2024-05-24,Books,5,46.05,230.25,returned,wallet
ORD_0006322,CUST_01020,2024-04-27,Beauty,1,315.98,315.98,cancelled,upi
ORD_0006323,CUST_00149,2024-06-27,Books,3,341.45,1024.35,completed,card
ORD_0006324,CUST_00535,2024-04-23,Apparel,2,306.98,613.96,completed,card
ORD_0006325,CUST_01624,2024-04-14,Apparel,5,297.61,1488.05,completed,netbanking
ORD_0006326,CUST_00992,2024-05-28,Sports,2,308.27,616.54,completed,wallet
ORD_0006327,CUST_00049,2024-04-05,Electronics,4,241.02,964.08,completed,netbanking
ORD_0006328,CUST_01981,2024-03-26,Beauty,5,210.65,1053.25,completed,netbanking
ORD_0006329,CUST_00421,2023-04-06,Books,4,133.47,533.88,cancelled,card
ORD_0006330,CUST_01647,2024-02-01,Beauty,3,487.77,1463.31,completed,card
ORD_0006331,CUST_01893,2024-03-04,Beauty,1,166.51,166.51,completed,card
ORD_0006332,CUST_00498,2024-05-16,Electronics,4,46.72,186.88,completed,netbanking
ORD_0006333,CUST_01055,2024-05-09,Electronics,3,366.79,1100.37,completed,upi
ORD_0006334,CUST_01397,2024-02-03,Electronics,3,258.09,774.27,completed,netbanking
ORD_0006335,CUST_01390,2024-04-29,Apparel,2,165.97,331.94,completed,wallet
ORD_0006336,CUST_00300,2024-04-01,Home & Kitchen,3,221.36,664.08,completed,upi
ORD_0006337,CUST_01359,2024-06-23,Electronics,1,40.69,40.69,completed,upi
ORD_0006338,CUST_00249,2023-11-10,Electronics,2,298.51,597.02,completed,wallet
ORD_0006339,CUST_00225,2023-08-10,Home & Kitchen,1,443.55,443.55,completed,upi
ORD_0006340,CUST_00323,2024-02-17,Beauty,1,303.46,303.46,completed,upi
ORD_0006341,CUST_01908,2024-04-28,Apparel,4,408.54,1634.16,completed,wallet
ORD_0006342,CUST_01463,2024-04-28,Beauty,3,262.96,788.88,returned,card
ORD_0006343,CUST_00004,2024-04-19,Apparel,1,90.69,90.69,completed,card
ORD_0006344,CUST_00252,2024-05-29,Books,4,294.04,1176.16,completed,netbanking
ORD_0006345,CUST_01282,2024-04-15,Apparel,4,453.78,1815.12,completed,upi
ORD_0006346,CUST_00796,2024-04-07,Apparel,3,58.72,176.16,completed,wallet
ORD_0006347,CUST_01825,2024-03-06,Electronics,2,402.95,805.9,completed,netbanking
ORD_0006348,CUST_01357,2023-07-02,Sports,3,490.88,1472.64,completed,card
ORD_0006349,CUST_00702,2024-05-12,Beauty,3,13.62,40.86,cancelled,upi
ORD_0006350,CUST_01075,2023-12-30,Books,4,276.26,1105.04,completed,wallet
ORD_0006351,CUST_01008,2023-10-24,Sports,1,22.87,22.87,completed,wallet
ORD_0006352,CUST_00588,2023-12-31,Home & Kitchen,1,418.0,418.0,completed,netbanking
ORD_0006353,CUST_01518,2024-01-29,Beauty,5,259.37,1296.85,returned,netbanking
ORD_0006354,CUST_00696,2024-05-10,Sports,1,280.38,280.38,completed,netbanking
ORD_0006355,CUST_00343,2024-05-29,Beauty,4,135.42,541.68,completed,upi
ORD_0006356,CUST_00197,2024-01-04,Home & Kitchen,2,72.82,145.64,completed,wallet
ORD_0006357,CUST_01897,2023-07-03,Beauty,5,272.01,1360.05,completed,upi
ORD_0006358,CUST_01265,2024-06-17,Books,4,494.59,1978.36,completed,card
ORD_0006359,CUST_01339,2024-05-29,Home & Kitchen,3,81.34,244.02,completed,wallet
ORD_0006360,CUST_01057,2024-04-08,Apparel,1,493.88,493.88,completed,netbanking
ORD_0006361,CUST_01964,2024-06-16,Home & Kitchen,4,77.21,308.84,completed,upi
ORD_0006362,CUST_00124,2023-11-21,Apparel,3,426.42,1279.26,completed,card
ORD_0006363,CUST_00232,2024-05-16,Home & Kitchen,1,148.02,148.02,returned,upi
ORD_0006364,CUST_00172,2023-11-17,Books,2,237.83,475.66,completed,card
ORD_0006365,CUST_01976,2024-03-24,Sports,3,335.25,1005.75,completed,upi
ORD_0006366,CUST_01826,2023-12-15,Beauty,4,21.52,86.08,completed,card
ORD_0006367,CUST_01517,2023-10-23,Sports,5,238.52,1192.6,cancelled,wallet
ORD_0006368,CUST_01255,2024-05-13,Beauty,5,468.89,2344.45,completed,wallet
ORD_0006369,CUST_01376,2024-03-14,Home & Kitchen,4,327.49,1309.96,completed,upi
ORD_0006370,CUST_00713,2024-04-03,Home & Kitchen,4,348.58,1394.32,completed,wallet
ORD_0006371,CUST_00926,2023-08-26,Apparel,4,356.2,1424.8,completed,wallet
ORD_0006372,CUST_01037,2024-04-17,Electronics,1,227.01,227.01,completed,netbanking
ORD_0006373,CUST_01023,2023-12-27,Home & Kitchen,1,332.49,332.49,completed,upi
ORD_0006374,CUST_00094,2024-01-05,Books,1,80.57,80.57,returned,card
ORD_0006375,CUST_01500,2024-06-09,Beauty,2,73.0,146.0,completed,upi
ORD_0006376,CUST_00483,2024-01-20,Electronics,2,384.33,768.66,returned,upi
ORD_0006377,CUST_00435,2023-06-14,Electronics,4,448.53,1794.12,completed,wallet
ORD_0006378,CUST_01513,2024-06-15,Books,5,441.04,2205.2,completed,netbanking
ORD_0006379,CUST_01867,2024-03-14,Books,5,248.41,1242.05,completed,netbanking
ORD_0006380,CUST_01839,2023-07-17,Books,1,67.66,67.66,completed,wallet
ORD_0006381,CUST_00263,2023-09-10,Apparel,5,39.4,197.0,completed,netbanking
ORD_0006382,CUST_01326,2024-06-02,Apparel,5,206.31,1031.55,completed,upi
ORD_0006383,CUST_00431,2023-11-19,Home & Kitchen,2,364.7,729.4,completed,netbanking
ORD_0006384,CUST_01457,2024-03-25,Books,5,426.82,2134.1,completed,netbanking
ORD_0006385,CUST_00946,2024-05-03,Electronics,4,179.72,718.88,completed,card
ORD_0006386,CUST_00732,2024-04-13,Electronics,4,317.26,1269.04,returned,wallet
ORD_0006387,CUST_01083,2023-11-01,Electronics,3,146.75,440.25,completed,wallet
ORD_0006388,CUST_01691,2024-06-22,Apparel,5,305.16,1525.8,completed,upi
ORD_0006389,CUST_00905,2024-03-06,Books,2,208.94,417.88,cancelled,netbanking
ORD_0006390,CUST_00634,2024-03-03,Beauty,4,395.04,1580.16,completed,card
ORD_0006391,CUST_01103,2024-02-01,Sports,1,209.48,209.48,completed,wallet
ORD_0006392,CUST_01469,2024-06-23,Books,2,154.96,309.92,completed,wallet
ORD_0006393,CUST_00898,2024-05-16,Apparel,3,193.69,581.07,completed,upi
ORD_0006394,CUST_01417,2024-04-07,Sports,1,323.88,323.88,completed,wallet
ORD_0006395,CUST_01015,2023-12-14,Apparel,3,69.23,207.69,completed,netbanking
ORD_0006396,CUST_01286,2024-06-15,Books,3,178.31,534.93,completed,card
ORD_0006397,CUST_01483,2024-04-03,Electronics,5,394.0,1970.0,completed,wallet
ORD_0006398,CUST_01315,2023-02-21,Home & Kitchen,3,319.14,957.42,completed,upi
ORD_0006399,CUST_00055,2024-01-29,Electronics,1,247.61,247.61,completed,netbanking
ORD_0006400,CUST_00214,2024-02-06,Home & Kitchen,4,94.31,377.24,completed,card
ORD_0006401,CUST_01308,2024-02-13,Home & Kitchen,5,316.9,1584.5,completed,upi
ORD_0006402,CUST_00530,2023-10-24,Beauty,3,189.34,568.02,returned,upi
ORD_0006403,CUST_00669,2023-05-27,Beauty,4,239.87,959.48,completed,wallet
ORD_0006404,CUST_00657,2024-02-24,Apparel,4,160.93,643.72,completed,netbanking
ORD_0006405,CUST_00443,2024-06-03,Beauty,3,85.67,257.01,completed,upi
ORD_0006406,CUST_00049,2024-03-30,Electronics,2,35.12,70.24,completed,netbanking
ORD_0006407,CUST_01853,2024-06-01,Apparel,4,30.55,122.2,completed,upi
ORD_0006408,CUST_01463,2023-10-16,Sports,1,364.84,364.84,completed,card
ORD_0006409,CUST_01276,2023-11-20,Books,4,475.78,1903.12,completed,card
ORD_0006410,CUST_00113,2024-05-23,Electronics,2,495.73,991.46,completed,netbanking
ORD_0006411,CUST_00799,2024-03-17,Apparel,5,105.6,528.0,completed,card
ORD_0006412,CUST_00866,2024-02-05,Sports,1,204.5,204.5,completed,card
ORD_0006413,CUST_01379,2024-06-11,Home & Kitchen,5,264.71,1323.55,completed,upi
ORD_0006414,CUST_00446,2024-02-20,Home & Kitchen,3,294.37,883.11,completed,card
ORD_0006415,CUST_01640,2023-12-17,Sports,2,26.25,52.5,completed,wallet
ORD_0006416,CUST_01530,2023-08-09,Books,3,38.64,115.92,completed,upi
ORD_0006417,CUST_00198,2024-06-13,Books,3,68.7,206.1,completed,wallet
ORD_0006418,CUST_00969,2024-06-28,Books,2,446.37,892.74,completed,wallet
ORD_0006419,CUST_00725,2023-08-28,Beauty,1,475.16,475.16,completed,netbanking
ORD_0006420,CUST_01841,2024-03-12,Electronics,2,26.07,52.14,returned,upi
ORD_0006421,CUST_00162,2023-12-17,Apparel,4,234.12,936.48,completed,wallet
ORD_0006422,CUST_00520,2024-02-22,Sports,5,436.47,2182.35,completed,wallet
ORD_0006423,CUST_00997,2024-05-04,Books,2,274.95,549.9,completed,wallet
ORD_0006424,CUST_01585,2024-03-08,Sports,4,337.15,1348.6,completed,upi
ORD_0006425,CUST_01855,2024-03-17,Electronics,5,38.09,190.45,completed,upi
ORD_0006426,CUST_00068,2023-12-21,Sports,2,346.64,693.28,completed,upi
ORD_0006427,CUST_01085,2023-11-13,Apparel,3,462.67,1388.01,completed,wallet
ORD_0006428,CUST_01012,2024-04-07,Sports,1,142.17,142.17,returned,wallet
ORD_0006429,CUST_01338,2024-02-02,Sports,2,139.32,278.64,completed,wallet
ORD_0006430,CUST_01125,2024-03-31,Electronics,4,26.97,107.88,cancelled,upi
ORD_0006431,CUST_00857,2023-12-24,Home & Kitchen,4,364.73,1458.92,completed,netbanking
ORD_0006432,CUST_00266,2024-02-06,Beauty,5,131.33,656.65,completed,wallet
ORD_0006433,CUST_00115,2024-01-12,Home & Kitchen,1,445.08,445.08,completed,card
ORD_0006434,CUST_01519,2024-06-06,Electronics,5,416.33,2081.65,completed,wallet
ORD_0006435,CUST_00150,2024-06-20,Books,2,482.92,965.84,completed,netbanking
ORD_0006436,CUST_00540,2024-06-23,Electronics,1,297.62,297.62,completed,netbanking
ORD_0006437,CUST_00407,2024-05-07,Apparel,4,434.76,1739.04,completed,wallet
ORD_0006438,CUST_00939,2024-05-28,Home & Kitchen,3,15.19,45.57,completed,upi
ORD_0006439,CUST_00487,2024-04-07,Home & Kitchen,2,490.37,980.74,completed,netbanking
ORD_0006440,CUST_01581,2024-03-02,Sports,4,14.7,58.8,completed,netbanking
ORD_0006441,CUST_01787,2023-10-18,Electronics,1,296.71,296.71,returned,netbanking
ORD_0006442,CUST_01542,2023-11-18,Apparel,2,96.2,192.4,completed,wallet
ORD_0006443,CUST_01240,2023-09-27,Books,1,47.69,47.69,completed,card
ORD_0006444,CUST_00369,2024-05-23,Beauty,5,358.59,1792.95,completed,card
ORD_0006445,CUST_00831,2024-03-18,Apparel,3,472.62,1417.86,completed,upi
ORD_0006446,CUST_01893,2024-04-02,Electronics,2,277.67,555.34,completed,netbanking
ORD_0006447,CUST_01620,2024-06-04,Books,4,483.65,1934.6,completed,wallet
ORD_0006448,CUST_00767,2024-05-06,Beauty,4,89.27,357.08,completed,netbanking
ORD_0006449,CUST_01722,2024-02-16,Apparel,5,488.65,2443.25,completed,card
ORD_0006450,CUST_01024,2024-06-22,Beauty,2,125.09,250.18,completed,upi
ORD_0006451,CUST_01502,2024-04-23,Books,4,260.5,1042.0,returned,card
ORD_0006452,CUST_00721,2024-06-14,Books,2,427.42,854.84,completed,wallet
ORD_0006453,CUST_01320,2024-06-12,Electronics,1,275.62,275.62,completed,netbanking
ORD_0006454,CUST_00855,2024-02-10,Electronics,2,34.91,69.82,completed,upi
ORD_0006455,CUST_00993,2023-12-03,Beauty,1,311.79,311.79,completed,card
ORD_0006456,CUST_00576,2024-05-23,Sports,1,313.2,313.2,completed,upi
ORD_0006457,CUST_00927,2023-11-09,Electronics,3,79.58,238.74,completed,wallet
ORD_0006458,CUST_00592,2024-05-23,Sports,2,254.41,508.82,completed,upi
ORD_0006459,CUST_01293,2024-06-24,Beauty,4,494.78,1979.12,completed,netbanking
ORD_0006460,CUST_01791,2024-04-23,Books,3,137.4,412.2,returned,upi
ORD_0006461,CUST_01251,2023-12-03,Beauty,2,470.54,941.08,completed,upi
ORD_0006462,CUST_00290,2023-11-19,Apparel,1,342.72,342.72,completed,card
ORD_0006463,CUST_01602,2024-03-19,Beauty,5,256.14,1280.7,returned,wallet
ORD_0006464,CUST_01885,2024-06-04,Sports,5,22.46,112.3,returned,card
ORD_0006465,CUST_01229,2024-03-22,Home & Kitchen,5,364.67,1823.35,completed,upi
ORD_0006466,CUST_00474,2024-01-03,Home & Kitchen,2,224.41,448.82,completed,netbanking
ORD_0006467,CUST_01698,2023-07-28,Sports,2,247.1,494.2,completed,wallet
ORD_0006468,CUST_01001,2023-07-21,Beauty,2,347.85,695.7,completed,upi
ORD_0006469,CUST_00380,2023-06-07,Home & Kitchen,1,402.22,402.22,completed,netbanking
ORD_0006470,CUST_00103,2024-06-28,Sports,1,202.24,202.24,completed,upi
ORD_0006471,CUST_01161,2024-06-06,Electronics,4,134.26,537.04,completed,wallet
ORD_0006472,CUST_00693,2024-06-28,Sports,1,216.81,216.81,completed,netbanking
ORD_0006473,CUST_01707,2024-06-13,Apparel,3,440.58,1321.74,completed,wallet
ORD_0006474,CUST_00873,2024-02-19,Home & Kitchen,3,415.68,1247.04,returned,wallet
ORD_0006475,CUST_00810,2023-12-04,Beauty,4,42.18,168.72,completed,card
ORD_0006476,CUST_00435,2023-07-02,Apparel,1,232.19,232.19,completed,card
ORD_0006477,CUST_01194,2023-07-27,Books,5,138.9,694.5,completed,netbanking
ORD_0006478,CUST_01763,2024-05-05,Books,4,469.25,1877.0,completed,netbanking
ORD_0006479,CUST_01855,2023-04-11,Beauty,4,234.47,937.88,returned,netbanking
ORD_0006480,CUST_00728,2024-06-06,Sports,1,471.35,471.35,completed,wallet
ORD_0006481,CUST_01199,2024-06-02,Apparel,4,40.1,160.4,completed,wallet
ORD_0006482,CUST_00563,2024-02-13,Home & Kitchen,5,357.52,1787.6,completed,netbanking
ORD_0006483,CUST_00481,2024-04-05,Apparel,1,371.59,371.59,returned,netbanking
ORD_0006484,CUST_01995,2024-05-22,Books,3,307.47,922.41,completed,upi
ORD_0006485,CUST_00246,2024-05-15,Home & Kitchen,4,239.98,959.92,completed,netbanking
ORD_0006486,CUST_00303,2023-06-21,Apparel,2,58.38,116.76,completed,upi
ORD_0006487,CUST_01981,2024-05-01,Sports,1,406.93,406.93,returned,upi
ORD_0006488,CUST_01994,2024-04-16,Beauty,1,337.38,337.38,completed,upi
ORD_0006489,CUST_00528,2024-03-12,Home & Kitchen,2,60.93,121.86,completed,upi
ORD_0006490,CUST_01211,2024-01-22,Sports,5,125.83,629.15,completed,upi
ORD_0006491,CUST_00482,2023-10-06,Home & Kitchen,4,59.54,238.16,completed,netbanking
ORD_0006492,CUST_00180,2024-01-31,Beauty,3,328.58,985.74,completed,netbanking
ORD_0006493,CUST_00462,2024-01-07,Sports,4,481.88,1927.52,completed,card
ORD_0006494,CUST_01831,2024-06-13,Apparel,2,465.58,931.16,completed,netbanking
ORD_0006495,CUST_00914,2024-06-17,Home & Kitchen,1,353.76,353.76,returned,upi
ORD_0006496,CUST_00498,2024-06-29,Apparel,5,473.05,2365.25,completed,card
ORD_0006497,CUST_00993,2024-01-07,Apparel,5,290.0,1450.0,completed,upi
ORD_0006498,CUST_00067,2024-06-18,Beauty,5,75.14,375.7,completed,netbanking
ORD_0006499,CUST_00699,2024-04-16,Sports,1,95.11,95.11,cancelled,netbanking
ORD_0006500,CUST_00944,2023-09-16,Beauty,5,214.62,1073.1,cancelled,card
ORD_0006501,CUST_00875,2023-09-19,Sports,3,471.29,1413.87,completed,card
ORD_0006502,CUST_01885,2024-06-15,Books,3,131.91,395.73,completed,upi
ORD_0006503,CUST_00445,2024-06-18,Electronics,5,483.5,2417.5,completed,wallet
ORD_0006504,CUST_00955,2023-12-06,Electronics,4,50.04,200.16,completed,card
ORD_0006505,CUST_00653,2023-08-09,Beauty,2,120.98,241.96,completed,upi
ORD_0006506,CUST_00784,2024-02-16,Beauty,1,72.25,72.25,completed,card
ORD_0006507,CUST_00856,2024-06-29,Electronics,3,481.99,1445.97,completed,wallet
ORD_0006508,CUST_01617,2024-04-18,Electronics,5,158.25,791.25,completed,wallet
ORD_0006509,CUST_01274,2024-01-10,Books,2,493.76,987.52,completed,upi
ORD_0006510,CUST_01750,2023-08-24,Books,3,53.64,160.92,completed,upi
ORD_0006511,CUST_00134,2024-01-03,Sports,4,445.54,1782.16,cancelled,wallet
ORD_0006512,CUST_00643,2024-05-01,Home & Kitchen,3,250.78,752.34,completed,card
ORD_0006513,CUST_01245,2023-09-02,Electronics,3,178.8,536.4,completed,netbanking
ORD_0006514,CUST_00669,2023-03-07,Electronics,3,201.62,604.86,completed,netbanking
ORD_0006515,CUST_01446,2023-11-02,Home & Kitchen,5,424.37,2121.85,completed,wallet
ORD_0006516,CUST_00258,2024-04-10,Home & Kitchen,4,174.78,699.12,completed,card
ORD_0006517,CUST_01192,2023-12-11,Home & Kitchen,1,136.41,136.41,cancelled,card
ORD_0006518,CUST_01263,2023-12-28,Beauty,4,106.33,425.32,completed,upi
ORD_0006519,CUST_01044,2023-12-15,Sports,3,88.62,265.86,completed,card
ORD_0006520,CUST_01927,2023-10-21,Books,2,312.68,625.36,completed,upi
ORD_0006521,CUST_01831,2024-06-09,Sports,2,467.39,934.78,completed,netbanking
ORD_0006522,CUST_01265,2024-06-18,Books,5,236.98,1184.9,completed,netbanking
ORD_0006523,CUST_01049,2024-06-18,Home & Kitchen,5,82.52,412.6,completed,netbanking
ORD_0006524,CUST_00465,2023-12-25,Books,4,106.1,424.4,completed,wallet
ORD_0006525,CUST_00199,2024-05-24,Books,4,408.06,1632.24,completed,upi
ORD_0006526,CUST_01977,2024-05-06,Home & Kitchen,5,381.11,1905.55,cancelled,netbanking
ORD_0006527,CUST_01895,2024-06-17,Sports,1,218.24,218.24,completed,netbanking
ORD_0006528,CUST_01030,2024-06-29,Sports,2,307.38,614.76,completed,card
ORD_0006529,CUST_01243,2024-06-22,Sports,4,354.89,1419.56,completed,netbanking
ORD_0006530,CUST_00249,2023-12-24,Sports,5,110.13,550.65,completed,upi
ORD_0006531,CUST_00175,2023-09-16,Home & Kitchen,5,355.35,1776.75,completed,card
ORD_0006532,CUST_00730,2023-11-15,Electronics,3,363.87,1091.61,completed,wallet
ORD_0006533,CUST_01726,2024-05-12,Apparel,2,162.52,325.04,completed,netbanking
ORD_0006534,CUST_01013,2024-04-03,Home & Kitchen,1,161.52,161.52,completed,wallet
ORD_0006535,CUST_01304,2024-05-05,Home & Kitchen,1,108.51,108.51,cancelled,wallet
ORD_0006536,CUST_00779,2024-06-23,Books,2,34.49,68.98,completed,wallet
ORD_0006537,CUST_01169,2024-06-25,Electronics,5,249.36,1246.8,completed,card
ORD_0006538,CUST_01194,2023-06-11,Home & Kitchen,4,354.95,1419.8,completed,card
ORD_0006539,CUST_01273,2024-05-03,Apparel,1,248.95,248.95,completed,wallet
ORD_0006540,CUST_00211,2024-04-01,Beauty,1,143.24,143.24,completed,wallet
ORD_0006541,CUST_00103,2024-06-27,Apparel,2,286.15,572.3,completed,upi
ORD_0006542,CUST_01686,2024-04-27,Apparel,1,380.95,380.95,completed,card
ORD_0006543,CUST_00368,2024-05-20,Beauty,1,41.36,41.36,completed,wallet
ORD_0006544,CUST_00526,2024-03-30,Electronics,2,312.27,624.54,completed,netbanking
ORD_0006545,CUST_00660,2024-01-14,Apparel,2,245.97,491.94,completed,card
ORD_0006546,CUST_00518,2024-06-29,Beauty,4,179.01,716.04,completed,netbanking
ORD_0006547,CUST_00772,2024-06-12,Books,3,148.93,446.79,completed,upi
ORD_0006548,CUST_01687,2024-03-01,Home & Kitchen,5,276.57,1382.85,returned,wallet
ORD_0006549,CUST_00702,2023-03-14,Apparel,5,460.26,2301.3,completed,upi
ORD_0006550,CUST_01622,2024-04-19,Electronics,5,77.55,387.75,completed,card
ORD_0006551,CUST_00865,2023-12-11,Home & Kitchen,4,334.28,1337.12,completed,netbanking
ORD_0006552,CUST_01648,2024-06-28,Beauty,1,108.65,108.65,completed,upi
ORD_0006553,CUST_01791,2024-01-05,Beauty,1,482.93,482.93,completed,upi
ORD_0006554,CUST_00418,2023-10-26,Beauty,2,468.28,936.56,completed,wallet
ORD_0006555,CUST_00228,2024-04-27,Electronics,2,417.65,835.3,completed,upi
ORD_0006556,CUST_00189,2024-06-21,Books,4,338.55,1354.2,completed,upi
ORD_0006557,CUST_01970,2024-02-01,Books,1,268.75,268.75,completed,card
ORD_0006558,CUST_01383,2024-04-03,Electronics,1,276.56,276.56,completed,upi
ORD_0006559,CUST_01881,2024-06-01,Books,5,128.08,640.4,cancelled,wallet
ORD_0006560,CUST_01864,2023-08-07,Beauty,2,400.89,801.78,completed,wallet
ORD_0006561,CUST_01246,2023-10-12,Books,2,393.34,786.68,completed,card
ORD_0006562,CUST_01851,2023-07-09,Apparel,5,331.18,1655.9,completed,wallet
ORD_0006563,CUST_01422,2023-06-12,Sports,5,201.43,1007.15,cancelled,wallet
ORD_0006564,CUST_00333,2024-06-02,Apparel,1,335.14,335.14,completed,netbanking
ORD_0006565,CUST_01983,2023-09-20,Books,1,120.47,120.47,completed,card
ORD_0006566,CUST_00536,2024-05-09,Sports,1,307.52,307.52,completed,upi
ORD_0006567,CUST_01275,2024-05-24,Apparel,3,385.87,1157.61,completed,wallet
ORD_0006568,CUST_01261,2024-03-07,Sports,5,176.59,882.95,cancelled,card
ORD_0006569,CUST_00051,2023-10-26,Apparel,4,120.97,483.88,returned,upi
ORD_0006570,CUST_00911,2024-05-03,Home & Kitchen,3,411.81,1235.43,completed,card
ORD_0006571,CUST_01760,2023-05-23,Books,3,292.47,877.41,completed,upi
ORD_0006572,CUST_00483,2024-04-16,Home & Kitchen,5,179.08,895.4,completed,card
ORD_0006573,CUST_00151,2024-04-02,Beauty,1,491.17,491.17,cancelled,netbanking
ORD_0006574,CUST_01390,2024-04-28,Sports,3,389.15,1167.45,returned,wallet
ORD_0006575,CUST_01218,2023-09-09,Electronics,1,228.82,228.82,completed,wallet
ORD_0006576,CUST_00029,2024-03-06,Beauty,2,93.32,186.64,completed,wallet
ORD_0006577,CUST_00673,2024-03-25,Home & Kitchen,5,36.77,183.85,completed,upi
ORD_0006578,CUST_01176,2023-08-08,Apparel,1,480.96,480.96,completed,netbanking
ORD_0006579,CUST_00217,2023-10-26,Apparel,2,323.54,647.08,completed,card
ORD_0006580,CUST_00113,2024-04-12,Sports,5,232.39,1161.95,completed,wallet
ORD_0006581,CUST_00670,2024-03-20,Apparel,1,86.31,86.31,completed,card
ORD_0006582,CUST_01012,2024-06-29,Beauty,5,218.9,1094.5,completed,upi
ORD_0006583,CUST_01438,2024-02-17,Electronics,2,87.59,175.18,completed,wallet
ORD_0006584,CUST_00895,2024-04-19,Electronics,5,309.46,1547.3,returned,wallet
ORD_0006585,CUST_00586,2024-06-05,Apparel,2,58.33,116.66,completed,netbanking
ORD_0006586,CUST_01182,2024-05-29,Beauty,3,285.23,855.69,completed,netbanking
ORD_0006587,CUST_01971,2023-12-02,Electronics,3,204.89,614.67,completed,upi
ORD_0006588,CUST_01225,2024-06-10,Electronics,3,424.03,1272.09,completed,netbanking
ORD_0006589,CUST_01792,2023-08-24,Books,1,377.84,377.84,completed,upi
ORD_0006590,CUST_01559,2024-06-09,Books,4,424.52,1698.08,completed,upi
ORD_0006591,CUST_00715,2024-06-09,Home & Kitchen,3,387.12,1161.36,completed,netbanking
ORD_0006592,CUST_01020,2024-04-25,Beauty,4,295.93,1183.72,completed,wallet
ORD_0006593,CUST_00996,2024-03-22,Books,3,67.62,202.86,returned,card
ORD_0006594,CUST_00812,2024-06-26,Sports,5,367.54,1837.7,completed,netbanking
ORD_0006595,CUST_01771,2024-06-18,Sports,1,58.71,58.71,completed,netbanking
ORD_0006596,CUST_01263,2023-07-14,Books,3,212.28,636.84,completed,upi
ORD_0006597,CUST_00870,2024-06-12,Books,4,479.13,1916.52,completed,card
ORD_0006598,CUST_01737,2024-05-13,Home & Kitchen,5,33.07,165.35,completed,wallet
ORD_0006599,CUST_01719,2023-03-23,Beauty,4,117.97,471.88,completed,upi
ORD_0006600,CUST_01034,2024-06-17,Electronics,1,360.84,360.84,completed,wallet
ORD_0006601,CUST_00677,2023-03-12,Sports,2,23.52,47.04,completed,netbanking
ORD_0006602,CUST_00358,2024-04-23,Apparel,2,385.31,770.62,completed,upi
ORD_0006603,CUST_01190,2024-06-11,Books,3,140.06,420.18,cancelled,upi
ORD_0006604,CUST_01840,2024-02-22,Beauty,4,129.3,517.2,completed,netbanking
ORD_0006605,CUST_01048,2024-05-24,Books,3,299.14,897.42,completed,netbanking
ORD_0006606,CUST_01373,2023-05-13,Home & Kitchen,2,339.72,679.44,completed,upi
ORD_0006607,CUST_01496,2024-02-04,Apparel,2,449.8,899.6,completed,netbanking
ORD_0006608,CUST_01169,2024-06-06,Electronics,5,344.42,1722.1,completed,netbanking
ORD_0006609,CUST_00457,2024-05-10,Apparel,5,359.02,1795.1,completed,wallet
ORD_0006610,CUST_01336,2024-06-11,Electronics,3,48.78,146.34,completed,card
ORD_0006611,CUST_00135,2024-05-16,Sports,4,337.0,1348.0,completed,card
ORD_0006612,CUST_00251,2024-01-20,Books,3,447.9,1343.7,completed,wallet
ORD_0006613,CUST_01743,2023-10-29,Beauty,5,275.95,1379.75,completed,card
ORD_0006614,CUST_00645,2023-04-19,Home & Kitchen,3,339.54,1018.62,completed,wallet
ORD_0006615,CUST_01301,2024-03-04,Beauty,5,330.65,1653.25,cancelled,card
ORD_0006616,CUST_00058,2024-05-27,Sports,5,250.46,1252.3,completed,netbanking
ORD_0006617,CUST_00733,2024-06-26,Electronics,3,92.32,276.96,completed,upi
ORD_0006618,CUST_00035,2024-06-20,Electronics,5,453.36,2266.8,returned,upi
ORD_0006619,CUST_01117,2024-02-28,Electronics,3,142.99,428.97,returned,wallet
ORD_0006620,CUST_00357,2024-01-10,Home & Kitchen,3,27.06,81.18,completed,netbanking
ORD_0006621,CUST_01817,2023-04-23,Apparel,5,33.59,167.95,completed,wallet
ORD_0006622,CUST_01555,2024-03-29,Books,1,491.32,491.32,returned,wallet
ORD_0006623,CUST_01347,2024-06-28,Beauty,4,55.4,221.6,completed,netbanking
ORD_0006624,CUST_00231,2024-05-30,Apparel,3,409.96,1229.88,returned,netbanking
ORD_0006625,CUST_01615,2024-05-21,Sports,2,196.13,392.26,completed,netbanking
ORD_0006626,CUST_01205,2023-11-07,Books,5,485.0,2425.0,completed,card
ORD_0006627,CUST_01420,2024-06-19,Apparel,5,313.49,1567.45,returned,wallet
ORD_0006628,CUST_01227,2024-06-26,Books,1,412.1,412.1,completed,netbanking
ORD_0006629,CUST_01225,2023-09-14,Sports,4,444.33,1777.32,completed,wallet
ORD_0006630,CUST_00870,2024-06-09,Beauty,1,15.27,15.27,completed,card
ORD_0006631,CUST_01348,2023-10-19,Home & Kitchen,1,462.21,462.21,completed,wallet
ORD_0006632,CUST_01196,2023-03-31,Books,3,476.22,1428.66,completed,netbanking
ORD_0006633,CUST_01231,2023-12-03,Beauty,2,285.6,571.2,completed,upi
ORD_0006634,CUST_00419,2024-06-11,Sports,3,287.86,863.58,completed,netbanking
ORD_0006635,CUST_01213,2024-06-04,Sports,1,128.93,128.93,completed,wallet
ORD_0006636,CUST_01784,2024-03-10,Electronics,1,284.96,284.96,completed,card
ORD_0006637,CUST_00246,2023-10-21,Sports,2,400.21,800.42,completed,upi
ORD_0006638,CUST_00427,2024-02-23,Apparel,1,140.31,140.31,completed,wallet
ORD_0006639,CUST_00026,2024-05-22,Sports,1,80.82,80.82,completed,wallet
ORD_0006640,CUST_00492,2024-04-24,Sports,5,247.79,1238.95,completed,card
ORD_0006641,CUST_00394,2023-08-04,Sports,2,370.81,741.62,cancelled,upi
ORD_0006642,CUST_01801,2023-05-24,Home & Kitchen,3,148.13,444.39,completed,upi
ORD_0006643,CUST_01765,2024-03-04,Sports,1,305.81,305.81,completed,card
ORD_0006644,CUST_00851,2024-06-17,Electronics,5,183.09,915.45,returned,card
ORD_0006645,CUST_01641,2024-03-28,Home & Kitchen,2,337.61,675.22,cancelled,card
ORD_0006646,CUST_00031,2024-05-30,Apparel,2,260.48,520.96,completed,card
ORD_0006647,CUST_01022,2024-03-15,Beauty,1,274.19,274.19,returned,upi
ORD_0006648,CUST_01745,2023-08-12,Beauty,2,252.26,504.52,completed,netbanking
ORD_0006649,CUST_00072,2023-10-18,Beauty,1,421.41,421.41,completed,upi
ORD_0006650,CUST_00681,2024-01-22,Apparel,4,119.37,477.48,cancelled,card
ORD_0006651,CUST_00477,2023-12-21,Apparel,5,90.0,450.0,completed,netbanking
ORD_0006652,CUST_01755,2024-06-15,Beauty,5,478.42,2392.1,completed,wallet
ORD_0006653,CUST_01133,2024-04-23,Electronics,3,207.97,623.91,completed,wallet
ORD_0006654,CUST_00018,2024-03-26,Sports,4,90.41,361.64,completed,card
ORD_0006655,CUST_01687,2024-01-17,Beauty,3,14.82,44.46,completed,netbanking
ORD_0006656,CUST_01473,2024-05-22,Sports,2,200.54,401.08,completed,upi
ORD_0006657,CUST_01820,2023-11-10,Electronics,1,320.15,320.15,completed,netbanking
ORD_0006658,CUST_00525,2024-06-21,Beauty,4,275.46,1101.84,cancelled,netbanking
ORD_0006659,CUST_00056,2024-05-23,Electronics,2,411.72,823.44,returned,netbanking
ORD_0006660,CUST_01042,2024-06-19,Home & Kitchen,5,135.71,678.55,completed,netbanking
ORD_0006661,CUST_01506,2024-05-30,Home & Kitchen,4,78.98,315.92,completed,upi
ORD_0006662,CUST_01350,2024-04-28,Home & Kitchen,3,249.84,749.52,cancelled,card
ORD_0006663,CUST_00918,2024-02-27,Home & Kitchen,4,123.15,492.6,completed,netbanking
ORD_0006664,CUST_01666,2023-11-02,Home & Kitchen,3,59.43,178.29,completed,netbanking
ORD_0006665,CUST_00862,2024-04-22,Electronics,4,161.63,646.52,completed,netbanking
ORD_0006666,CUST_00328,2023-12-11,Sports,2,354.61,709.22,completed,wallet
ORD_0006667,CUST_00611,2024-05-27,Sports,3,433.64,1300.92,completed,card
ORD_0006668,CUST_00513,2024-03-29,Sports,1,243.06,243.06,completed,card
ORD_0006669,CUST_00487,2023-07-08,Beauty,2,390.65,781.3,completed,wallet
ORD_0006670,CUST_00697,2024-02-21,Apparel,5,117.2,586.0,completed,wallet
ORD_0006671,CUST_01834,2023-11-04,Home & Kitchen,4,371.52,1486.08,completed,upi
ORD_0006672,CUST_00335,2023-07-23,Home & Kitchen,1,90.43,90.43,cancelled,card
ORD_0006673,CUST_01468,2024-02-08,Home & Kitchen,5,341.92,1709.6,completed,upi
ORD_0006674,CUST_00590,2023-12-25,Books,2,98.4,196.8,returned,card
ORD_0006675,CUST_00911,2024-03-30,Home & Kitchen,1,303.6,303.6,completed,wallet
ORD_0006676,CUST_00101,2024-03-27,Apparel,1,429.38,429.38,completed,wallet
ORD_0006677,CUST_01922,2024-05-20,Home & Kitchen,2,120.79,241.58,completed,card
ORD_0006678,CUST_01088,2023-09-23,Beauty,5,102.69,513.45,completed,netbanking
ORD_0006679,CUST_01398,2024-06-24,Apparel,2,484.97,969.94,completed,card
ORD_0006680,CUST_01081,2024-02-19,Home & Kitchen,3,402.04,1206.12,returned,card
ORD_0006681,CUST_01141,2024-06-28,Sports,3,384.95,1154.85,completed,card
ORD_0006682,CUST_01081,2023-08-16,Sports,1,401.5,401.5,completed,upi
ORD_0006683,CUST_01150,2023-12-08,Beauty,4,410.76,1643.04,completed,netbanking
ORD_0006684,CUST_00277,2024-06-23,Apparel,1,211.74,211.74,completed,netbanking
ORD_0006685,CUST_00696,2024-04-26,Home & Kitchen,3,105.77,317.31,completed,wallet
ORD_0006686,CUST_01459,2024-03-03,Beauty,5,227.95,1139.75,completed,card
ORD_0006687,CUST_01698,2023-10-05,Home & Kitchen,2,152.6,305.2,completed,card
ORD_0006688,CUST_01774,2023-12-08,Beauty,5,326.14,1630.7,completed,wallet
ORD_0006689,CUST_00461,2023-07-22,Apparel,4,104.42,417.68,completed,upi
ORD_0006690,CUST_00008,2024-06-27,Beauty,5,331.1,1655.5,completed,upi
ORD_0006691,CUST_00627,2023-10-20,Sports,4,256.33,1025.32,completed,wallet
ORD_0006692,CUST_00244,2023-11-08,Apparel,1,456.24,456.24,completed,wallet
ORD_0006693,CUST_01914,2023-07-06,Electronics,1,81.77,81.77,completed,upi
ORD_0006694,CUST_00965,2023-07-18,Sports,3,152.52,457.56,completed,card
ORD_0006695,CUST_00903,2024-05-02,Electronics,5,295.61,1478.05,completed,upi
ORD_0006696,CUST_00175,2023-03-27,Sports,5,237.11,1185.55,completed,card
ORD_0006697,CUST_00873,2024-05-07,Electronics,3,428.68,1286.04,cancelled,card
ORD_0006698,CUST_00108,2024-04-21,Electronics,3,155.4,466.2,completed,wallet
ORD_0006699,CUST_00897,2024-01-26,Apparel,1,67.39,67.39,completed,wallet
ORD_0006700,CUST_00282,2023-11-02,Electronics,4,190.26,761.04,cancelled,card
ORD_0006701,CUST_00442,2024-05-30,Home & Kitchen,4,377.69,1510.76,completed,netbanking
ORD_0006702,CUST_00490,2024-06-09,Apparel,4,496.92,1987.68,completed,wallet
ORD_0006703,CUST_01990,2024-06-08,Home & Kitchen,5,142.04,710.2,completed,wallet
ORD_0006704,CUST_00465,2024-05-18,Electronics,1,463.67,463.67,completed,card
ORD_0006705,CUST_01098,2023-07-05,Books,2,209.44,418.88,cancelled,netbanking
ORD_0006706,CUST_01691,2024-06-20,Beauty,1,78.27,78.27,completed,card
ORD_0006707,CUST_01524,2024-04-09,Books,1,35.82,35.82,completed,wallet
ORD_0006708,CUST_00051,2023-10-10,Books,1,197.95,197.95,completed,upi
ORD_0006709,CUST_01386,2024-06-27,Apparel,2,433.24,866.48,completed,netbanking
ORD_0006710,CUST_00577,2024-06-16,Beauty,4,174.96,699.84,completed,wallet
ORD_0006711,CUST_00771,2024-01-22,Electronics,1,221.91,221.91,completed,netbanking
ORD_0006712,CUST_01842,2023-05-08,Apparel,2,198.58,397.16,completed,netbanking
ORD_0006713,CUST_00325,2024-03-05,Home & Kitchen,4,88.0,352.0,completed,wallet
ORD_0006714,CUST_01776,2024-03-23,Beauty,2,92.0,184.0,completed,card
ORD_0006715,CUST_01010,2024-04-24,Home & Kitchen,4,298.13,1192.52,returned,netbanking
ORD_0006716,CUST_01925,2024-04-21,Apparel,2,154.17,308.34,completed,netbanking
ORD_0006717,CUST_01224,2024-01-10,Apparel,3,485.33,1455.99,completed,wallet
ORD_0006718,CUST_01091,2024-06-15,Books,4,143.18,572.72,completed,wallet
ORD_0006719,CUST_00082,2023-10-24,Sports,3,426.72,1280.16,completed,upi
ORD_0006720,CUST_00142,2024-04-18,Home & Kitchen,4,32.72,130.88,completed,netbanking
ORD_0006721,CUST_00481,2024-02-03,Electronics,2,464.21,928.42,completed,netbanking
ORD_0006722,CUST_00574,2024-02-25,Home & Kitchen,3,12.36,37.08,completed,netbanking
ORD_0006723,CUST_00438,2024-03-06,Electronics,5,488.1,2440.5,completed,wallet
ORD_0006724,CUST_01716,2024-05-17,Sports,1,270.29,270.29,completed,netbanking
ORD_0006725,CUST_01828,2024-01-15,Apparel,5,325.99,1629.95,completed,netbanking
ORD_0006726,CUST_00539,2024-06-27,Sports,4,192.79,771.16,completed,wallet
ORD_0006727,CUST_00533,2024-05-19,Apparel,3,369.48,1108.44,completed,card
ORD_0006728,CUST_01498,2023-09-17,Apparel,2,198.44,396.88,completed,netbanking
ORD_0006729,CUST_00827,2024-05-05,Books,3,296.73,890.19,returned,netbanking
ORD_0006730,CUST_00127,2024-06-01,Beauty,4,266.01,1064.04,returned,wallet
ORD_0006731,CUST_01898,2023-09-07,Sports,3,123.95,371.85,completed,card
ORD_0006732,CUST_01113,2024-02-22,Sports,4,265.98,1063.92,completed,card
ORD_0006733,CUST_00221,2024-05-13,Beauty,5,452.46,2262.3,returned,upi
ORD_0006734,CUST_01646,2023-11-17,Beauty,4,246.33,985.32,completed,upi
ORD_0006735,CUST_00951,2024-03-28,Electronics,2,116.01,232.02,completed,card
ORD_0006736,CUST_01483,2024-02-02,Home & Kitchen,5,481.05,2405.25,returned,wallet
ORD_0006737,CUST_00391,2024-01-05,Sports,1,402.78,402.78,returned,netbanking
ORD_0006738,CUST_00927,2023-10-28,Apparel,3,109.91,329.73,completed,upi
ORD_0006739,CUST_00771,2023-11-26,Electronics,2,345.15,690.3,completed,netbanking
ORD_0006740,CUST_01653,2024-06-24,Electronics,3,397.28,1191.84,completed,wallet
ORD_0006741,CUST_00323,2024-05-16,Beauty,5,417.31,2086.55,completed,card
ORD_0006742,CUST_00433,2023-12-17,Electronics,4,170.76,683.04,completed,upi
ORD_0006743,CUST_00315,2024-06-29,Electronics,5,140.41,702.05,cancelled,wallet
ORD_0006744,CUST_00159,2024-04-18,Beauty,1,377.7,377.7,completed,wallet
ORD_0006745,CUST_00208,2024-03-29,Books,3,211.92,635.76,completed,wallet
ORD_0006746,CUST_00976,2024-06-28,Beauty,2,243.13,486.26,completed,wallet
ORD_0006747,CUST_01643,2024-03-24,Sports,2,229.23,458.46,completed,netbanking
ORD_0006748,CUST_00848,2024-01-31,Books,1,31.13,31.13,completed,wallet
ORD_0006749,CUST_00964,2024-05-08,Beauty,1,10.78,10.78,completed,card
ORD_0006750,CUST_01052,2023-09-30,Beauty,2,191.48,382.96,completed,wallet
ORD_0006751,CUST_00781,2024-05-05,Books,1,276.64,276.64,completed,netbanking
ORD_0006752,CUST_01611,2024-04-01,Books,4,30.09,120.36,completed,card
ORD_0006753,CUST_00206,2023-03-16,Apparel,2,377.63,755.26,completed,upi
ORD_0006754,CUST_01439,2024-01-11,Sports,5,416.09,2080.45,completed,card
ORD_0006755,CUST_01731,2024-06-12,Electronics,1,462.11,462.11,completed,card
ORD_0006756,CUST_01504,2024-03-26,Home & Kitchen,5,106.0,530.0,completed,card
ORD_0006757,CUST_00011,2024-04-26,Books,4,458.78,1835.12,completed,wallet
ORD_0006758,CUST_01727,2023-06-10,Electronics,1,421.0,421.0,completed,netbanking
ORD_0006759,CUST_00163,2023-05-21,Apparel,4,122.38,489.52,completed,upi
ORD_0006760,CUST_00744,2024-01-26,Apparel,5,196.75,983.75,returned,netbanking
ORD_0006761,CUST_01039,2024-03-17,Apparel,1,221.98,221.98,completed,wallet
ORD_0006762,CUST_00041,2024-06-10,Home & Kitchen,3,134.05,402.15,completed,wallet
ORD_0006763,CUST_00648,2023-10-03,Beauty,1,486.3,486.3,completed,upi
ORD_0006764,CUST_01846,2024-06-17,Apparel,5,335.04,1675.2,returned,netbanking
ORD_0006765,CUST_01304,2024-06-20,Books,1,172.34,172.34,cancelled,netbanking
ORD_0006766,CUST_00005,2024-02-19,Home & Kitchen,3,79.4,238.2,completed,upi
ORD_0006767,CUST_00858,2024-01-24,Apparel,2,482.77,965.54,completed,wallet
ORD_0006768,CUST_01289,2024-06-14,Books,3,256.55,769.65,cancelled,upi
ORD_0006769,CUST_00315,2024-06-04,Electronics,2,18.14,36.28,completed,upi
ORD_0006770,CUST_00030,2024-04-08,Books,1,391.28,391.28,completed,wallet
ORD_0006771,CUST_00574,2024-04-13,Apparel,5,443.35,2216.75,completed,wallet
ORD_0006772,CUST_01136,2024-04-07,Sports,4,456.88,1827.52,completed,netbanking
ORD_0006773,CUST_01254,2024-02-24,Sports,2,25.32,50.64,returned,wallet
ORD_0006774,CUST_00802,2024-01-13,Books,4,95.56,382.24,completed,upi
ORD_0006775,CUST_01941,2024-06-13,Home & Kitchen,4,473.27,1893.08,returned,card
ORD_0006776,CUST_01858,2023-06-10,Books,3,398.07,1194.21,completed,wallet
ORD_0006777,CUST_00610,2024-04-26,Home & Kitchen,3,433.8,1301.4,completed,netbanking
ORD_0006778,CUST_01501,2023-12-07,Books,4,178.63,714.52,completed,card
ORD_0006779,CUST_00503,2024-05-27,Apparel,4,64.51,258.04,completed,wallet
ORD_0006780,CUST_01029,2024-05-04,Apparel,5,113.82,569.1,completed,wallet
ORD_0006781,CUST_01577,2024-02-11,Apparel,2,469.26,938.52,returned,wallet
ORD_0006782,CUST_00873,2024-04-21,Sports,3,380.52,1141.56,completed,upi
ORD_0006783,CUST_01024,2023-12-07,Home & Kitchen,5,387.51,1937.55,cancelled,netbanking
ORD_0006784,CUST_00702,2024-05-23,Apparel,3,327.33,981.99,returned,card
ORD_0006785,CUST_01475,2023-04-08,Home & Kitchen,2,325.16,650.32,completed,wallet
ORD_0006786,CUST_00669,2024-05-17,Apparel,3,185.95,557.85,completed,upi
ORD_0006787,CUST_00441,2023-09-07,Home & Kitchen,2,159.76,319.52,completed,upi
ORD_0006788,CUST_00715,2024-06-03,Apparel,4,262.19,1048.76,cancelled,wallet
ORD_0006789,CUST_01672,2024-05-24,Home & Kitchen,4,338.7,1354.8,completed,upi
ORD_0006790,CUST_01361,2024-01-25,Sports,2,422.22,844.44,completed,card
ORD_0006791,CUST_00414,2024-06-20,Electronics,4,323.02,1292.08,completed,card
ORD_0006792,CUST_01844,2024-01-17,Electronics,4,246.08,984.32,completed,netbanking
ORD_0006793,CUST_01796,2024-03-23,Home & Kitchen,1,463.42,463.42,completed,card
ORD_0006794,CUST_01304,2024-02-29,Home & Kitchen,2,113.8,227.6,completed,netbanking
ORD_0006795,CUST_00329,2024-05-19,Sports,1,65.44,65.44,completed,wallet
ORD_0006796,CUST_00692,2023-08-21,Books,5,390.12,1950.6,completed,wallet
ORD_0006797,CUST_01804,2024-05-16,Books,3,21.1,63.3,returned,upi
ORD_0006798,CUST_00248,2024-01-08,Sports,1,28.84,28.84,completed,card
ORD_0006799,CUST_00128,2023-04-22,Home & Kitchen,5,428.92,2144.6,completed,card
ORD_0006800,CUST_00285,2024-04-22,Electronics,4,120.38,481.52,completed,netbanking
ORD_0006801,CUST_00814,2024-06-12,Beauty,3,81.55,244.65,completed,upi
ORD_0006802,CUST_01134,2023-09-12,Apparel,5,94.83,474.15,cancelled,wallet
ORD_0006803,CUST_01659,2024-03-07,Beauty,4,370.92,1483.68,completed,card
ORD_0006804,CUST_00634,2023-07-20,Books,1,375.83,375.83,completed,wallet
ORD_0006805,CUST_00161,2024-02-07,Apparel,1,140.4,140.4,completed,netbanking
ORD_0006806,CUST_00275,2024-02-16,Beauty,1,399.11,399.11,cancelled,netbanking
ORD_0006807,CUST_01497,2024-05-10,Apparel,1,147.82,147.82,completed,upi
ORD_0006808,CUST_01708,2024-06-05,Electronics,5,437.31,2186.55,completed,netbanking
ORD_0006809,CUST_01452,2024-05-22,Beauty,2,348.35,696.7,completed,netbanking
ORD_0006810,CUST_01861,2023-11-27,Home & Kitchen,1,184.31,184.31,completed,netbanking
ORD_0006811,CUST_00505,2024-06-13,Home & Kitchen,5,153.47,767.35,completed,wallet
ORD_0006812,CUST_01641,2024-02-07,Sports,3,173.52,520.56,completed,upi
ORD_0006813,CUST_00384,2023-10-23,Home & Kitchen,3,178.95,536.85,completed,netbanking
ORD_0006814,CUST_00311,2024-04-08,Home & Kitchen,1,14.61,14.61,completed,wallet
ORD_0006815,CUST_00243,2023-07-26,Home & Kitchen,4,228.3,913.2,returned,netbanking
ORD_0006816,CUST_00428,2024-03-07,Books,1,363.43,363.43,completed,wallet
ORD_0006817,CUST_00788,2024-04-02,Apparel,4,301.32,1205.28,completed,netbanking
ORD_0006818,CUST_01641,2024-03-09,Beauty,1,25.93,25.93,completed,upi
ORD_0006819,CUST_01341,2023-11-14,Sports,3,471.73,1415.19,completed,upi
ORD_0006820,CUST_01775,2024-06-23,Apparel,3,206.14,618.42,completed,wallet
ORD_0006821,CUST_01369,2024-06-04,Home & Kitchen,2,61.69,123.38,completed,netbanking
ORD_0006822,CUST_01088,2024-01-16,Electronics,1,70.27,70.27,completed,card
ORD_0006823,CUST_00129,2023-12-31,Apparel,3,69.73,209.19,completed,netbanking
ORD_0006824,CUST_01142,2023-11-30,Home & Kitchen,4,79.6,318.4,returned,upi
ORD_0006825,CUST_00255,2024-04-19,Sports,1,176.49,176.49,completed,upi
ORD_0006826,CUST_01133,2024-05-18,Books,5,243.03,1215.15,cancelled,upi
ORD_0006827,CUST_00663,2024-03-31,Beauty,5,115.71,578.55,completed,card
ORD_0006828,CUST_01870,2023-09-18,Home & Kitchen,3,393.88,1181.64,completed,upi
ORD_0006829,CUST_00678,2024-06-27,Books,2,363.57,727.14,completed,wallet
ORD_0006830,CUST_01610,2024-06-15,Apparel,2,339.91,679.82,returned,wallet
ORD_0006831,CUST_00169,2024-04-16,Sports,2,10.09,20.18,completed,wallet
ORD_0006832,CUST_01354,2024-06-28,Apparel,4,283.58,1134.32,completed,wallet
ORD_0006833,CUST_00986,2023-12-17,Books,1,164.09,164.09,completed,upi
ORD_0006834,CUST_00097,2024-06-21,Beauty,4,432.04,1728.16,cancelled,card
ORD_0006835,CUST_01694,2023-11-20,Electronics,4,311.81,1247.24,completed,upi
ORD_0006836,CUST_01501,2024-06-12,Beauty,3,483.24,1449.72,completed,netbanking
ORD_0006837,CUST_01158,2023-10-09,Home & Kitchen,3,48.56,145.68,returned,upi
ORD_0006838,CUST_00421,2023-05-06,Books,1,52.69,52.69,completed,netbanking
ORD_0006839,CUST_00640,2023-03-25,Apparel,2,199.54,399.08,completed,card
ORD_0006840,CUST_00806,2024-05-30,Books,1,360.72,360.72,completed,upi
ORD_0006841,CUST_01403,2024-04-05,Apparel,1,279.42,279.42,completed,card
ORD_0006842,CUST_00876,2023-11-20,Beauty,4,55.69,222.76,returned,wallet
ORD_0006843,CUST_01505,2024-01-02,Books,5,262.61,1313.05,completed,netbanking
ORD_0006844,CUST_01047,2024-04-27,Home & Kitchen,3,477.07,1431.21,cancelled,upi
ORD_0006845,CUST_00061,2023-11-05,Home & Kitchen,4,326.4,1305.6,returned,wallet
ORD_0006846,CUST_01512,2024-06-01,Electronics,4,460.93,1843.72,completed,netbanking
ORD_0006847,CUST_01841,2024-04-28,Sports,3,435.22,1305.66,completed,wallet
ORD_0006848,CUST_00501,2023-11-04,Apparel,2,443.96,887.92,returned,upi
ORD_0006849,CUST_01446,2024-01-19,Books,2,29.47,58.94,completed,wallet
ORD_0006850,CUST_01409,2024-02-14,Electronics,4,207.88,831.52,completed,card
ORD_0006851,CUST_00383,2024-05-07,Books,1,233.67,233.67,completed,card
ORD_0006852,CUST_01918,2024-06-03,Home & Kitchen,5,323.95,1619.75,completed,netbanking
ORD_0006853,CUST_01458,2024-02-23,Electronics,4,50.11,200.44,completed,wallet
ORD_0006854,CUST_00763,2024-02-29,Home & Kitchen,2,76.6,153.2,completed,card
ORD_0006855,CUST_01329,2024-03-22,Home & Kitchen,1,98.5,98.5,completed,netbanking
ORD_0006856,CUST_00401,2024-06-19,Sports,4,264.98,1059.92,returned,netbanking
ORD_0006857,CUST_01195,2024-05-16,Electronics,4,34.53,138.12,returned,upi
ORD_0006858,CUST_00016,2024-03-26,Beauty,4,61.77,247.08,completed,card
ORD_0006859,CUST_01214,2023-11-05,Apparel,5,319.38,1596.9,completed,card
ORD_0006860,CUST_01037,2024-06-11,Sports,5,405.32,2026.6,returned,card
ORD_0006861,CUST_01953,2024-04-25,Sports,5,244.15,1220.75,completed,wallet
ORD_0006862,CUST_00681,2023-12-19,Electronics,1,425.34,425.34,completed,netbanking
ORD_0006863,CUST_00936,2024-04-22,Electronics,1,60.24,60.24,cancelled,wallet
ORD_0006864,CUST_01460,2024-03-05,Apparel,3,377.2,1131.6,completed,netbanking
ORD_0006865,CUST_01223,2024-03-09,Sports,3,73.05,219.15,completed,upi
ORD_0006866,CUST_01046,2023-10-21,Home & Kitchen,4,437.42,1749.68,completed,card
ORD_0006867,CUST_00999,2024-06-17,Electronics,2,48.06,96.12,returned,wallet
ORD_0006868,CUST_01845,2024-05-17,Apparel,5,130.52,652.6,completed,wallet
ORD_0006869,CUST_01386,2024-06-27,Home & Kitchen,2,393.87,787.74,completed,upi
ORD_0006870,CUST_01951,2024-06-23,Electronics,4,333.02,1332.08,completed,upi
ORD_0006871,CUST_00657,2024-04-18,Home & Kitchen,4,316.75,1267.0,completed,upi
ORD_0006872,CUST_01221,2023-11-01,Electronics,4,93.05,372.2,completed,netbanking
ORD_0006873,CUST_01096,2024-06-28,Electronics,4,94.35,377.4,returned,upi
ORD_0006874,CUST_00589,2023-06-08,Electronics,2,394.25,788.5,completed,netbanking
ORD_0006875,CUST_00824,2023-03-29,Sports,4,162.46,649.84,completed,wallet
ORD_0006876,CUST_00668,2024-05-04,Home & Kitchen,3,326.39,979.17,completed,netbanking
ORD_0006877,CUST_00624,2024-05-01,Sports,5,79.77,398.85,returned,wallet
ORD_0006878,CUST_00446,2024-05-14,Electronics,5,333.16,1665.8,completed,netbanking
ORD_0006879,CUST_01855,2023-11-01,Books,5,276.21,1381.05,cancelled,netbanking
ORD_0006880,CUST_01683,2024-05-05,Electronics,3,38.45,115.35,completed,upi
ORD_0006881,CUST_00636,2023-12-17,Beauty,3,36.39,109.17,completed,netbanking
ORD_0006882,CUST_01420,2024-06-20,Books,5,285.69,1428.45,completed,upi
ORD_0006883,CUST_01118,2024-02-28,Books,3,153.64,460.92,completed,netbanking
ORD_0006884,CUST_00178,2024-02-02,Beauty,3,374.68,1124.04,returned,upi
ORD_0006885,CUST_00540,2024-06-18,Books,1,217.72,217.72,returned,upi
ORD_0006886,CUST_01252,2024-04-01,Books,5,472.7,2363.5,returned,netbanking
ORD_0006887,CUST_00864,2024-06-01,Books,1,439.57,439.57,completed,upi
ORD_0006888,CUST_01827,2024-04-26,Books,2,114.85,229.7,completed,wallet
ORD_0006889,CUST_00931,2024-05-25,Electronics,3,424.97,1274.91,returned,netbanking
ORD_0006890,CUST_00416,2024-05-08,Beauty,4,451.98,1807.92,completed,card
ORD_0006891,CUST_01065,2024-02-03,Apparel,1,452.02,452.02,completed,netbanking
ORD_0006892,CUST_00073,2024-04-27,Sports,3,371.15,1113.45,completed,card
ORD_0006893,CUST_01884,2024-06-24,Apparel,2,346.86,693.72,returned,card
ORD_0006894,CUST_00433,2023-08-04,Books,1,224.19,224.19,completed,wallet
ORD_0006895,CUST_01439,2023-12-14,Sports,1,422.84,422.84,cancelled,wallet
ORD_0006896,CUST_01042,2024-05-20,Beauty,4,360.9,1443.6,completed,netbanking
ORD_0006897,CUST_00717,2024-04-13,Home & Kitchen,4,313.41,1253.64,completed,wallet
ORD_0006898,CUST_00175,2023-04-03,Electronics,3,438.15,1314.45,completed,netbanking
ORD_0006899,CUST_00854,2023-05-21,Books,5,36.53,182.65,completed,upi
ORD_0006900,CUST_01639,2023-09-22,Electronics,5,403.48,2017.4,completed,upi
ORD_0006901,CUST_01943,2023-07-30,Books,4,338.59,1354.36,completed,wallet
ORD_0006902,CUST_01111,2024-03-29,Home & Kitchen,5,289.93,1449.65,completed,card
ORD_0006903,CUST_00469,2024-01-05,Home & Kitchen,4,470.26,1881.04,completed,upi
ORD_0006904,CUST_00102,2023-11-25,Electronics,2,138.14,276.28,completed,upi
ORD_0006905,CUST_00081,2024-05-14,Home & Kitchen,4,498.86,1995.44,returned,upi
ORD_0006906,CUST_00443,2024-05-29,Home & Kitchen,2,421.18,842.36,completed,wallet
ORD_0006907,CUST_00896,2023-07-29,Beauty,2,358.87,717.74,completed,wallet
ORD_0006908,CUST_01768,2023-04-12,Beauty,1,274.56,274.56,completed,upi
ORD_0006909,CUST_01547,2024-06-26,Home & Kitchen,4,36.32,145.28,completed,wallet
ORD_0006910,CUST_01112,2023-12-12,Beauty,4,44.22,176.88,completed,wallet
ORD_0006911,CUST_00843,2024-05-17,Beauty,4,84.64,338.56,cancelled,upi
ORD_0006912,CUST_00687,2024-02-21,Electronics,3,207.96,623.88,cancelled,upi
ORD_0006913,CUST_01743,2023-12-05,Beauty,3,373.1,1119.3,returned,upi
ORD_0006914,CUST_01401,2024-05-31,Beauty,3,283.64,850.92,completed,netbanking
ORD_0006915,CUST_00502,2024-02-04,Electronics,2,436.36,872.72,completed,netbanking
ORD_0006916,CUST_01182,2023-09-10,Electronics,3,33.38,100.14,returned,netbanking
ORD_0006917,CUST_00213,2024-05-07,Books,4,25.68,102.72,completed,upi
ORD_0006918,CUST_01812,2024-02-29,Apparel,4,364.18,1456.72,completed,netbanking
ORD_0006919,CUST_01674,2024-06-28,Home & Kitchen,2,162.54,325.08,returned,wallet
ORD_0006920,CUST_00254,2024-06-11,Books,5,290.44,1452.2,returned,wallet
ORD_0006921,CUST_00333,2024-06-29,Books,1,382.22,382.22,completed,netbanking
ORD_0006922,CUST_01491,2024-01-16,Electronics,5,97.04,485.2,returned,wallet
ORD_0006923,CUST_00279,2024-05-28,Apparel,3,275.56,826.68,completed,netbanking
ORD_0006924,CUST_01830,2023-06-16,Electronics,4,385.64,1542.56,completed,wallet
ORD_0006925,CUST_01401,2024-01-31,Apparel,4,125.6,502.4,completed,card
ORD_0006926,CUST_01357,2023-12-19,Electronics,5,200.84,1004.2,completed,wallet
ORD_0006927,CUST_01432,2024-06-27,Books,3,55.1,165.3,completed,wallet
ORD_0006928,CUST_00189,2023-11-30,Books,3,247.27,741.81,completed,wallet
ORD_0006929,CUST_01596,2024-05-22,Apparel,4,89.82,359.28,completed,netbanking
ORD_0006930,CUST_01427,2024-03-14,Books,4,57.29,229.16,completed,card
ORD_0006931,CUST_01179,2024-03-01,Books,5,395.98,1979.9,completed,wallet
ORD_0006932,CUST_00003,2024-06-01,Apparel,1,10.7,10.7,completed,wallet
ORD_0006933,CUST_01587,2023-06-16,Apparel,3,159.97,479.91,completed,netbanking
ORD_0006934,CUST_01944,2024-06-27,Electronics,1,352.69,352.69,completed,wallet
ORD_0006935,CUST_01026,2024-03-24,Home & Kitchen,4,493.92,1975.68,completed,netbanking
ORD_0006936,CUST_01707,2024-06-12,Electronics,3,371.51,1114.53,completed,wallet
ORD_0006937,CUST_01112,2024-05-16,Sports,3,304.51,913.53,completed,netbanking
ORD_0006938,CUST_01234,2024-05-27,Electronics,2,352.39,704.78,completed,upi
ORD_0006939,CUST_00342,2024-03-02,Books,5,430.89,2154.45,completed,card
ORD_0006940,CUST_01328,2023-08-29,Beauty,4,189.84,759.36,completed,netbanking
ORD_0006941,CUST_01610,2024-06-29,Beauty,3,170.55,511.65,completed,wallet
ORD_0006942,CUST_01817,2023-09-28,Apparel,2,12.08,24.16,completed,wallet
ORD_0006943,CUST_00590,2023-09-11,Electronics,1,456.39,456.39,completed,upi
ORD_0006944,CUST_00355,2024-02-24,Home & Kitchen,4,191.6,766.4,completed,upi
ORD_0006945,CUST_00864,2024-06-13,Beauty,3,378.7,1136.1,completed,card
ORD_0006946,CUST_01172,2024-03-11,Beauty,3,191.23,573.69,completed,wallet
ORD_0006947,CUST_00476,2023-06-04,Apparel,3,387.34,1162.02,completed,wallet
ORD_0006948,CUST_00865,2024-01-29,Home & Kitchen,2,405.89,811.78,completed,wallet
ORD_0006949,CUST_00005,2024-03-02,Beauty,5,84.58,422.9,cancelled,card
ORD_0006950,CUST_00986,2023-09-07,Home & Kitchen,1,33.98,33.98,completed,wallet
ORD_0006951,CUST_00559,2024-05-30,Apparel,4,331.06,1324.24,completed,wallet
ORD_0006952,CUST_01255,2024-04-02,Beauty,5,129.85,649.25,completed,upi
ORD_0006953,CUST_00504,2024-04-14,Sports,2,364.97,729.94,completed,wallet
ORD_0006954,CUST_01135,2024-06-03,Books,2,280.32,560.64,completed,upi
ORD_0006955,CUST_00708,2024-05-23,Apparel,1,480.19,480.19,completed,wallet
ORD_0006956,CUST_01980,2024-04-05,Books,1,456.4,456.4,completed,upi
ORD_0006957,CUST_00511,2024-04-20,Beauty,1,250.66,250.66,completed,upi
ORD_0006958,CUST_00983,2024-06-18,Beauty,4,124.08,496.32,completed,card
ORD_0006959,CUST_01188,2024-06-16,Sports,5,22.27,111.35,completed,wallet
ORD_0006960,CUST_00063,2023-07-28,Apparel,2,465.28,930.56,completed,netbanking
ORD_0006961,CUST_00118,2024-04-13,Beauty,4,237.2,948.8,completed,wallet
ORD_0006962,CUST_00380,2024-04-03,Books,1,450.14,450.14,completed,wallet
ORD_0006963,CUST_01518,2024-01-17,Books,5,428.14,2140.7,completed,upi
ORD_0006964,CUST_01437,2024-06-06,Electronics,4,46.86,187.44,cancelled,card
ORD_0006965,CUST_00735,2024-06-06,Books,4,139.73,558.92,completed,upi
ORD_0006966,CUST_00445,2023-12-29,Books,3,115.6,346.8,completed,wallet
ORD_0006967,CUST_00324,2024-05-07,Electronics,2,200.07,400.14,completed,upi
ORD_0006968,CUST_00311,2024-04-24,Books,5,349.52,1747.6,completed,netbanking
ORD_0006969,CUST_00223,2024-06-11,Sports,5,144.12,720.6,completed,wallet
ORD_0006970,CUST_01545,2024-03-20,Sports,1,113.61,113.61,completed,wallet
ORD_0006971,CUST_00488,2024-04-09,Books,4,99.41,397.64,completed,upi
ORD_0006972,CUST_01228,2024-02-03,Books,4,385.07,1540.28,completed,netbanking
ORD_0006973,CUST_00071,2023-08-07,Beauty,4,78.53,314.12,completed,upi
ORD_0006974,CUST_01041,2023-12-16,Electronics,5,389.63,1948.15,completed,wallet
ORD_0006975,CUST_00889,2024-06-24,Home & Kitchen,2,394.21,788.42,completed,netbanking
ORD_0006976,CUST_01414,2024-03-19,Home & Kitchen,3,41.74,125.22,completed,netbanking
ORD_0006977,CUST_01031,2024-06-24,Home & Kitchen,4,376.33,1505.32,completed,wallet
ORD_0006978,CUST_00768,2023-10-21,Home & Kitchen,2,419.8,839.6,completed,wallet
ORD_0006979,CUST_01723,2024-03-09,Electronics,5,287.0,1435.0,completed,wallet
ORD_0006980,CUST_01023,2024-04-06,Apparel,4,79.78,319.12,completed,wallet
ORD_0006981,CUST_00630,2024-06-24,Home & Kitchen,1,380.53,380.53,cancelled,upi
ORD_0006982,CUST_01946,2023-06-21,Electronics,1,82.39,82.39,completed,netbanking
ORD_0006983,CUST_01520,2023-10-12,Sports,4,422.75,1691.0,completed,wallet
ORD_0006984,CUST_01421,2024-06-12,Beauty,2,429.62,859.24,completed,netbanking
ORD_0006985,CUST_00222,2024-06-08,Sports,3,127.75,383.25,completed,card
ORD_0006986,CUST_00240,2024-06-13,Electronics,4,262.69,1050.76,completed,card
ORD_0006987,CUST_01020,2024-03-19,Books,1,36.78,36.78,completed,card
ORD_0006988,CUST_01948,2023-11-13,Home & Kitchen,3,269.56,808.68,cancelled,upi
ORD_0006989,CUST_01775,2024-06-22,Home & Kitchen,2,433.82,867.64,completed,netbanking
ORD_0006990,CUST_01934,2024-02-09,Apparel,3,99.53,298.59,completed,netbanking
ORD_0006991,CUST_01522,2024-03-16,Electronics,5,161.47,807.35,completed,netbanking
ORD_0006992,CUST_01344,2024-05-26,Sports,4,206.98,827.92,completed,card
ORD_0006993,CUST_00489,2023-08-07,Home & Kitchen,3,222.63,667.89,completed,card
ORD_0006994,CUST_00987,2023-05-27,Beauty,3,371.61,1114.83,completed,netbanking
ORD_0006995,CUST_01451,2023-04-02,Apparel,1,421.33,421.33,completed,card
ORD_0006996,CUST_01333,2023-02-21,Books,2,264.25,528.5,completed,card
ORD_0006997,CUST_00131,2024-02-15,Beauty,2,490.93,981.86,completed,upi
ORD_0006998,CUST_01706,2024-04-13,Home & Kitchen,2,43.92,87.84,completed,wallet
ORD_0006999,CUST_01822,2024-06-03,Sports,5,305.21,1526.05,returned,wallet
ORD_0007000,CUST_00277,2024-03-08,Apparel,5,481.26,2406.3,completed,upi
ORD_0007001,CUST_01132,2024-02-23,Electronics,1,186.69,186.69,completed,card
ORD_0007002,CUST_00657,2024-04-08,Apparel,1,284.21,284.21,completed,card
ORD_0007003,CUST_00307,2024-06-20,Beauty,4,36.14,144.56,completed,netbanking
ORD_0007004,CUST_01525,2024-06-13,Sports,3,139.08,417.24,completed,netbanking
ORD_0007005,CUST_00558,2024-02-25,Sports,5,438.2,2191.0,cancelled,wallet
ORD_0007006,CUST_00724,2024-05-22,Apparel,4,43.99,175.96,returned,card
ORD_0007007,CUST_01408,2024-04-02,Home & Kitchen,3,260.06,780.18,completed,card
ORD_0007008,CUST_00689,2023-11-17,Electronics,4,85.05,340.2,returned,card
ORD_0007009,CUST_01708,2024-01-19,Sports,4,498.32,1993.28,completed,netbanking
ORD_0007010,CUST_00558,2024-06-22,Home & Kitchen,4,437.08,1748.32,completed,card
ORD_0007011,CUST_00284,2024-02-24,Books,3,35.78,107.34,completed,wallet
ORD_0007012,CUST_00887,2024-06-18,Home & Kitchen,1,424.75,424.75,completed,netbanking
ORD_0007013,CUST_01265,2024-06-16,Beauty,5,427.75,2138.75,completed,wallet
ORD_0007014,CUST_00877,2023-10-09,Sports,4,273.53,1094.12,completed,wallet
ORD_0007015,CUST_01174,2024-03-19,Sports,2,295.97,591.94,completed,netbanking
ORD_0007016,CUST_00463,2024-03-19,Sports,2,439.4,878.8,completed,upi
ORD_0007017,CUST_00667,2023-08-17,Sports,1,350.0,350.0,completed,wallet
ORD_0007018,CUST_01655,2024-04-19,Apparel,5,71.12,355.6,completed,netbanking
ORD_0007019,CUST_01019,2024-02-05,Beauty,3,101.76,305.28,completed,upi
ORD_0007020,CUST_00166,2023-04-14,Sports,1,408.56,408.56,completed,wallet
ORD_0007021,CUST_01328,2024-02-08,Books,2,124.92,249.84,completed,card
ORD_0007022,CUST_01604,2024-06-02,Sports,2,13.63,27.26,completed,netbanking
ORD_0007023,CUST_00758,2023-12-19,Electronics,2,250.47,500.94,completed,wallet
ORD_0007024,CUST_00445,2024-05-26,Apparel,2,371.52,743.04,completed,netbanking
ORD_0007025,CUST_01297,2023-10-02,Books,3,214.24,642.72,cancelled,wallet
ORD_0007026,CUST_00848,2024-06-17,Beauty,5,26.69,133.45,cancelled,card
ORD_0007027,CUST_00065,2023-12-26,Sports,3,454.63,1363.89,completed,upi
ORD_0007028,CUST_01116,2024-04-10,Home & Kitchen,3,239.86,719.58,returned,card
ORD_0007029,CUST_01870,2023-10-02,Beauty,3,142.07,426.21,completed,netbanking
ORD_0007030,CUST_00930,2024-06-11,Electronics,1,284.3,284.3,cancelled,wallet
ORD_0007031,CUST_01272,2024-05-19,Beauty,3,313.41,940.23,returned,netbanking
ORD_0007032,CUST_01803,2024-06-13,Electronics,5,436.94,2184.7,completed,card
ORD_0007033,CUST_01957,2023-10-13,Electronics,3,219.56,658.68,returned,netbanking
ORD_0007034,CUST_00518,2024-06-29,Electronics,4,55.66,222.64,returned,wallet
ORD_0007035,CUST_01882,2024-05-27,Books,4,423.26,1693.04,completed,netbanking
ORD_0007036,CUST_00595,2023-09-26,Beauty,3,125.11,375.33,completed,upi
ORD_0007037,CUST_01020,2024-05-18,Sports,4,222.43,889.72,completed,netbanking
ORD_0007038,CUST_01267,2024-05-13,Home & Kitchen,2,334.72,669.44,completed,upi
ORD_0007039,CUST_00478,2024-06-11,Apparel,1,419.02,419.02,completed,wallet
ORD_0007040,CUST_01992,2023-10-31,Sports,5,424.66,2123.3,completed,wallet
ORD_0007041,CUST_00199,2024-06-05,Sports,4,444.37,1777.48,completed,wallet
ORD_0007042,CUST_00447,2024-06-12,Beauty,5,470.82,2354.1,completed,upi
ORD_0007043,CUST_00412,2024-03-29,Apparel,3,50.2,150.6,completed,upi
ORD_0007044,CUST_00708,2024-03-20,Books,1,409.45,409.45,returned,upi
ORD_0007045,CUST_00994,2024-06-16,Home & Kitchen,3,242.65,727.95,completed,upi
ORD_0007046,CUST_00913,2024-04-01,Sports,2,121.05,242.1,returned,card
ORD_0007047,CUST_00989,2024-06-23,Beauty,4,47.3,189.2,cancelled,wallet
ORD_0007048,CUST_01142,2023-11-16,Sports,2,179.65,359.3,completed,netbanking
ORD_0007049,CUST_01355,2024-04-16,Beauty,1,115.57,115.57,completed,wallet
ORD_0007050,CUST_00624,2024-03-15,Books,5,229.23,1146.15,completed,wallet
ORD_0007051,CUST_00400,2024-05-25,Beauty,4,84.22,336.88,completed,wallet
ORD_0007052,CUST_00712,2024-05-30,Sports,3,225.24,675.72,completed,card
ORD_0007053,CUST_00789,2023-09-06,Beauty,5,450.11,2250.55,completed,upi
ORD_0007054,CUST_00674,2024-04-11,Sports,1,257.95,257.95,completed,netbanking
ORD_0007055,CUST_00642,2024-01-05,Beauty,5,449.96,2249.8,completed,card
ORD_0007056,CUST_00756,2024-06-15,Apparel,5,479.5,2397.5,completed,netbanking
ORD_0007057,CUST_00013,2023-10-28,Electronics,4,423.99,1695.96,completed,card
ORD_0007058,CUST_01825,2024-06-08,Electronics,4,133.43,533.72,completed,netbanking
ORD_0007059,CUST_00435,2023-09-26,Home & Kitchen,4,347.65,1390.6,returned,card
ORD_0007060,CUST_00198,2024-06-10,Electronics,3,196.76,590.28,completed,card
ORD_0007061,CUST_00778,2024-06-20,Home & Kitchen,3,496.92,1490.76,returned,upi
ORD_0007062,CUST_00385,2024-05-03,Sports,4,448.82,1795.28,completed,card
ORD_0007063,CUST_00413,2023-10-20,Sports,1,318.34,318.34,completed,card
ORD_0007064,CUST_00998,2024-02-24,Beauty,5,193.42,967.1,completed,netbanking
ORD_0007065,CUST_01851,2024-02-08,Home & Kitchen,1,162.69,162.69,completed,netbanking
ORD_0007066,CUST_00670,2024-05-27,Apparel,2,275.88,551.76,completed,card
ORD_0007067,CUST_01958,2024-06-26,Books,2,301.43,602.86,completed,card
ORD_0007068,CUST_01096,2024-06-28,Sports,2,448.44,896.88,returned,wallet
ORD_0007069,CUST_01696,2024-05-19,Books,5,78.55,392.75,completed,upi
ORD_0007070,CUST_01336,2023-10-01,Books,5,306.02,1530.1,cancelled,netbanking
ORD_0007071,CUST_01482,2024-04-10,Electronics,3,132.85,398.55,completed,card
ORD_0007072,CUST_00774,2023-04-15,Beauty,3,185.22,555.66,completed,card
ORD_0007073,CUST_01048,2024-04-17,Apparel,5,244.9,1224.5,completed,upi
ORD_0007074,CUST_01010,2024-06-27,Apparel,4,127.18,508.72,returned,wallet
ORD_0007075,CUST_00376,2023-07-15,Apparel,2,393.25,786.5,returned,netbanking
ORD_0007076,CUST_00122,2024-01-31,Beauty,2,81.6,163.2,completed,card
ORD_0007077,CUST_00680,2024-04-04,Apparel,1,137.57,137.57,completed,netbanking
ORD_0007078,CUST_01728,2024-01-19,Beauty,2,214.97,429.94,returned,netbanking
ORD_0007079,CUST_01208,2024-02-06,Home & Kitchen,1,483.0,483.0,returned,wallet
ORD_0007080,CUST_01820,2023-07-22,Electronics,3,423.29,1269.87,completed,netbanking
ORD_0007081,CUST_01658,2024-05-21,Apparel,5,222.82,1114.1,completed,wallet
ORD_0007082,CUST_01688,2023-05-30,Sports,1,308.92,308.92,completed,upi
ORD_0007083,CUST_00957,2024-06-09,Electronics,1,353.31,353.31,completed,upi
ORD_0007084,CUST_00235,2023-11-25,Electronics,3,54.64,163.92,completed,card
ORD_0007085,CUST_01437,2024-04-28,Home & Kitchen,4,189.91,759.64,completed,upi
ORD_0007086,CUST_01430,2023-12-11,Apparel,3,443.75,1331.25,completed,card
ORD_0007087,CUST_00846,2023-12-29,Sports,5,378.7,1893.5,completed,upi
ORD_0007088,CUST_00388,2024-06-09,Books,3,109.78,329.34,completed,upi
ORD_0007089,CUST_01102,2024-03-05,Sports,5,166.39,831.95,completed,upi
ORD_0007090,CUST_00319,2024-05-26,Home & Kitchen,1,324.06,324.06,returned,netbanking
ORD_0007091,CUST_00361,2024-02-25,Home & Kitchen,5,228.14,1140.7,completed,netbanking
ORD_0007092,CUST_00210,2023-07-07,Sports,5,424.53,2122.65,completed,netbanking
ORD_0007093,CUST_00893,2024-06-08,Books,5,102.18,510.9,completed,netbanking
ORD_0007094,CUST_01583,2024-01-30,Beauty,1,112.98,112.98,completed,upi
ORD_0007095,CUST_00262,2023-06-23,Beauty,2,119.99,239.98,cancelled,wallet
ORD_0007096,CUST_00730,2023-10-13,Home & Kitchen,3,97.48,292.44,completed,upi
ORD_0007097,CUST_01689,2024-04-18,Home & Kitchen,3,341.18,1023.54,completed,wallet
ORD_0007098,CUST_00591,2024-05-08,Beauty,5,267.92,1339.6,completed,wallet
ORD_0007099,CUST_01814,2024-03-07,Apparel,2,285.33,570.66,completed,netbanking
ORD_0007100,CUST_01777,2024-05-02,Apparel,2,27.59,55.18,cancelled,upi
ORD_0007101,CUST_01909,2024-01-25,Home & Kitchen,2,482.58,965.16,completed,upi
ORD_0007102,CUST_01394,2024-06-27,Electronics,4,215.78,863.12,cancelled,wallet
ORD_0007103,CUST_01952,2024-05-04,Beauty,5,323.75,1618.75,completed,upi
ORD_0007104,CUST_01991,2024-06-27,Home & Kitchen,3,240.4,721.2,completed,netbanking
ORD_0007105,CUST_00851,2024-06-10,Beauty,1,277.31,277.31,returned,card
ORD_0007106,CUST_01641,2024-02-27,Electronics,1,89.53,89.53,completed,upi
ORD_0007107,CUST_01193,2023-10-29,Electronics,3,62.23,186.69,returned,wallet
ORD_0007108,CUST_01222,2024-06-09,Apparel,2,76.83,153.66,completed,netbanking
ORD_0007109,CUST_00203,2024-02-14,Books,2,468.37,936.74,returned,upi
ORD_0007110,CUST_00845,2024-05-19,Home & Kitchen,2,65.75,131.5,completed,wallet
ORD_0007111,CUST_00218,2024-06-11,Electronics,1,140.66,140.66,returned,wallet
ORD_0007112,CUST_01001,2024-03-19,Sports,4,251.92,1007.68,returned,card
ORD_0007113,CUST_01391,2023-12-29,Electronics,3,383.15,1149.45,completed,wallet
ORD_0007114,CUST_01100,2023-11-18,Apparel,2,105.88,211.76,completed,wallet
ORD_0007115,CUST_00390,2024-06-24,Books,3,398.61,1195.83,completed,card
ORD_0007116,CUST_00426,2023-11-02,Sports,4,412.99,1651.96,completed,card
ORD_0007117,CUST_00072,2024-06-27,Sports,3,227.76,683.28,completed,upi
ORD_0007118,CUST_00411,2024-05-20,Home & Kitchen,5,59.09,295.45,completed,upi
ORD_0007119,CUST_00930,2024-06-26,Apparel,4,224.14,896.56,completed,card
ORD_0007120,CUST_01802,2023-12-27,Home & Kitchen,2,171.56,343.12,completed,upi
ORD_0007121,CUST_00030,2024-06-22,Sports,5,382.32,1911.6,completed,card
ORD_0007122,CUST_01229,2024-06-04,Beauty,3,16.09,48.27,completed,wallet
ORD_0007123,CUST_01922,2024-04-25,Sports,5,289.99,1449.95,completed,card
ORD_0007124,CUST_01167,2023-08-29,Beauty,5,152.28,761.4,completed,wallet
ORD_0007125,CUST_00242,2023-10-09,Electronics,2,481.97,963.94,completed,card
ORD_0007126,CUST_00074,2023-12-08,Home & Kitchen,3,54.6,163.8,completed,netbanking
ORD_0007127,CUST_01065,2024-04-24,Books,2,450.33,900.66,completed,upi
ORD_0007128,CUST_00416,2023-06-17,Sports,4,26.78,107.12,completed,wallet
ORD_0007129,CUST_00837,2024-05-25,Sports,5,222.04,1110.2,completed,netbanking
ORD_0007130,CUST_00436,2023-06-26,Electronics,1,198.74,198.74,completed,wallet
ORD_0007131,CUST_00727,2023-11-20,Home & Kitchen,3,353.37,1060.11,returned,upi
ORD_0007132,CUST_01612,2024-05-10,Home & Kitchen,3,345.35,1036.05,completed,card
ORD_0007133,CUST_00038,2023-11-03,Electronics,3,225.07,675.21,completed,upi
ORD_0007134,CUST_01394,2024-06-26,Sports,2,235.85,471.7,completed,netbanking
ORD_0007135,CUST_01123,2024-04-30,Apparel,5,231.16,1155.8,cancelled,netbanking
ORD_0007136,CUST_00418,2023-10-15,Home & Kitchen,2,102.28,204.56,completed,netbanking
ORD_0007137,CUST_00343,2024-06-22,Beauty,1,92.71,92.71,returned,wallet
ORD_0007138,CUST_00093,2024-02-02,Electronics,2,324.91,649.82,completed,card
ORD_0007139,CUST_01130,2023-08-09,Sports,3,33.39,100.17,returned,card
ORD_0007140,CUST_00650,2024-02-25,Home & Kitchen,3,375.12,1125.36,completed,card
ORD_0007141,CUST_01144,2024-01-15,Beauty,1,335.95,335.95,completed,netbanking
ORD_0007142,CUST_00982,2024-06-12,Sports,3,360.43,1081.29,completed,upi
ORD_0007143,CUST_01605,2024-02-06,Apparel,3,45.35,136.05,completed,wallet
ORD_0007144,CUST_00621,2023-12-19,Home & Kitchen,2,166.92,333.84,completed,upi
ORD_0007145,CUST_00585,2024-03-22,Beauty,2,303.84,607.68,completed,netbanking
ORD_0007146,CUST_00260,2023-10-03,Electronics,1,273.06,273.06,completed,netbanking
ORD_0007147,CUST_00284,2024-04-21,Beauty,2,465.25,930.5,completed,wallet
ORD_0007148,CUST_01082,2024-04-16,Books,2,231.57,463.14,completed,upi
ORD_0007149,CUST_00040,2024-04-10,Sports,1,278.55,278.55,completed,upi
ORD_0007150,CUST_00629,2024-05-11,Home & Kitchen,4,200.99,803.96,returned,card
ORD_0007151,CUST_01240,2024-03-07,Sports,1,89.07,89.07,completed,wallet
ORD_0007152,CUST_01203,2024-05-09,Beauty,1,307.61,307.61,completed,card
ORD_0007153,CUST_01702,2024-06-12,Electronics,3,315.14,945.42,completed,upi
ORD_0007154,CUST_00483,2024-01-12,Beauty,4,36.88,147.52,returned,upi
ORD_0007155,CUST_00490,2024-04-03,Sports,5,242.23,1211.15,completed,netbanking
ORD_0007156,CUST_01840,2024-04-22,Books,2,239.17,478.34,cancelled,wallet
ORD_0007157,CUST_00369,2024-05-25,Books,2,238.91,477.82,completed,card
ORD_0007158,CUST_00663,2023-10-07,Electronics,2,121.3,242.6,completed,upi
ORD_0007159,CUST_00690,2024-02-17,Books,5,457.23,2286.15,completed,netbanking
ORD_0007160,CUST_01877,2023-12-25,Apparel,2,462.73,925.46,completed,card
ORD_0007161,CUST_00731,2023-12-19,Apparel,5,213.13,1065.65,completed,netbanking
ORD_0007162,CUST_00324,2024-04-15,Apparel,4,331.43,1325.72,completed,netbanking
ORD_0007163,CUST_01810,2024-01-29,Sports,1,300.56,300.56,completed,upi
ORD_0007164,CUST_01315,2024-05-31,Electronics,3,348.79,1046.37,completed,netbanking
ORD_0007165,CUST_01682,2023-10-27,Beauty,3,106.02,318.06,completed,wallet
ORD_0007166,CUST_00181,2023-11-21,Beauty,4,159.99,639.96,completed,card
ORD_0007167,CUST_01530,2023-11-21,Sports,3,92.68,278.04,completed,upi
ORD_0007168,CUST_00436,2023-08-19,Home & Kitchen,3,346.59,1039.77,completed,netbanking
ORD_0007169,CUST_01486,2024-06-25,Sports,5,228.95,1144.75,completed,netbanking
ORD_0007170,CUST_01221,2024-02-24,Books,3,487.02,1461.06,completed,upi
ORD_0007171,CUST_01314,2023-11-07,Beauty,3,96.37,289.11,completed,card
ORD_0007172,CUST_01400,2024-05-02,Books,3,13.18,39.54,completed,upi
ORD_0007173,CUST_00402,2023-05-23,Apparel,3,147.63,442.89,completed,wallet
ORD_0007174,CUST_01031,2024-05-28,Books,1,442.91,442.91,returned,card
ORD_0007175,CUST_00220,2024-01-13,Beauty,2,79.44,158.88,completed,upi
ORD_0007176,CUST_01333,2023-07-31,Electronics,5,66.35,331.75,returned,netbanking
ORD_0007177,CUST_00257,2024-02-04,Apparel,5,317.97,1589.85,returned,wallet
ORD_0007178,CUST_01914,2023-12-24,Apparel,2,237.57,475.14,completed,upi
ORD_0007179,CUST_01867,2024-03-11,Home & Kitchen,3,345.25,1035.75,completed,wallet
ORD_0007180,CUST_00857,2024-05-29,Books,4,309.48,1237.92,completed,netbanking
ORD_0007181,CUST_00799,2023-12-15,Sports,2,199.33,398.66,completed,upi
ORD_0007182,CUST_00010,2023-11-11,Apparel,2,110.99,221.98,completed,upi
ORD_0007183,CUST_01663,2023-08-15,Beauty,4,10.56,42.24,cancelled,wallet
ORD_0007184,CUST_00248,2024-06-09,Sports,4,44.54,178.16,completed,card
ORD_0007185,CUST_01756,2024-06-15,Books,1,161.01,161.01,completed,card
ORD_0007186,CUST_01997,2024-06-29,Sports,1,400.14,400.14,completed,netbanking
ORD_0007187,CUST_01997,2024-06-28,Books,4,24.32,97.28,completed,upi
ORD_0007188,CUST_01722,2023-09-28,Home & Kitchen,5,234.62,1173.1,completed,card
ORD_0007189,CUST_00629,2024-05-09,Sports,1,379.12,379.12,returned,wallet
ORD_0007190,CUST_00144,2024-03-23,Sports,3,311.35,934.05,returned,upi
ORD_0007191,CUST_01499,2024-02-28,Electronics,4,268.63,1074.52,returned,netbanking
ORD_0007192,CUST_01632,2024-01-01,Apparel,4,288.53,1154.12,completed,upi
ORD_0007193,CUST_00585,2024-06-06,Beauty,4,370.98,1483.92,cancelled,card
ORD_0007194,CUST_00161,2024-01-02,Apparel,1,77.28,77.28,completed,upi
ORD_0007195,CUST_01852,2024-02-05,Home & Kitchen,5,316.4,1582.0,completed,netbanking
ORD_0007196,CUST_01439,2023-05-24,Apparel,2,300.33,600.66,cancelled,card
ORD_0007197,CUST_00952,2024-02-05,Apparel,2,106.52,213.04,completed,upi
ORD_0007198,CUST_00456,2024-04-05,Beauty,5,275.05,1375.25,completed,card
ORD_0007199,CUST_01432,2023-05-17,Sports,2,316.96,633.92,completed,wallet
ORD_0007200,CUST_01883,2024-05-28,Books,5,413.61,2068.05,completed,wallet
ORD_0007201,CUST_01130,2024-01-20,Sports,4,490.33,1961.32,returned,upi
ORD_0007202,CUST_00802,2023-02-04,Apparel,5,359.99,1799.95,completed,wallet
ORD_0007203,CUST_01659,2024-02-22,Home & Kitchen,3,60.98,182.94,completed,wallet
ORD_0007204,CUST_00694,2024-04-01,Books,3,106.99,320.97,completed,card
ORD_0007205,CUST_00783,2024-03-28,Beauty,1,161.61,161.61,cancelled,netbanking
ORD_0007206,CUST_01658,2024-05-11,Sports,5,316.85,1584.25,completed,wallet
ORD_0007207,CUST_00290,2023-05-02,Sports,2,423.04,846.08,completed,upi
ORD_0007208,CUST_00021,2024-06-11,Apparel,1,263.67,263.67,cancelled,upi
ORD_0007209,CUST_01199,2024-04-01,Sports,3,450.22,1350.66,completed,card
ORD_0007210,CUST_01546,2023-11-11,Apparel,4,299.52,1198.08,returned,card
ORD_0007211,CUST_01282,2024-04-05,Home & Kitchen,1,499.34,499.34,completed,netbanking
ORD_0007212,CUST_00109,2023-11-27,Apparel,3,127.12,381.36,completed,upi
ORD_0007213,CUST_01169,2024-06-01,Sports,1,79.61,79.61,completed,netbanking
ORD_0007214,CUST_01561,2024-06-19,Books,4,52.36,209.44,completed,wallet
ORD_0007215,CUST_01657,2023-09-17,Sports,3,417.11,1251.33,completed,netbanking
ORD_0007216,CUST_01770,2024-01-23,Apparel,4,123.99,495.96,completed,upi
ORD_0007217,CUST_01004,2023-03-24,Beauty,3,246.55,739.65,completed,card
ORD_0007218,CUST_00498,2024-04-01,Apparel,4,464.32,1857.28,completed,netbanking
ORD_0007219,CUST_01231,2023-12-05,Apparel,1,362.16,362.16,completed,upi
ORD_0007220,CUST_01079,2024-02-02,Apparel,1,403.2,403.2,completed,card
ORD_0007221,CUST_01637,2023-05-20,Home & Kitchen,4,148.6,594.4,completed,wallet
ORD_0007222,CUST_01685,2024-05-02,Electronics,3,404.89,1214.67,returned,upi
ORD_0007223,CUST_01403,2024-05-24,Electronics,1,398.22,398.22,completed,upi
ORD_0007224,CUST_01705,2024-06-29,Sports,1,470.54,470.54,completed,netbanking
ORD_0007225,CUST_01404,2024-06-12,Sports,1,279.94,279.94,completed,card
ORD_0007226,CUST_01693,2024-02-13,Electronics,1,149.76,149.76,completed,netbanking
ORD_0007227,CUST_00512,2024-06-28,Sports,5,486.11,2430.55,completed,card
ORD_0007228,CUST_00200,2024-06-18,Sports,3,481.29,1443.87,completed,upi
ORD_0007229,CUST_01420,2024-06-11,Electronics,3,220.1,660.3,completed,wallet
ORD_0007230,CUST_00810,2023-05-20,Books,2,231.95,463.9,completed,upi
ORD_0007231,CUST_00949,2024-04-14,Books,5,282.43,1412.15,completed,wallet
ORD_0007232,CUST_01963,2023-06-08,Sports,5,47.58,237.9,completed,upi
ORD_0007233,CUST_00630,2024-06-26,Home & Kitchen,4,376.1,1504.4,cancelled,card
ORD_0007234,CUST_01328,2023-10-06,Electronics,4,123.96,495.84,cancelled,card
ORD_0007235,CUST_00379,2024-06-12,Apparel,2,471.37,942.74,completed,card
ORD_0007236,CUST_01428,2024-04-06,Beauty,5,94.61,473.05,returned,card
ORD_0007237,CUST_01702,2024-01-14,Home & Kitchen,2,20.24,40.48,completed,wallet
ORD_0007238,CUST_01091,2024-06-29,Home & Kitchen,5,155.36,776.8,completed,upi
ORD_0007239,CUST_00616,2024-06-28,Electronics,1,382.75,382.75,completed,wallet
ORD_0007240,CUST_01078,2024-06-26,Home & Kitchen,2,130.89,261.78,completed,netbanking
ORD_0007241,CUST_00213,2024-04-26,Electronics,3,53.74,161.22,completed,card
ORD_0007242,CUST_00440,2023-06-06,Books,4,390.26,1561.04,completed,card
ORD_0007243,CUST_00793,2024-05-17,Books,4,345.78,1383.12,completed,netbanking
ORD_0007244,CUST_01751,2024-06-16,Sports,3,400.12,1200.36,completed,upi
ORD_0007245,CUST_01631,2023-05-23,Apparel,5,265.87,1329.35,completed,card
ORD_0007246,CUST_01049,2024-05-21,Books,5,200.71,1003.55,completed,upi
ORD_0007247,CUST_01599,2024-06-06,Electronics,3,449.41,1348.23,completed,wallet
ORD_0007248,CUST_00292,2024-01-06,Apparel,4,380.45,1521.8,completed,upi
ORD_0007249,CUST_01599,2024-06-20,Beauty,4,428.18,1712.72,cancelled,upi
ORD_0007250,CUST_00053,2024-05-19,Electronics,5,46.44,232.2,cancelled,netbanking
ORD_0007251,CUST_01197,2024-06-28,Books,3,476.54,1429.62,completed,upi
ORD_0007252,CUST_01770,2024-02-23,Electronics,1,448.19,448.19,completed,card
ORD_0007253,CUST_01432,2023-12-13,Sports,4,494.43,1977.72,cancelled,upi
ORD_0007254,CUST_01675,2024-02-09,Sports,2,58.93,117.86,completed,upi
ORD_0007255,CUST_01726,2024-04-25,Beauty,5,470.89,2354.45,completed,card
ORD_0007256,CUST_01653,2024-06-29,Home & Kitchen,3,245.89,737.67,completed,card
ORD_0007257,CUST_01694,2023-05-29,Home & Kitchen,4,165.63,662.52,completed,netbanking
ORD_0007258,CUST_00207,2024-06-28,Books,3,203.56,610.68,completed,netbanking
ORD_0007259,CUST_00939,2024-06-01,Apparel,1,412.86,412.86,completed,wallet
ORD_0007260,CUST_00037,2024-05-24,Electronics,5,347.48,1737.4,completed,upi
ORD_0007261,CUST_01568,2024-02-28,Beauty,5,217.14,1085.7,completed,upi
ORD_0007262,CUST_01647,2024-04-26,Home & Kitchen,2,187.14,374.28,completed,wallet
ORD_0007263,CUST_00863,2023-07-17,Beauty,3,23.85,71.55,returned,upi
ORD_0007264,CUST_00385,2024-01-24,Sports,5,401.06,2005.3,completed,card
ORD_0007265,CUST_01722,2024-02-14,Books,4,42.12,168.48,completed,upi
ORD_0007266,CUST_01540,2023-03-19,Apparel,3,110.03,330.09,completed,wallet
ORD_0007267,CUST_01107,2024-05-01,Electronics,2,74.07,148.14,completed,card
ORD_0007268,CUST_00133,2024-01-16,Sports,2,451.49,902.98,completed,upi
ORD_0007269,CUST_00020,2023-04-29,Apparel,3,13.6,40.8,completed,wallet
ORD_0007270,CUST_00706,2024-02-01,Electronics,5,334.07,1670.35,completed,netbanking
ORD_0007271,CUST_00087,2024-04-07,Electronics,4,173.08,692.32,completed,netbanking
ORD_0007272,CUST_00922,2024-06-28,Sports,1,339.55,339.55,completed,netbanking
ORD_0007273,CUST_01251,2023-09-20,Books,2,344.27,688.54,completed,card
ORD_0007274,CUST_00556,2024-05-16,Electronics,2,203.51,407.02,completed,card
ORD_0007275,CUST_01058,2024-05-09,Home & Kitchen,5,215.78,1078.9,completed,upi
ORD_0007276,CUST_00780,2023-11-09,Books,4,297.5,1190.0,completed,upi
ORD_0007277,CUST_00797,2024-04-30,Books,4,443.87,1775.48,returned,wallet
ORD_0007278,CUST_00652,2023-08-21,Beauty,5,211.4,1057.0,completed,netbanking
ORD_0007279,CUST_01912,2024-05-15,Sports,2,347.57,695.14,completed,netbanking
ORD_0007280,CUST_01449,2024-06-19,Electronics,5,276.64,1383.2,completed,netbanking
ORD_0007281,CUST_00198,2024-05-16,Apparel,2,136.32,272.64,completed,wallet
ORD_0007282,CUST_00073,2024-05-20,Books,1,398.36,398.36,completed,netbanking
ORD_0007283,CUST_00084,2024-04-23,Home & Kitchen,4,89.88,359.52,returned,card
ORD_0007284,CUST_01114,2024-04-05,Books,5,271.09,1355.45,completed,netbanking
ORD_0007285,CUST_01770,2023-12-19,Sports,1,120.6,120.6,completed,upi
ORD_0007286,CUST_01077,2024-06-25,Home & Kitchen,1,224.73,224.73,returned,card
ORD_0007287,CUST_00612,2024-05-17,Home & Kitchen,1,59.59,59.59,returned,netbanking
ORD_0007288,CUST_00434,2024-01-30,Electronics,2,277.45,554.9,cancelled,netbanking
ORD_0007289,CUST_00035,2024-05-14,Books,4,96.67,386.68,completed,upi
ORD_0007290,CUST_01630,2024-03-04,Apparel,4,464.21,1856.84,completed,upi
ORD_0007291,CUST_00987,2023-11-09,Beauty,2,33.23,66.46,completed,upi
ORD_0007292,CUST_00627,2023-12-09,Beauty,3,161.83,485.49,completed,upi
ORD_0007293,CUST_01975,2024-04-14,Beauty,2,419.19,838.38,cancelled,card
ORD_0007294,CUST_01773,2024-06-24,Sports,3,154.99,464.97,completed,wallet
ORD_0007295,CUST_00209,2024-05-21,Beauty,4,403.06,1612.24,completed,wallet
ORD_0007296,CUST_01160,2023-09-01,Beauty,5,313.98,1569.9,returned,netbanking
ORD_0007297,CUST_00813,2024-01-19,Electronics,4,43.38,173.52,completed,netbanking
ORD_0007298,CUST_00242,2023-09-07,Home & Kitchen,1,115.53,115.53,completed,upi
ORD_0007299,CUST_00653,2024-01-19,Electronics,4,75.16,300.64,cancelled,card
ORD_0007300,CUST_00292,2024-06-23,Sports,1,179.75,179.75,cancelled,netbanking
ORD_0007301,CUST_00766,2023-12-25,Home & Kitchen,1,404.02,404.02,completed,card
ORD_0007302,CUST_00706,2024-05-02,Electronics,4,343.15,1372.6,cancelled,netbanking
ORD_0007303,CUST_01490,2024-05-03,Books,2,253.46,506.92,completed,upi
ORD_0007304,CUST_00045,2024-05-23,Sports,1,230.98,230.98,completed,upi
ORD_0007305,CUST_01156,2024-05-03,Electronics,3,104.99,314.97,completed,upi
ORD_0007306,CUST_01315,2024-01-16,Electronics,4,354.17,1416.68,cancelled,wallet
ORD_0007307,CUST_00379,2024-03-04,Beauty,2,84.79,169.58,completed,upi
ORD_0007308,CUST_01702,2023-11-13,Books,2,327.54,655.08,returned,wallet
ORD_0007309,CUST_01007,2024-06-08,Books,5,462.75,2313.75,completed,netbanking
ORD_0007310,CUST_00419,2024-02-19,Home & Kitchen,3,67.2,201.6,completed,upi
ORD_0007311,CUST_00858,2024-06-07,Sports,5,259.05,1295.25,completed,wallet
ORD_0007312,CUST_00904,2024-02-01,Home & Kitchen,4,435.42,1741.68,completed,netbanking
ORD_0007313,CUST_01085,2024-02-12,Books,4,279.07,1116.28,returned,netbanking
ORD_0007314,CUST_00180,2024-06-20,Books,2,145.74,291.48,completed,netbanking
ORD_0007315,CUST_00791,2024-03-23,Sports,2,425.25,850.5,completed,netbanking
ORD_0007316,CUST_00187,2023-11-16,Beauty,3,80.74,242.22,completed,upi
ORD_0007317,CUST_00669,2023-05-29,Books,1,279.87,279.87,completed,upi
ORD_0007318,CUST_00532,2024-03-10,Sports,1,144.12,144.12,returned,wallet
ORD_0007319,CUST_00904,2024-01-09,Apparel,4,470.96,1883.84,completed,card
ORD_0007320,CUST_01954,2024-02-27,Sports,2,42.97,85.94,completed,upi
ORD_0007321,CUST_01019,2024-04-26,Electronics,5,474.98,2374.9,returned,wallet
ORD_0007322,CUST_00898,2024-06-14,Apparel,3,367.9,1103.7,cancelled,netbanking
ORD_0007323,CUST_01406,2024-05-06,Home & Kitchen,1,335.68,335.68,completed,netbanking
ORD_0007324,CUST_00827,2023-08-15,Books,2,413.22,826.44,completed,wallet
ORD_0007325,CUST_00677,2023-05-22,Home & Kitchen,5,363.39,1816.95,completed,netbanking
ORD_0007326,CUST_00477,2023-04-14,Electronics,2,41.19,82.38,completed,upi
ORD_0007327,CUST_01459,2024-05-24,Sports,2,318.02,636.04,completed,wallet
ORD_0007328,CUST_01277,2023-11-13,Beauty,5,376.87,1884.35,completed,wallet
ORD_0007329,CUST_00645,2023-07-09,Books,3,223.97,671.91,returned,card
ORD_0007330,CUST_01013,2024-02-15,Sports,3,287.66,862.98,completed,card
ORD_0007331,CUST_00220,2024-06-22,Apparel,3,191.09,573.27,completed,netbanking
ORD_0007332,CUST_00160,2024-01-10,Home & Kitchen,3,497.49,1492.47,completed,netbanking
ORD_0007333,CUST_01472,2024-04-03,Apparel,5,231.64,1158.2,returned,card
ORD_0007334,CUST_00777,2024-03-20,Apparel,2,78.38,156.76,completed,wallet
ORD_0007335,CUST_01468,2024-01-24,Electronics,1,115.0,115.0,completed,card
ORD_0007336,CUST_00294,2024-05-19,Electronics,3,304.36,913.08,completed,netbanking
ORD_0007337,CUST_00907,2024-06-29,Home & Kitchen,3,409.61,1228.83,completed,wallet
ORD_0007338,CUST_00506,2023-10-10,Apparel,2,83.33,166.66,completed,card
ORD_0007339,CUST_00386,2024-04-06,Beauty,1,279.39,279.39,completed,wallet
ORD_0007340,CUST_01189,2024-03-26,Home & Kitchen,5,263.58,1317.9,completed,card
ORD_0007341,CUST_01074,2023-09-08,Books,4,304.2,1216.8,completed,wallet
ORD_0007342,CUST_01828,2024-01-01,Home & Kitchen,5,143.7,718.5,completed,wallet
ORD_0007343,CUST_00220,2024-04-18,Beauty,2,238.45,476.9,completed,netbanking
ORD_0007344,CUST_00804,2024-04-21,Sports,5,145.53,727.65,completed,card
ORD_0007345,CUST_01233,2024-01-21,Electronics,4,205.61,822.44,completed,wallet
ORD_0007346,CUST_01075,2024-02-19,Apparel,1,410.01,410.01,cancelled,wallet
ORD_0007347,CUST_00596,2024-02-10,Sports,3,255.99,767.97,cancelled,wallet
ORD_0007348,CUST_00364,2024-05-06,Books,3,381.97,1145.91,returned,upi
ORD_0007349,CUST_00169,2023-08-18,Apparel,5,345.31,1726.55,completed,card
ORD_0007350,CUST_01187,2023-10-18,Apparel,4,159.79,639.16,completed,card
ORD_0007351,CUST_01207,2024-04-10,Apparel,1,345.85,345.85,completed,upi
ORD_0007352,CUST_01962,2024-03-26,Apparel,3,331.34,994.02,completed,netbanking
ORD_0007353,CUST_00161,2024-01-12,Electronics,4,259.71,1038.84,completed,card
ORD_0007354,CUST_01465,2024-01-24,Apparel,3,90.92,272.76,completed,card
ORD_0007355,CUST_01570,2024-05-19,Home & Kitchen,4,254.09,1016.36,completed,card
ORD_0007356,CUST_01538,2023-05-25,Beauty,2,96.18,192.36,completed,wallet
ORD_0007357,CUST_00496,2023-11-27,Home & Kitchen,4,259.63,1038.52,completed,wallet
ORD_0007358,CUST_00958,2024-02-20,Home & Kitchen,5,161.68,808.4,cancelled,upi
ORD_0007359,CUST_00159,2024-03-25,Apparel,2,78.75,157.5,completed,netbanking
ORD_0007360,CUST_01661,2024-02-22,Books,2,228.82,457.64,cancelled,wallet
ORD_0007361,CUST_00484,2024-06-07,Sports,3,278.5,835.5,completed,wallet
ORD_0007362,CUST_01814,2024-06-01,Sports,3,383.4,1150.2,cancelled,wallet
ORD_0007363,CUST_01118,2023-10-18,Electronics,2,142.99,285.98,returned,card
ORD_0007364,CUST_00306,2023-11-03,Sports,3,471.6,1414.8,completed,upi
ORD_0007365,CUST_01507,2024-05-27,Electronics,2,347.76,695.52,completed,card
ORD_0007366,CUST_00548,2023-08-12,Home & Kitchen,2,462.33,924.66,completed,wallet
ORD_0007367,CUST_00923,2023-07-15,Sports,4,254.12,1016.48,completed,upi
ORD_0007368,CUST_01724,2023-09-05,Home & Kitchen,3,449.84,1349.52,completed,wallet
ORD_0007369,CUST_00668,2024-06-14,Electronics,5,482.24,2411.2,completed,card
ORD_0007370,CUST_00766,2024-05-25,Books,4,402.19,1608.76,completed,card
ORD_0007371,CUST_00268,2023-11-12,Home & Kitchen,2,199.72,399.44,completed,wallet
ORD_0007372,CUST_01815,2024-02-10,Books,5,473.4,2367.0,completed,netbanking
ORD_0007373,CUST_01052,2023-09-29,Sports,1,405.64,405.64,completed,netbanking
ORD_0007374,CUST_01137,2024-06-27,Books,3,256.67,770.01,completed,upi
ORD_0007375,CUST_01396,2024-06-12,Apparel,4,181.48,725.92,completed,card
ORD_0007376,CUST_01241,2023-10-10,Electronics,4,159.78,639.12,completed,upi
ORD_0007377,CUST_00482,2024-03-02,Sports,4,408.9,1635.6,cancelled,card
ORD_0007378,CUST_01001,2023-08-03,Beauty,4,488.16,1952.64,returned,netbanking
ORD_0007379,CUST_01166,2024-03-02,Sports,1,195.58,195.58,returned,card
ORD_0007380,CUST_01492,2024-05-14,Beauty,5,412.61,2063.05,completed,netbanking
ORD_0007381,CUST_00452,2023-10-05,Apparel,3,212.87,638.61,completed,card
ORD_0007382,CUST_00353,2023-11-10,Sports,1,432.39,432.39,completed,card
ORD_0007383,CUST_01968,2024-04-12,Apparel,1,273.41,273.41,completed,card
ORD_0007384,CUST_00736,2024-02-17,Electronics,2,377.39,754.78,completed,upi
ORD_0007385,CUST_01180,2024-03-22,Electronics,4,493.08,1972.32,completed,card
ORD_0007386,CUST_00597,2024-05-12,Books,4,44.72,178.88,completed,card
ORD_0007387,CUST_01771,2024-06-12,Sports,3,240.37,721.11,completed,wallet
ORD_0007388,CUST_01689,2024-04-21,Electronics,5,310.78,1553.9,completed,wallet
ORD_0007389,CUST_00393,2024-05-03,Books,1,397.36,397.36,completed,wallet
ORD_0007390,CUST_01055,2024-06-12,Beauty,5,188.87,944.35,completed,card
ORD_0007391,CUST_00375,2024-06-04,Electronics,2,69.34,138.68,completed,netbanking
ORD_0007392,CUST_00109,2023-10-08,Home & Kitchen,3,450.85,1352.55,completed,upi
ORD_0007393,CUST_00260,2024-04-10,Electronics,4,394.44,1577.76,cancelled,netbanking
ORD_0007394,CUST_00317,2023-11-16,Books,1,333.9,333.9,completed,netbanking
ORD_0007395,CUST_01594,2023-10-30,Books,4,449.68,1798.72,completed,wallet
ORD_0007396,CUST_00957,2024-06-16,Electronics,3,211.74,635.22,completed,netbanking
ORD_0007397,CUST_00018,2024-03-19,Electronics,1,467.92,467.92,returned,card
ORD_0007398,CUST_00434,2024-04-20,Books,4,138.91,555.64,completed,wallet
ORD_0007399,CUST_01499,2023-11-26,Apparel,1,381.37,381.37,completed,upi
ORD_0007400,CUST_00391,2023-09-20,Beauty,2,169.3,338.6,cancelled,upi
ORD_0007401,CUST_00458,2024-04-12,Apparel,4,392.38,1569.52,completed,upi
ORD_0007402,CUST_01784,2024-04-19,Electronics,2,141.59,283.18,completed,netbanking
ORD_0007403,CUST_00243,2023-12-13,Books,4,208.38,833.52,completed,wallet
ORD_0007404,CUST_01669,2024-01-19,Beauty,1,30.72,30.72,completed,card
ORD_0007405,CUST_01817,2023-10-20,Electronics,5,52.27,261.35,completed,wallet
ORD_0007406,CUST_00334,2024-05-06,Apparel,3,254.78,764.34,completed,upi
ORD_0007407,CUST_01961,2024-02-14,Electronics,5,335.7,1678.5,completed,upi
ORD_0007408,CUST_00809,2024-03-24,Home & Kitchen,2,52.23,104.46,cancelled,netbanking
ORD_0007409,CUST_01298,2023-12-02,Electronics,5,33.43,167.15,completed,netbanking
ORD_0007410,CUST_01021,2024-05-27,Beauty,4,170.95,683.8,completed,upi
ORD_0007411,CUST_01507,2024-06-07,Apparel,5,76.54,382.7,completed,netbanking
ORD_0007412,CUST_00563,2024-01-25,Beauty,4,272.63,1090.52,completed,card
ORD_0007413,CUST_01368,2023-07-13,Sports,5,52.93,264.65,completed,netbanking
ORD_0007414,CUST_01747,2024-05-01,Apparel,5,471.08,2355.4,completed,upi
ORD_0007415,CUST_01948,2023-12-04,Books,3,495.49,1486.47,completed,wallet
ORD_0007416,CUST_01765,2024-06-08,Books,4,132.3,529.2,completed,card
ORD_0007417,CUST_00097,2024-06-04,Electronics,3,104.36,313.08,completed,wallet
ORD_0007418,CUST_00170,2023-09-28,Electronics,4,293.02,1172.08,completed,upi
ORD_0007419,CUST_01799,2024-03-13,Books,2,327.16,654.32,completed,wallet
ORD_0007420,CUST_01740,2024-06-13,Sports,5,306.67,1533.35,completed,wallet
ORD_0007421,CUST_01424,2023-09-23,Books,3,66.75,200.25,completed,wallet
ORD_0007422,CUST_00022,2024-01-22,Electronics,4,207.42,829.68,completed,upi
ORD_0007423,CUST_01128,2024-02-01,Beauty,2,433.13,866.26,completed,wallet
ORD_0007424,CUST_00642,2024-06-18,Home & Kitchen,4,159.06,636.24,completed,upi
ORD_0007425,CUST_00046,2024-06-22,Apparel,4,167.66,670.64,completed,upi
ORD_0007426,CUST_00232,2024-05-21,Apparel,5,433.77,2168.85,completed,wallet
ORD_0007427,CUST_01186,2023-12-24,Electronics,5,346.15,1730.75,completed,netbanking
ORD_0007428,CUST_01325,2024-04-02,Home & Kitchen,5,221.66,1108.3,returned,netbanking
ORD_0007429,CUST_01636,2024-05-27,Beauty,4,468.77,1875.08,completed,upi
ORD_0007430,CUST_00059,2024-05-01,Sports,5,446.51,2232.55,completed,netbanking
ORD_0007431,CUST_01585,2024-01-30,Electronics,5,389.15,1945.75,completed,netbanking
ORD_0007432,CUST_01096,2024-06-28,Home & Kitchen,5,390.77,1953.85,completed,upi
ORD_0007433,CUST_00521,2023-09-19,Electronics,5,57.46,287.3,completed,netbanking
ORD_0007434,CUST_01727,2023-10-18,Sports,3,490.69,1472.07,completed,card
ORD_0007435,CUST_01831,2024-06-24,Apparel,2,225.91,451.82,cancelled,wallet
ORD_0007436,CUST_01037,2024-05-05,Sports,3,33.06,99.18,returned,upi
ORD_0007437,CUST_00282,2024-03-07,Electronics,1,470.03,470.03,completed,wallet
ORD_0007438,CUST_00177,2024-06-05,Electronics,4,336.07,1344.28,completed,netbanking
ORD_0007439,CUST_00090,2023-08-20,Books,1,482.48,482.48,returned,wallet
ORD_0007440,CUST_00136,2024-05-16,Home & Kitchen,3,166.47,499.41,completed,card
ORD_0007441,CUST_01029,2023-11-02,Electronics,5,12.82,64.1,completed,card
ORD_0007442,CUST_01796,2024-03-23,Beauty,2,127.0,254.0,completed,card
ORD_0007443,CUST_00566,2024-06-19,Electronics,5,19.02,95.1,completed,upi
ORD_0007444,CUST_01710,2024-06-05,Home & Kitchen,5,89.21,446.05,completed,card
ORD_0007445,CUST_01189,2024-02-12,Apparel,4,386.24,1544.96,completed,upi
ORD_0007446,CUST_01322,2024-01-24,Home & Kitchen,4,475.77,1903.08,completed,netbanking
ORD_0007447,CUST_00874,2024-03-30,Home & Kitchen,5,445.84,2229.2,returned,upi
ORD_0007448,CUST_00423,2024-06-18,Sports,4,472.56,1890.24,completed,netbanking
ORD_0007449,CUST_00999,2023-12-27,Sports,5,61.08,305.4,completed,card
ORD_0007450,CUST_01236,2023-09-04,Sports,5,379.39,1896.95,completed,upi
ORD_0007451,CUST_01932,2023-09-08,Electronics,4,180.29,721.16,completed,wallet
ORD_0007452,CUST_01113,2023-06-08,Books,2,194.72,389.44,completed,card
ORD_0007453,CUST_00789,2024-04-28,Apparel,5,423.51,2117.55,completed,wallet
ORD_0007454,CUST_01781,2024-05-22,Sports,1,340.77,340.77,returned,wallet
ORD_0007455,CUST_01426,2024-01-15,Home & Kitchen,3,233.41,700.23,cancelled,wallet
ORD_0007456,CUST_00761,2024-04-25,Home & Kitchen,4,226.72,906.88,completed,wallet
ORD_0007457,CUST_01005,2024-04-19,Beauty,4,114.82,459.28,completed,card
ORD_0007458,CUST_00081,2024-06-16,Beauty,4,165.86,663.44,returned,upi
ORD_0007459,CUST_00394,2023-10-02,Apparel,4,125.14,500.56,completed,netbanking
ORD_0007460,CUST_00958,2024-05-30,Beauty,3,348.68,1046.04,completed,wallet
ORD_0007461,CUST_01022,2024-06-24,Home & Kitchen,5,208.12,1040.6,completed,wallet
ORD_0007462,CUST_00504,2024-06-07,Home & Kitchen,5,453.3,2266.5,completed,wallet
ORD_0007463,CUST_00007,2024-03-10,Books,2,49.86,99.72,cancelled,upi
ORD_0007464,CUST_00278,2023-08-25,Beauty,2,116.74,233.48,completed,wallet
ORD_0007465,CUST_01394,2024-06-29,Beauty,5,92.04,460.2,completed,card
ORD_0007466,CUST_00337,2023-07-27,Home & Kitchen,5,331.7,1658.5,completed,wallet
ORD_0007467,CUST_00816,2024-06-27,Sports,2,37.02,74.04,completed,wallet
ORD_0007468,CUST_01668,2023-02-22,Sports,4,303.23,1212.92,completed,card
ORD_0007469,CUST_00855,2023-11-21,Beauty,2,345.63,691.26,completed,netbanking
ORD_0007470,CUST_00461,2024-04-04,Electronics,3,153.86,461.58,completed,wallet
ORD_0007471,CUST_00636,2024-02-13,Home & Kitchen,1,322.69,322.69,completed,wallet
ORD_0007472,CUST_01000,2023-11-08,Apparel,1,354.59,354.59,completed,netbanking
ORD_0007473,CUST_01698,2024-02-07,Books,2,135.48,270.96,completed,card
ORD_0007474,CUST_01987,2024-06-17,Apparel,3,61.13,183.39,completed,wallet
ORD_0007475,CUST_01975,2023-12-17,Sports,2,140.33,280.66,completed,upi
ORD_0007476,CUST_01147,2024-06-24,Beauty,4,37.83,151.32,completed,card
ORD_0007477,CUST_00763,2024-03-20,Electronics,4,229.91,919.64,completed,card
ORD_0007478,CUST_01047,2024-05-31,Electronics,1,237.73,237.73,completed,netbanking
ORD_0007479,CUST_01466,2024-06-14,Electronics,5,87.75,438.75,completed,card
ORD_0007480,CUST_01864,2024-02-21,Beauty,5,279.65,1398.25,cancelled,upi
ORD_0007481,CUST_00354,2023-11-27,Sports,2,61.26,122.52,completed,wallet
ORD_0007482,CUST_00067,2024-06-14,Home & Kitchen,1,103.48,103.48,completed,card
ORD_0007483,CUST_00971,2024-04-13,Books,3,54.04,162.12,returned,netbanking
ORD_0007484,CUST_01867,2023-11-09,Home & Kitchen,3,209.77,629.31,completed,netbanking
ORD_0007485,CUST_00176,2023-10-06,Home & Kitchen,2,431.09,862.18,completed,card
ORD_0007486,CUST_00850,2024-05-24,Beauty,5,52.68,263.4,completed,upi
ORD_0007487,CUST_00049,2024-04-02,Sports,4,107.9,431.6,completed,netbanking
ORD_0007488,CUST_01043,2024-03-06,Books,3,19.34,58.02,cancelled,netbanking
ORD_0007489,CUST_00428,2023-12-05,Home & Kitchen,2,450.65,901.3,returned,card
ORD_0007490,CUST_00132,2024-04-01,Books,4,189.28,757.12,completed,card
ORD_0007491,CUST_01653,2024-06-24,Beauty,4,310.52,1242.08,completed,wallet
ORD_0007492,CUST_00995,2024-02-16,Apparel,1,412.9,412.9,completed,netbanking
ORD_0007493,CUST_01632,2024-04-26,Home & Kitchen,2,144.27,288.54,completed,wallet
ORD_0007494,CUST_00563,2024-05-31,Home & Kitchen,1,345.68,345.68,completed,card
ORD_0007495,CUST_01169,2024-04-09,Home & Kitchen,3,106.19,318.57,completed,card
ORD_0007496,CUST_01707,2024-06-10,Books,3,29.24,87.72,cancelled,upi
ORD_0007497,CUST_01231,2024-05-26,Books,3,322.11,966.33,completed,upi
ORD_0007498,CUST_00297,2024-06-10,Home & Kitchen,1,34.08,34.08,completed,card
ORD_0007499,CUST_01773,2024-06-04,Home & Kitchen,4,385.29,1541.16,cancelled,upi
ORD_0007500,CUST_01979,2023-12-24,Beauty,4,358.54,1434.16,completed,card
ORD_0007501,CUST_01180,2024-01-04,Sports,1,187.55,187.55,completed,wallet
ORD_0007502,CUST_01759,2023-09-14,Beauty,2,287.6,575.2,cancelled,upi
ORD_0007503,CUST_01676,2024-02-05,Apparel,2,165.73,331.46,completed,wallet
ORD_0007504,CUST_00740,2024-06-17,Beauty,1,64.44,64.44,returned,upi
ORD_0007505,CUST_01451,2023-09-26,Apparel,5,374.19,1870.95,completed,upi
ORD_0007506,CUST_00006,2023-10-02,Apparel,4,94.85,379.4,completed,card
ORD_0007507,CUST_01050,2023-09-16,Home & Kitchen,5,93.27,466.35,completed,wallet
ORD_0007508,CUST_01169,2024-04-16,Electronics,4,230.56,922.24,completed,wallet
ORD_0007509,CUST_00017,2024-03-11,Electronics,5,406.76,2033.8,completed,upi
ORD_0007510,CUST_00486,2024-02-16,Apparel,3,286.84,860.52,completed,netbanking
ORD_0007511,CUST_00423,2024-01-08,Books,3,131.14,393.42,completed,wallet
ORD_0007512,CUST_01474,2023-09-12,Beauty,3,490.98,1472.94,returned,card
ORD_0007513,CUST_01580,2023-12-17,Electronics,1,291.5,291.5,completed,wallet
ORD_0007514,CUST_01363,2024-04-04,Books,1,380.45,380.45,completed,upi
ORD_0007515,CUST_00159,2024-06-25,Books,2,152.2,304.4,completed,card
ORD_0007516,CUST_00820,2024-01-29,Books,4,73.77,295.08,completed,wallet
ORD_0007517,CUST_01748,2024-05-22,Beauty,3,325.48,976.44,cancelled,wallet
ORD_0007518,CUST_01799,2024-01-12,Apparel,2,485.76,971.52,completed,upi
ORD_0007519,CUST_01962,2024-04-07,Books,3,87.76,263.28,completed,upi
ORD_0007520,CUST_00805,2024-04-11,Home & Kitchen,1,87.68,87.68,completed,netbanking
ORD_0007521,CUST_00280,2024-05-06,Sports,4,471.28,1885.12,completed,netbanking
ORD_0007522,CUST_01252,2023-06-25,Home & Kitchen,3,136.49,409.47,completed,wallet
ORD_0007523,CUST_00869,2024-02-03,Electronics,2,143.8,287.6,completed,wallet
ORD_0007524,CUST_01201,2024-06-16,Home & Kitchen,1,199.48,199.48,completed,netbanking
ORD_0007525,CUST_00445,2024-01-26,Apparel,5,130.88,654.4,completed,netbanking
ORD_0007526,CUST_01358,2024-06-15,Home & Kitchen,2,146.09,292.18,completed,netbanking
ORD_0007527,CUST_00654,2023-05-01,Sports,5,329.52,1647.6,completed,netbanking
ORD_0007528,CUST_01889,2024-01-28,Sports,4,76.77,307.08,completed,netbanking
ORD_0007529,CUST_01370,2024-05-18,Books,1,456.68,456.68,completed,card
ORD_0007530,CUST_00213,2024-05-13,Apparel,4,470.03,1880.12,completed,upi
ORD_0007531,CUST_01351,2024-06-20,Home & Kitchen,4,494.54,1978.16,completed,netbanking
ORD_0007532,CUST_01123,2024-06-05,Home & Kitchen,2,148.05,296.1,completed,upi
ORD_0007533,CUST_00880,2023-05-07,Sports,3,94.22,282.66,returned,upi
ORD_0007534,CUST_00012,2024-02-25,Beauty,4,279.27,1117.08,completed,card
ORD_0007535,CUST_01042,2024-01-12,Beauty,1,365.03,365.03,completed,card
ORD_0007536,CUST_01217,2024-06-27,Apparel,5,449.83,2249.15,cancelled,upi
ORD_0007537,CUST_00730,2023-09-17,Beauty,1,11.91,11.91,returned,netbanking
ORD_0007538,CUST_01572,2023-08-14,Beauty,2,321.24,642.48,completed,card
ORD_0007539,CUST_00434,2023-07-19,Sports,2,250.04,500.08,completed,card
ORD_0007540,CUST_00344,2024-02-27,Beauty,1,21.14,21.14,returned,upi
ORD_0007541,CUST_00982,2024-05-19,Apparel,5,462.99,2314.95,returned,wallet
ORD_0007542,CUST_01172,2024-06-18,Sports,5,415.83,2079.15,completed,netbanking
ORD_0007543,CUST_01902,2024-05-03,Electronics,2,221.28,442.56,completed,upi
ORD_0007544,CUST_00614,2024-06-18,Beauty,5,12.17,60.85,completed,card
ORD_0007545,CUST_00026,2024-04-07,Electronics,4,388.37,1553.48,completed,netbanking
ORD_0007546,CUST_00101,2024-06-21,Apparel,4,275.62,1102.48,completed,card
ORD_0007547,CUST_01037,2024-06-03,Home & Kitchen,5,400.13,2000.65,returned,upi
ORD_0007548,CUST_01957,2024-03-09,Electronics,1,275.25,275.25,cancelled,card
ORD_0007549,CUST_01599,2024-06-02,Sports,2,326.59,653.18,completed,wallet
ORD_0007550,CUST_01971,2023-03-03,Sports,1,482.21,482.21,completed,wallet
ORD_0007551,CUST_01980,2024-06-02,Electronics,3,293.14,879.42,completed,wallet
ORD_0007552,CUST_00226,2023-12-22,Apparel,5,450.04,2250.2,completed,wallet
ORD_0007553,CUST_00509,2024-06-08,Sports,2,351.47,702.94,completed,card
ORD_0007554,CUST_01546,2023-11-23,Sports,2,164.87,329.74,completed,netbanking
ORD_0007555,CUST_01068,2024-04-06,Apparel,2,141.84,283.68,completed,wallet
ORD_0007556,CUST_01108,2024-05-24,Home & Kitchen,4,46.45,185.8,cancelled,upi
ORD_0007557,CUST_01658,2024-06-13,Home & Kitchen,5,348.03,1740.15,completed,netbanking
ORD_0007558,CUST_01645,2024-05-16,Home & Kitchen,1,395.93,395.93,completed,wallet
ORD_0007559,CUST_00106,2024-02-05,Sports,4,492.58,1970.32,returned,card
ORD_0007560,CUST_00476,2023-12-29,Apparel,2,117.27,234.54,returned,upi
ORD_0007561,CUST_00235,2024-05-28,Home & Kitchen,4,97.96,391.84,completed,netbanking
ORD_0007562,CUST_01543,2024-01-10,Beauty,3,167.05,501.15,cancelled,wallet
ORD_0007563,CUST_00862,2024-03-08,Beauty,1,491.87,491.87,completed,upi
ORD_0007564,CUST_01110,2024-06-11,Electronics,1,193.93,193.93,completed,upi
ORD_0007565,CUST_01758,2024-02-29,Beauty,1,423.59,423.59,completed,netbanking
ORD_0007566,CUST_01254,2023-12-18,Electronics,5,357.63,1788.15,completed,wallet
ORD_0007567,CUST_00667,2024-01-06,Apparel,1,243.16,243.16,completed,wallet
ORD_0007568,CUST_00867,2024-05-11,Apparel,5,68.78,343.9,completed,wallet
ORD_0007569,CUST_01846,2024-06-21,Beauty,1,495.69,495.69,completed,card
ORD_0007570,CUST_01161,2024-01-08,Electronics,1,446.38,446.38,completed,wallet
ORD_0007571,CUST_00508,2023-09-02,Home & Kitchen,2,144.1,288.2,completed,wallet
ORD_0007572,CUST_00712,2024-05-02,Home & Kitchen,5,413.28,2066.4,completed,card
ORD_0007573,CUST_01315,2024-04-03,Beauty,4,255.28,1021.12,completed,netbanking
ORD_0007574,CUST_00134,2024-05-15,Home & Kitchen,5,65.26,326.3,returned,wallet
ORD_0007575,CUST_01187,2023-07-07,Sports,2,142.15,284.3,completed,upi
ORD_0007576,CUST_00059,2024-03-11,Sports,5,143.66,718.3,completed,card
ORD_0007577,CUST_00069,2024-06-18,Home & Kitchen,1,214.03,214.03,completed,card
ORD_0007578,CUST_01235,2024-06-11,Apparel,2,102.21,204.42,completed,wallet
ORD_0007579,CUST_01207,2024-05-27,Books,2,200.77,401.54,completed,upi
ORD_0007580,CUST_01450,2023-05-31,Home & Kitchen,4,180.01,720.04,completed,card
ORD_0007581,CUST_01343,2024-03-05,Electronics,3,20.07,60.21,completed,wallet
ORD_0007582,CUST_00226,2023-08-22,Sports,5,61.22,306.1,completed,card
ORD_0007583,CUST_00037,2024-06-27,Electronics,3,306.59,919.77,completed,netbanking
ORD_0007584,CUST_00441,2024-06-15,Home & Kitchen,3,293.81,881.43,completed,upi
ORD_0007585,CUST_01217,2024-05-28,Beauty,1,267.35,267.35,completed,netbanking
ORD_0007586,CUST_00525,2024-06-05,Books,2,135.31,270.62,cancelled,card
ORD_0007587,CUST_01625,2023-10-20,Sports,4,263.42,1053.68,completed,card
ORD_0007588,CUST_00961,2024-06-07,Beauty,5,437.85,2189.25,completed,upi
ORD_0007589,CUST_00361,2023-12-04,Electronics,1,303.12,303.12,completed,upi
ORD_0007590,CUST_00047,2024-06-01,Beauty,5,69.12,345.6,completed,upi
ORD_0007591,CUST_01976,2024-01-07,Sports,3,174.34,523.02,completed,card
ORD_0007592,CUST_01325,2024-06-08,Apparel,5,328.63,1643.15,completed,wallet
ORD_0007593,CUST_00858,2023-12-10,Sports,3,427.12,1281.36,completed,netbanking
ORD_0007594,CUST_00638,2024-02-18,Books,3,200.62,601.86,completed,card
ORD_0007595,CUST_00126,2023-10-23,Home & Kitchen,2,404.18,808.36,completed,wallet
ORD_0007596,CUST_00647,2024-04-28,Home & Kitchen,1,99.97,99.97,completed,netbanking
ORD_0007597,CUST_01117,2023-12-08,Home & Kitchen,4,288.4,1153.6,completed,wallet
ORD_0007598,CUST_00131,2023-11-29,Sports,5,428.33,2141.65,completed,card
ORD_0007599,CUST_01700,2024-05-22,Sports,3,23.74,71.22,cancelled,netbanking
ORD_0007600,CUST_00622,2024-06-19,Sports,3,162.51,487.53,completed,netbanking
ORD_0007601,CUST_00297,2024-04-04,Sports,4,181.18,724.72,returned,wallet
ORD_0007602,CUST_01673,2024-04-05,Beauty,2,399.13,798.26,completed,wallet
ORD_0007603,CUST_00800,2024-06-08,Beauty,4,248.16,992.64,completed,netbanking
ORD_0007604,CUST_01320,2024-06-01,Apparel,2,16.9,33.8,completed,netbanking
ORD_0007605,CUST_00985,2024-06-10,Books,5,251.97,1259.85,cancelled,netbanking
ORD_0007606,CUST_01605,2024-04-01,Apparel,1,60.2,60.2,completed,card
ORD_0007607,CUST_01630,2024-03-26,Books,4,279.81,1119.24,completed,card
ORD_0007608,CUST_01384,2024-05-02,Electronics,4,370.11,1480.44,returned,upi
ORD_0007609,CUST_00300,2024-04-28,Books,1,384.36,384.36,completed,upi
ORD_0007610,CUST_01755,2024-06-26,Books,2,185.47,370.94,completed,wallet
ORD_0007611,CUST_01289,2024-06-20,Home & Kitchen,2,430.98,861.96,completed,card
ORD_0007612,CUST_01716,2023-08-24,Books,2,398.54,797.08,completed,netbanking
ORD_0007613,CUST_01343,2023-12-29,Electronics,2,414.28,828.56,completed,upi
ORD_0007614,CUST_00438,2023-08-15,Electronics,2,325.38,650.76,completed,netbanking
ORD_0007615,CUST_01766,2024-06-19,Beauty,2,31.1,62.2,completed,netbanking
ORD_0007616,CUST_00035,2024-05-29,Beauty,1,276.82,276.82,completed,upi
ORD_0007617,CUST_00477,2023-05-05,Home & Kitchen,1,176.65,176.65,completed,upi
ORD_0007618,CUST_00664,2024-03-06,Beauty,2,475.94,951.88,completed,wallet
ORD_0007619,CUST_00696,2024-04-26,Home & Kitchen,1,390.55,390.55,completed,upi
ORD_0007620,CUST_00487,2024-02-11,Electronics,3,285.72,857.16,completed,wallet
ORD_0007621,CUST_00519,2024-02-03,Electronics,5,238.73,1193.65,completed,upi
ORD_0007622,CUST_01331,2024-06-28,Apparel,2,362.13,724.26,cancelled,upi
ORD_0007623,CUST_00197,2023-12-16,Sports,5,359.32,1796.6,completed,card
ORD_0007624,CUST_00196,2024-03-23,Electronics,2,435.97,871.94,returned,netbanking
ORD_0007625,CUST_00689,2023-12-23,Beauty,3,484.75,1454.25,completed,upi
ORD_0007626,CUST_01942,2023-10-15,Sports,1,97.4,97.4,completed,upi
ORD_0007627,CUST_00595,2023-02-06,Beauty,1,239.88,239.88,completed,netbanking
ORD_0007628,CUST_00546,2024-04-11,Books,3,442.55,1327.65,completed,wallet
ORD_0007629,CUST_00309,2023-12-07,Electronics,2,211.37,422.74,completed,card
ORD_0007630,CUST_01536,2023-06-20,Home & Kitchen,1,121.79,121.79,completed,wallet
ORD_0007631,CUST_01418,2023-10-26,Books,1,319.7,319.7,completed,netbanking
ORD_0007632,CUST_01767,2023-07-28,Electronics,2,497.27,994.54,cancelled,upi
ORD_0007633,CUST_00600,2023-11-17,Books,2,123.17,246.34,completed,wallet
ORD_0007634,CUST_00638,2024-03-09,Apparel,2,334.4,668.8,completed,netbanking
ORD_0007635,CUST_01877,2023-12-31,Books,5,315.05,1575.25,completed,upi
ORD_0007636,CUST_01880,2023-11-08,Apparel,1,43.66,43.66,cancelled,upi
ORD_0007637,CUST_00906,2023-11-16,Sports,5,466.25,2331.25,completed,card
ORD_0007638,CUST_00864,2024-06-16,Apparel,4,318.96,1275.84,completed,card
ORD_0007639,CUST_01491,2024-05-18,Beauty,1,254.34,254.34,returned,upi
ORD_0007640,CUST_00154,2023-03-15,Electronics,1,29.65,29.65,completed,netbanking
ORD_0007641,CUST_00804,2023-01-31,Apparel,1,412.14,412.14,completed,card
ORD_0007642,CUST_00638,2024-05-17,Books,3,415.74,1247.22,completed,wallet
ORD_0007643,CUST_01455,2024-06-28,Sports,1,20.22,20.22,returned,netbanking
ORD_0007644,CUST_00432,2024-06-26,Beauty,2,76.36,152.72,completed,upi
ORD_0007645,CUST_01692,2023-09-11,Home & Kitchen,5,13.99,69.95,completed,upi
ORD_0007646,CUST_00630,2024-06-23,Electronics,5,276.45,1382.25,completed,wallet
ORD_0007647,CUST_01226,2024-06-22,Books,4,184.87,739.48,completed,netbanking
ORD_0007648,CUST_00639,2024-04-02,Sports,5,182.72,913.6,cancelled,card
ORD_0007649,CUST_00525,2024-04-11,Apparel,2,383.65,767.3,returned,netbanking
ORD_0007650,CUST_00702,2023-07-24,Sports,3,232.24,696.72,completed,card
ORD_0007651,CUST_01944,2024-06-27,Sports,4,26.68,106.72,completed,wallet
ORD_0007652,CUST_01115,2024-06-27,Apparel,1,283.42,283.42,completed,netbanking
ORD_0007653,CUST_01391,2024-02-24,Home & Kitchen,5,401.17,2005.85,completed,netbanking
ORD_0007654,CUST_01098,2023-10-25,Beauty,5,183.99,919.95,completed,netbanking
ORD_0007655,CUST_00617,2023-12-31,Apparel,1,352.82,352.82,completed,netbanking
ORD_0007656,CUST_00950,2023-08-20,Electronics,5,374.03,1870.15,completed,wallet
ORD_0007657,CUST_01471,2023-03-07,Apparel,4,41.46,165.84,completed,card
ORD_0007658,CUST_00553,2023-09-10,Books,5,73.52,367.6,completed,wallet
ORD_0007659,CUST_00237,2024-06-29,Sports,2,113.66,227.32,completed,netbanking
ORD_0007660,CUST_00752,2024-06-07,Beauty,2,449.19,898.38,completed,card
ORD_0007661,CUST_01713,2024-03-30,Electronics,4,94.66,378.64,returned,wallet
ORD_0007662,CUST_00904,2024-05-19,Sports,2,39.52,79.04,cancelled,wallet
ORD_0007663,CUST_01151,2024-01-17,Sports,2,427.93,855.86,completed,netbanking
ORD_0007664,CUST_00820,2024-06-19,Beauty,4,88.83,355.32,completed,upi
ORD_0007665,CUST_01154,2023-04-14,Beauty,5,52.72,263.6,completed,upi
ORD_0007666,CUST_01125,2024-03-13,Sports,5,468.07,2340.35,returned,upi
ORD_0007667,CUST_01810,2024-03-11,Sports,1,226.77,226.77,completed,netbanking
ORD_0007668,CUST_00696,2024-04-09,Sports,3,28.03,84.09,completed,card
ORD_0007669,CUST_01403,2024-02-10,Books,3,213.1,639.3,cancelled,netbanking
ORD_0007670,CUST_00810,2024-02-22,Beauty,2,44.98,89.96,completed,upi
ORD_0007671,CUST_01383,2024-05-09,Sports,2,161.77,323.54,returned,netbanking
ORD_0007672,CUST_00552,2024-05-12,Home & Kitchen,4,435.55,1742.2,completed,netbanking
ORD_0007673,CUST_01214,2024-04-04,Beauty,4,178.04,712.16,completed,netbanking
ORD_0007674,CUST_00532,2023-12-07,Home & Kitchen,2,129.6,259.2,completed,netbanking
ORD_0007675,CUST_00684,2024-06-22,Beauty,1,53.73,53.73,completed,card
ORD_0007676,CUST_01859,2024-06-19,Sports,5,327.04,1635.2,completed,card
ORD_0007677,CUST_00419,2024-01-08,Home & Kitchen,2,486.22,972.44,returned,upi
ORD_0007678,CUST_00115,2024-06-24,Beauty,5,264.99,1324.95,completed,upi
ORD_0007679,CUST_01339,2024-05-23,Apparel,2,358.99,717.98,completed,netbanking
ORD_0007680,CUST_01797,2023-08-18,Sports,4,219.08,876.32,completed,wallet
ORD_0007681,CUST_01784,2024-06-21,Apparel,2,351.39,702.78,completed,wallet
ORD_0007682,CUST_01449,2024-06-09,Beauty,4,151.86,607.44,cancelled,card
ORD_0007683,CUST_01226,2024-05-29,Home & Kitchen,4,248.98,995.92,completed,netbanking
ORD_0007684,CUST_01189,2024-05-23,Sports,2,189.01,378.02,completed,card
ORD_0007685,CUST_01497,2024-03-19,Home & Kitchen,2,54.46,108.92,completed,upi
ORD_0007686,CUST_00107,2024-01-26,Home & Kitchen,2,175.66,351.32,completed,upi
ORD_0007687,CUST_00885,2024-06-20,Apparel,4,220.46,881.84,completed,wallet
ORD_0007688,CUST_00974,2024-01-10,Electronics,4,156.23,624.92,completed,card
ORD_0007689,CUST_00549,2024-06-25,Electronics,2,99.89,199.78,completed,netbanking
ORD_0007690,CUST_01864,2024-06-11,Beauty,3,476.71,1430.13,completed,card
ORD_0007691,CUST_01823,2023-10-03,Apparel,3,166.92,500.76,completed,wallet
ORD_0007692,CUST_01660,2024-06-20,Home & Kitchen,3,440.81,1322.43,completed,upi
ORD_0007693,CUST_00794,2024-01-08,Sports,3,16.72,50.16,returned,wallet
ORD_0007694,CUST_00111,2023-12-12,Sports,2,82.9,165.8,completed,upi
ORD_0007695,CUST_01968,2024-06-07,Sports,2,398.72,797.44,completed,wallet
ORD_0007696,CUST_01796,2024-05-20,Electronics,5,293.45,1467.25,completed,wallet
ORD_0007697,CUST_01296,2024-05-22,Beauty,3,470.88,1412.64,completed,netbanking
ORD_0007698,CUST_00584,2024-06-07,Apparel,2,25.66,51.32,completed,wallet
ORD_0007699,CUST_00212,2023-10-23,Apparel,1,221.75,221.75,completed,card
ORD_0007700,CUST_00944,2024-04-04,Home & Kitchen,2,253.32,506.64,completed,card
ORD_0007701,CUST_00093,2024-05-03,Beauty,3,35.93,107.79,completed,card
ORD_0007702,CUST_01816,2024-05-21,Apparel,5,310.73,1553.65,completed,wallet
ORD_0007703,CUST_00971,2024-06-14,Electronics,5,423.94,2119.7,cancelled,netbanking
ORD_0007704,CUST_01200,2023-04-30,Electronics,3,388.41,1165.23,completed,netbanking
ORD_0007705,CUST_00350,2023-09-19,Sports,5,380.98,1904.9,completed,card
ORD_0007706,CUST_00632,2023-05-04,Electronics,3,254.71,764.13,completed,wallet
ORD_0007707,CUST_01000,2024-05-01,Electronics,3,425.07,1275.21,completed,wallet
ORD_0007708,CUST_01250,2024-04-20,Electronics,2,75.55,151.1,cancelled,upi
ORD_0007709,CUST_00935,2024-06-02,Electronics,5,26.59,132.95,completed,netbanking
ORD_0007710,CUST_01381,2023-06-23,Books,3,352.39,1057.17,completed,upi
ORD_0007711,CUST_00024,2024-06-23,Beauty,5,161.82,809.1,completed,netbanking
ORD_0007712,CUST_00210,2023-11-02,Sports,5,101.12,505.6,completed,wallet
ORD_0007713,CUST_01802,2024-03-13,Books,4,412.48,1649.92,completed,wallet
ORD_0007714,CUST_00689,2023-09-17,Books,4,147.15,588.6,completed,wallet
ORD_0007715,CUST_01139,2024-01-23,Books,4,110.92,443.68,completed,netbanking
ORD_0007716,CUST_00485,2024-04-16,Beauty,1,329.99,329.99,completed,wallet
ORD_0007717,CUST_01649,2024-04-23,Home & Kitchen,3,297.94,893.82,cancelled,upi
ORD_0007718,CUST_00637,2023-03-27,Sports,4,67.65,270.6,completed,wallet
ORD_0007719,CUST_01122,2023-06-20,Apparel,3,209.31,627.93,completed,upi
ORD_0007720,CUST_00355,2024-02-16,Electronics,1,14.92,14.92,completed,upi
ORD_0007721,CUST_01421,2024-03-17,Electronics,3,290.08,870.24,completed,card
ORD_0007722,CUST_00174,2023-03-31,Electronics,2,32.26,64.52,completed,netbanking
ORD_0007723,CUST_00958,2024-02-21,Home & Kitchen,5,55.68,278.4,completed,wallet
ORD_0007724,CUST_00198,2024-04-26,Apparel,3,444.19,1332.57,completed,card
ORD_0007725,CUST_00382,2024-02-21,Beauty,2,136.19,272.38,completed,netbanking
ORD_0007726,CUST_01753,2024-06-18,Electronics,1,259.36,259.36,completed,card
ORD_0007727,CUST_01198,2024-04-28,Home & Kitchen,4,263.52,1054.08,completed,upi
ORD_0007728,CUST_00840,2024-06-26,Home & Kitchen,3,90.15,270.45,completed,netbanking
ORD_0007729,CUST_01391,2024-05-08,Books,1,474.18,474.18,completed,card
ORD_0007730,CUST_01289,2024-06-14,Books,3,205.25,615.75,completed,upi
ORD_0007731,CUST_01888,2023-11-29,Apparel,4,389.79,1559.16,completed,upi
ORD_0007732,CUST_00270,2024-05-19,Sports,1,362.87,362.87,completed,card
ORD_0007733,CUST_01042,2024-04-12,Home & Kitchen,2,111.95,223.9,completed,netbanking
ORD_0007734,CUST_00718,2023-10-01,Home & Kitchen,5,225.33,1126.65,returned,card
ORD_0007735,CUST_01125,2024-03-16,Electronics,5,447.84,2239.2,completed,netbanking
ORD_0007736,CUST_00798,2024-06-10,Sports,1,478.61,478.61,completed,card
ORD_0007737,CUST_01912,2023-10-26,Books,4,263.58,1054.32,completed,wallet
ORD_0007738,CUST_01131,2023-11-12,Electronics,5,449.43,2247.15,completed,netbanking
ORD_0007739,CUST_01655,2024-06-01,Home & Kitchen,5,37.05,185.25,completed,card
ORD_0007740,CUST_00710,2023-12-19,Apparel,4,320.15,1280.6,completed,card
ORD_0007741,CUST_01714,2023-12-19,Apparel,1,448.98,448.98,completed,upi
ORD_0007742,CUST_00024,2023-11-01,Apparel,1,344.14,344.14,completed,card
ORD_0007743,CUST_00863,2024-05-26,Home & Kitchen,5,78.06,390.3,completed,netbanking
ORD_0007744,CUST_00415,2024-05-24,Apparel,5,82.24,411.2,cancelled,card
ORD_0007745,CUST_00262,2024-06-01,Sports,5,60.7,303.5,completed,netbanking
ORD_0007746,CUST_01679,2024-03-20,Apparel,2,389.05,778.1,completed,upi
ORD_0007747,CUST_00467,2024-02-03,Home & Kitchen,4,80.37,321.48,completed,netbanking
ORD_0007748,CUST_00147,2024-02-24,Sports,1,262.71,262.71,completed,card
ORD_0007749,CUST_00521,2024-04-02,Home & Kitchen,5,327.6,1638.0,completed,upi
ORD_0007750,CUST_01374,2023-08-28,Apparel,2,346.01,692.02,completed,netbanking
ORD_0007751,CUST_00871,2024-06-27,Sports,1,304.83,304.83,completed,card
ORD_0007752,CUST_01042,2023-12-11,Apparel,5,206.0,1030.0,cancelled,card
ORD_0007753,CUST_00492,2024-06-02,Beauty,2,228.58,457.16,completed,upi
ORD_0007754,CUST_00166,2023-08-15,Home & Kitchen,3,334.38,1003.14,completed,upi
ORD_0007755,CUST_00317,2024-04-22,Home & Kitchen,1,360.05,360.05,cancelled,wallet
ORD_0007756,CUST_01643,2023-11-26,Apparel,3,90.99,272.97,completed,wallet
ORD_0007757,CUST_00411,2023-09-02,Sports,2,250.88,501.76,returned,netbanking
ORD_0007758,CUST_01327,2023-07-09,Books,5,113.88,569.4,returned,upi
ORD_0007759,CUST_00298,2024-05-06,Electronics,1,206.07,206.07,returned,upi
ORD_0007760,CUST_00005,2024-06-08,Books,4,129.14,516.56,completed,wallet
ORD_0007761,CUST_00990,2024-06-25,Home & Kitchen,3,477.6,1432.8,completed,wallet
ORD_0007762,CUST_01854,2024-05-14,Beauty,1,366.31,366.31,completed,upi
ORD_0007763,CUST_00464,2023-11-26,Sports,3,497.94,1493.82,completed,card
ORD_0007764,CUST_00378,2024-05-24,Beauty,5,364.44,1822.2,completed,netbanking
ORD_0007765,CUST_01601,2023-03-28,Beauty,3,224.03,672.09,completed,wallet
ORD_0007766,CUST_00778,2023-03-28,Beauty,5,92.69,463.45,returned,card
ORD_0007767,CUST_00315,2024-06-06,Books,4,306.73,1226.92,completed,card
ORD_0007768,CUST_01801,2024-01-11,Beauty,2,88.34,176.68,completed,wallet
ORD_0007769,CUST_00672,2024-04-15,Beauty,1,436.33,436.33,completed,wallet
ORD_0007770,CUST_00310,2024-05-26,Beauty,1,243.18,243.18,completed,card
ORD_0007771,CUST_00131,2023-10-05,Home & Kitchen,4,167.37,669.48,completed,wallet
ORD_0007772,CUST_00932,2024-06-18,Home & Kitchen,3,245.15,735.45,completed,wallet
ORD_0007773,CUST_00929,2024-01-07,Sports,3,137.6,412.8,completed,card
ORD_0007774,CUST_01609,2024-06-04,Books,1,353.48,353.48,completed,card
ORD_0007775,CUST_00482,2023-08-09,Sports,2,488.76,977.52,returned,upi
ORD_0007776,CUST_01382,2023-11-29,Apparel,1,284.42,284.42,completed,wallet
ORD_0007777,CUST_01650,2023-05-23,Beauty,3,356.35,1069.05,completed,upi
ORD_0007778,CUST_01264,2024-02-25,Apparel,1,390.87,390.87,completed,card
ORD_0007779,CUST_00390,2024-06-24,Apparel,3,110.83,332.49,completed,upi
ORD_0007780,CUST_00224,2023-08-08,Beauty,5,190.87,954.35,completed,netbanking
ORD_0007781,CUST_01129,2024-04-08,Sports,5,63.07,315.35,completed,netbanking
ORD_0007782,CUST_01158,2024-05-22,Beauty,4,121.84,487.36,completed,upi
ORD_0007783,CUST_01792,2024-01-14,Sports,5,29.1,145.5,completed,upi
ORD_0007784,CUST_01808,2024-06-23,Books,5,423.5,2117.5,completed,card
ORD_0007785,CUST_01289,2024-05-31,Home & Kitchen,4,97.46,389.84,cancelled,wallet
ORD_0007786,CUST_01151,2024-04-01,Apparel,2,454.81,909.62,completed,wallet
ORD_0007787,CUST_01186,2023-12-14,Sports,5,379.72,1898.6,completed,card
ORD_0007788,CUST_00958,2024-05-07,Sports,4,352.26,1409.04,completed,netbanking
ORD_0007789,CUST_00559,2024-06-07,Sports,5,41.48,207.4,completed,card
ORD_0007790,CUST_00217,2024-02-16,Books,3,337.75,1013.25,completed,upi
ORD_0007791,CUST_00662,2024-03-23,Beauty,4,121.98,487.92,completed,card
ORD_0007792,CUST_01077,2024-06-25,Home & Kitchen,2,175.35,350.7,completed,upi
ORD_0007793,CUST_00034,2024-01-30,Books,2,323.91,647.82,cancelled,upi
ORD_0007794,CUST_00993,2023-12-09,Home & Kitchen,2,66.16,132.32,returned,upi
ORD_0007795,CUST_00998,2024-06-23,Electronics,2,128.27,256.54,completed,upi
ORD_0007796,CUST_00589,2023-04-27,Apparel,4,198.01,792.04,completed,wallet
ORD_0007797,CUST_00947,2024-03-20,Books,3,399.36,1198.08,completed,wallet
ORD_0007798,CUST_00955,2023-07-19,Home & Kitchen,5,259.36,1296.8,completed,netbanking
ORD_0007799,CUST_00387,2024-06-16,Beauty,3,476.79,1430.37,completed,wallet
ORD_0007800,CUST_00587,2023-07-18,Sports,5,196.67,983.35,completed,wallet
ORD_0007801,CUST_01601,2024-06-13,Electronics,5,256.93,1284.65,completed,netbanking
ORD_0007802,CUST_01550,2024-04-05,Sports,2,310.97,621.94,completed,wallet
ORD_0007803,CUST_00984,2024-05-11,Electronics,2,200.89,401.78,completed,card
ORD_0007804,CUST_01873,2024-04-17,Electronics,1,51.83,51.83,completed,wallet
ORD_0007805,CUST_01741,2024-06-22,Electronics,4,274.8,1099.2,cancelled,upi
ORD_0007806,CUST_01501,2024-02-26,Home & Kitchen,2,243.52,487.04,completed,wallet
ORD_0007807,CUST_01391,2023-11-29,Apparel,2,456.65,913.3,completed,card
ORD_0007808,CUST_01279,2023-09-23,Apparel,2,316.23,632.46,completed,netbanking
ORD_0007809,CUST_01329,2024-04-04,Beauty,3,139.88,419.64,completed,netbanking
ORD_0007810,CUST_01575,2024-02-11,Books,4,474.12,1896.48,completed,wallet
ORD_0007811,CUST_01453,2024-06-29,Books,2,152.17,304.34,returned,wallet
ORD_0007812,CUST_01889,2023-11-16,Books,4,162.78,651.12,cancelled,wallet
ORD_0007813,CUST_00921,2023-12-22,Beauty,2,434.97,869.94,completed,card
ORD_0007814,CUST_00448,2024-05-09,Sports,4,308.54,1234.16,returned,upi
ORD_0007815,CUST_00928,2024-03-07,Apparel,1,412.86,412.86,completed,upi
ORD_0007816,CUST_01868,2024-02-23,Books,5,251.24,1256.2,completed,card
ORD_0007817,CUST_00363,2024-03-16,Electronics,1,96.32,96.32,cancelled,wallet
ORD_0007818,CUST_00445,2024-02-22,Books,5,64.7,323.5,completed,card
ORD_0007819,CUST_00355,2024-03-11,Home & Kitchen,2,93.52,187.04,completed,card
ORD_0007820,CUST_01245,2023-10-16,Apparel,2,165.28,330.56,completed,netbanking
ORD_0007821,CUST_00596,2023-09-27,Sports,4,339.49,1357.96,completed,netbanking
ORD_0007822,CUST_00058,2024-04-06,Beauty,2,183.86,367.72,completed,card
ORD_0007823,CUST_00544,2024-02-07,Electronics,2,32.81,65.62,completed,card
ORD_0007824,CUST_00315,2024-06-18,Books,4,457.98,1831.92,completed,wallet
ORD_0007825,CUST_01868,2024-06-25,Electronics,4,261.4,1045.6,completed,card
ORD_0007826,CUST_01004,2023-07-23,Electronics,5,375.4,1877.0,completed,upi
ORD_0007827,CUST_01794,2024-04-08,Books,3,49.37,148.11,completed,netbanking
ORD_0007828,CUST_01087,2023-07-27,Electronics,3,371.01,1113.03,completed,wallet
ORD_0007829,CUST_01014,2024-05-02,Electronics,5,430.48,2152.4,completed,netbanking
ORD_0007830,CUST_00140,2024-06-20,Beauty,2,11.39,22.78,cancelled,wallet
ORD_0007831,CUST_00718,2023-10-08,Sports,5,174.62,873.1,completed,netbanking
ORD_0007832,CUST_01918,2024-06-04,Beauty,5,152.1,760.5,completed,upi
ORD_0007833,CUST_01422,2023-08-03,Electronics,1,468.52,468.52,completed,wallet
ORD_0007834,CUST_00745,2024-03-10,Sports,5,231.86,1159.3,completed,upi
ORD_0007835,CUST_00286,2023-10-23,Beauty,4,394.83,1579.32,completed,card
ORD_0007836,CUST_00264,2024-04-10,Beauty,3,312.32,936.96,returned,upi
ORD_0007837,CUST_01815,2024-05-24,Apparel,2,479.79,959.58,completed,netbanking
ORD_0007838,CUST_01388,2024-06-29,Beauty,3,465.33,1395.99,completed,card
ORD_0007839,CUST_00928,2024-04-15,Home & Kitchen,3,277.46,832.38,completed,wallet
ORD_0007840,CUST_00962,2024-03-01,Books,2,126.47,252.94,completed,wallet
ORD_0007841,CUST_01066,2023-06-22,Books,5,15.35,76.75,completed,card
ORD_0007842,CUST_00834,2024-04-22,Books,5,12.18,60.9,completed,wallet
ORD_0007843,CUST_01273,2024-05-07,Sports,1,308.34,308.34,returned,card
ORD_0007844,CUST_00941,2024-01-03,Apparel,4,362.91,1451.64,completed,card
ORD_0007845,CUST_01024,2024-02-12,Apparel,3,271.07,813.21,completed,netbanking
ORD_0007846,CUST_01300,2024-02-17,Beauty,3,132.9,398.7,completed,card
ORD_0007847,CUST_01870,2024-04-21,Electronics,3,197.33,591.99,completed,netbanking
ORD_0007848,CUST_01531,2024-05-31,Electronics,3,284.59,853.77,cancelled,netbanking
ORD_0007849,CUST_01169,2024-04-25,Home & Kitchen,2,273.48,546.96,completed,card
ORD_0007850,CUST_01453,2024-05-14,Apparel,2,420.32,840.64,cancelled,card
ORD_0007851,CUST_00168,2024-06-16,Sports,3,440.28,1320.84,completed,upi
ORD_0007852,CUST_00851,2024-06-16,Home & Kitchen,5,370.27,1851.35,completed,wallet
ORD_0007853,CUST_01974,2023-09-28,Home & Kitchen,4,12.92,51.68,completed,card
ORD_0007854,CUST_00998,2024-04-15,Books,5,103.81,519.05,completed,card
ORD_0007855,CUST_01803,2024-04-26,Home & Kitchen,5,339.93,1699.65,completed,upi
ORD_0007856,CUST_01893,2023-12-18,Sports,3,228.95,686.85,cancelled,card
ORD_0007857,CUST_01570,2024-01-01,Sports,4,174.51,698.04,completed,wallet
ORD_0007858,CUST_00738,2024-02-23,Apparel,5,409.02,2045.1,returned,wallet
ORD_0007859,CUST_01104,2024-06-04,Books,1,218.66,218.66,completed,card
ORD_0007860,CUST_01278,2024-06-23,Sports,3,48.23,144.69,completed,wallet
ORD_0007861,CUST_00586,2024-06-27,Apparel,3,355.54,1066.62,completed,card
ORD_0007862,CUST_00973,2024-06-23,Home & Kitchen,4,497.11,1988.44,completed,wallet
ORD_0007863,CUST_00585,2024-04-17,Electronics,4,21.43,85.72,completed,netbanking
ORD_0007864,CUST_01511,2023-10-06,Beauty,5,363.59,1817.95,completed,netbanking
ORD_0007865,CUST_01766,2024-04-28,Beauty,3,378.86,1136.58,completed,upi
ORD_0007866,CUST_01749,2024-05-30,Electronics,3,161.0,483.0,completed,netbanking
ORD_0007867,CUST_00873,2024-04-29,Electronics,2,241.65,483.3,returned,netbanking
ORD_0007868,CUST_01673,2024-06-09,Books,4,89.3,357.2,returned,card
ORD_0007869,CUST_01106,2023-07-04,Sports,3,71.62,214.86,completed,card
ORD_0007870,CUST_01144,2023-12-29,Electronics,3,205.03,615.09,completed,netbanking
ORD_0007871,CUST_01910,2024-04-09,Beauty,1,205.86,205.86,completed,netbanking
ORD_0007872,CUST_01156,2024-05-20,Home & Kitchen,2,126.98,253.96,completed,upi
ORD_0007873,CUST_01056,2024-02-01,Apparel,2,365.58,731.16,completed,card
ORD_0007874,CUST_00540,2024-06-22,Home & Kitchen,2,185.24,370.48,completed,upi
ORD_0007875,CUST_01028,2024-05-18,Books,2,375.21,750.42,completed,netbanking
ORD_0007876,CUST_00426,2023-11-28,Beauty,4,309.16,1236.64,completed,card
ORD_0007877,CUST_01163,2023-12-09,Sports,1,84.3,84.3,cancelled,card
ORD_0007878,CUST_00081,2023-12-27,Beauty,2,448.97,897.94,completed,wallet
ORD_0007879,CUST_01739,2023-03-18,Sports,4,284.75,1139.0,completed,wallet
ORD_0007880,CUST_01631,2023-11-14,Beauty,3,350.09,1050.27,completed,card
ORD_0007881,CUST_00802,2023-05-21,Books,4,350.43,1401.72,completed,upi
ORD_0007882,CUST_01769,2024-06-29,Apparel,3,467.57,1402.71,completed,card
ORD_0007883,CUST_00316,2023-09-01,Apparel,5,67.04,335.2,completed,wallet
ORD_0007884,CUST_00672,2024-06-16,Electronics,2,488.33,976.66,cancelled,wallet
ORD_0007885,CUST_01771,2024-06-19,Books,4,454.93,1819.72,completed,upi
ORD_0007886,CUST_01242,2024-05-18,Electronics,2,114.16,228.32,completed,card
ORD_0007887,CUST_01565,2024-06-29,Books,1,66.62,66.62,completed,netbanking
ORD_0007888,CUST_00632,2023-12-16,Home & Kitchen,1,274.21,274.21,cancelled,wallet
ORD_0007889,CUST_00544,2024-04-11,Home & Kitchen,1,248.8,248.8,completed,upi
ORD_0007890,CUST_00195,2023-11-06,Home & Kitchen,2,119.08,238.16,returned,upi
ORD_0007891,CUST_00559,2024-06-23,Electronics,4,194.87,779.48,returned,netbanking
ORD_0007892,CUST_00147,2024-05-29,Beauty,1,421.45,421.45,completed,netbanking
ORD_0007893,CUST_00215,2024-03-20,Sports,1,196.08,196.08,completed,wallet
ORD_0007894,CUST_01423,2024-02-02,Sports,5,345.79,1728.95,completed,upi
ORD_0007895,CUST_01249,2024-06-04,Apparel,4,340.23,1360.92,cancelled,upi
ORD_0007896,CUST_00912,2024-05-31,Sports,4,25.74,102.96,completed,wallet
ORD_0007897,CUST_00442,2024-05-25,Beauty,3,461.51,1384.53,completed,card
ORD_0007898,CUST_00140,2023-12-15,Beauty,1,332.27,332.27,returned,card
ORD_0007899,CUST_00538,2024-06-12,Home & Kitchen,5,180.52,902.6,completed,netbanking
ORD_0007900,CUST_01182,2024-01-13,Electronics,2,472.43,944.86,completed,wallet
ORD_0007901,CUST_00748,2024-05-28,Electronics,5,367.88,1839.4,completed,netbanking
ORD_0007902,CUST_01988,2024-02-17,Sports,3,342.2,1026.6,completed,netbanking
ORD_0007903,CUST_00642,2024-02-01,Electronics,1,12.21,12.21,completed,upi
ORD_0007904,CUST_01033,2024-05-21,Books,4,10.8,43.2,completed,wallet
ORD_0007905,CUST_00046,2023-11-04,Electronics,2,42.67,85.34,returned,card
ORD_0007906,CUST_00070,2023-11-03,Sports,4,275.24,1100.96,completed,upi
ORD_0007907,CUST_00166,2023-02-26,Sports,1,267.86,267.86,completed,netbanking
ORD_0007908,CUST_00360,2023-12-14,Beauty,3,356.72,1070.16,completed,upi
ORD_0007909,CUST_00375,2024-04-07,Beauty,5,37.02,185.1,completed,netbanking
ORD_0007910,CUST_00581,2024-06-25,Electronics,1,235.38,235.38,completed,wallet
ORD_0007911,CUST_01020,2024-01-30,Sports,5,368.73,1843.65,completed,wallet
ORD_0007912,CUST_01545,2024-04-24,Electronics,1,238.15,238.15,returned,netbanking
ORD_0007913,CUST_01392,2024-02-07,Apparel,4,79.43,317.72,completed,upi
ORD_0007914,CUST_01940,2024-04-29,Beauty,5,336.78,1683.9,returned,card
ORD_0007915,CUST_00947,2024-02-20,Books,2,36.64,73.28,completed,card
ORD_0007916,CUST_00628,2024-03-22,Beauty,2,351.85,703.7,cancelled,wallet
ORD_0007917,CUST_00266,2024-02-02,Home & Kitchen,2,440.04,880.08,completed,upi
ORD_0007918,CUST_00943,2024-06-27,Apparel,3,115.83,347.49,completed,wallet
ORD_0007919,CUST_01562,2024-01-19,Books,2,175.27,350.54,returned,upi
ORD_0007920,CUST_00623,2024-05-29,Beauty,2,233.17,466.34,completed,upi
ORD_0007921,CUST_01834,2023-12-13,Books,1,44.93,44.93,completed,wallet
ORD_0007922,CUST_00745,2024-02-11,Sports,2,269.8,539.6,cancelled,netbanking
ORD_0007923,CUST_01842,2023-06-02,Apparel,5,164.52,822.6,completed,wallet
ORD_0007924,CUST_00216,2023-11-11,Electronics,1,349.14,349.14,completed,netbanking
ORD_0007925,CUST_00444,2024-02-10,Electronics,1,188.14,188.14,completed,card
ORD_0007926,CUST_01675,2024-04-04,Apparel,5,448.53,2242.65,returned,card
ORD_0007927,CUST_01360,2024-03-28,Sports,1,36.86,36.86,cancelled,wallet
ORD_0007928,CUST_01032,2024-03-28,Home & Kitchen,5,202.21,1011.05,completed,netbanking
ORD_0007929,CUST_00319,2024-05-10,Books,3,100.67,302.01,completed,netbanking
ORD_0007930,CUST_00958,2024-03-07,Home & Kitchen,3,349.62,1048.86,completed,upi
ORD_0007931,CUST_01191,2023-06-20,Electronics,4,251.9,1007.6,completed,upi
ORD_0007932,CUST_00300,2024-04-08,Books,2,356.9,713.8,completed,netbanking
ORD_0007933,CUST_00282,2023-07-07,Books,2,54.17,108.34,completed,netbanking
ORD_0007934,CUST_00358,2024-05-01,Home & Kitchen,5,398.08,1990.4,completed,wallet
ORD_0007935,CUST_00156,2024-05-19,Electronics,3,98.99,296.97,completed,upi
ORD_0007936,CUST_01361,2024-03-25,Books,4,441.77,1767.08,completed,card
ORD_0007937,CUST_00363,2023-09-06,Apparel,1,152.04,152.04,completed,upi
ORD_0007938,CUST_00769,2024-02-01,Books,2,497.38,994.76,completed,netbanking
ORD_0007939,CUST_00418,2023-09-30,Home & Kitchen,4,108.04,432.16,returned,wallet
ORD_0007940,CUST_01332,2024-04-09,Beauty,2,40.56,81.12,cancelled,netbanking
ORD_0007941,CUST_02000,2024-06-01,Books,3,259.54,778.62,returned,wallet
ORD_0007942,CUST_00730,2023-12-22,Sports,4,429.65,1718.6,completed,card
ORD_0007943,CUST_00708,2024-06-24,Beauty,5,249.76,1248.8,completed,upi
ORD_0007944,CUST_01460,2024-04-14,Sports,5,464.13,2320.65,cancelled,netbanking
ORD_0007945,CUST_01371,2024-05-29,Apparel,3,322.39,967.17,cancelled,upi
ORD_0007946,CUST_00837,2024-06-07,Electronics,4,66.08,264.32,completed,card
ORD_0007947,CUST_00649,2023-12-24,Beauty,1,58.57,58.57,completed,netbanking
ORD_0007948,CUST_00746,2024-01-21,Home & Kitchen,1,251.92,251.92,returned,card
ORD_0007949,CUST_01152,2024-05-04,Sports,4,399.65,1598.6,returned,card
ORD_0007950,CUST_00177,2024-03-05,Electronics,5,268.59,1342.95,completed,card
ORD_0007951,CUST_01504,2024-05-13,Sports,4,418.59,1674.36,completed,card
ORD_0007952,CUST_01687,2023-12-27,Sports,2,442.27,884.54,completed,card
ORD_0007953,CUST_00730,2024-03-13,Home & Kitchen,2,327.58,655.16,completed,wallet
ORD_0007954,CUST_00100,2024-06-09,Books,1,391.23,391.23,completed,wallet
ORD_0007955,CUST_00855,2024-05-26,Apparel,1,178.21,178.21,completed,upi
ORD_0007956,CUST_01750,2024-01-08,Beauty,5,395.74,1978.7,cancelled,card
ORD_0007957,CUST_01239,2023-11-07,Beauty,4,50.94,203.76,completed,upi
ORD_0007958,CUST_01365,2023-11-04,Electronics,2,253.32,506.64,completed,wallet
ORD_0007959,CUST_01601,2023-08-23,Books,2,176.63,353.26,completed,upi
ORD_0007960,CUST_00247,2023-09-10,Apparel,2,407.74,815.48,returned,card
ORD_0007961,CUST_00665,2023-11-16,Apparel,3,478.01,1434.03,cancelled,card
ORD_0007962,CUST_00907,2023-04-30,Beauty,1,371.19,371.19,completed,wallet
ORD_0007963,CUST_00430,2023-04-23,Books,1,267.25,267.25,completed,wallet
ORD_0007964,CUST_01785,2023-06-17,Books,1,287.5,287.5,completed,upi
ORD_0007965,CUST_00717,2023-04-06,Home & Kitchen,3,157.44,472.32,completed,upi
ORD_0007966,CUST_00224,2024-06-11,Electronics,1,118.94,118.94,completed,netbanking
ORD_0007967,CUST_01848,2024-05-09,Sports,1,479.88,479.88,completed,upi
ORD_0007968,CUST_00525,2023-12-09,Electronics,2,185.35,370.7,cancelled,netbanking
ORD_0007969,CUST_01419,2023-07-24,Books,4,450.21,1800.84,completed,wallet
ORD_0007970,CUST_00225,2024-03-10,Home & Kitchen,2,318.66,637.32,completed,card
ORD_0007971,CUST_00389,2024-03-16,Apparel,3,440.06,1320.18,completed,netbanking
ORD_0007972,CUST_01133,2024-06-17,Apparel,1,391.55,391.55,completed,wallet
ORD_0007973,CUST_01566,2024-06-01,Home & Kitchen,3,367.4,1102.2,completed,netbanking
ORD_0007974,CUST_00675,2024-03-27,Apparel,3,36.53,109.59,completed,wallet
ORD_0007975,CUST_00776,2023-10-22,Electronics,2,56.93,113.86,completed,wallet
ORD_0007976,CUST_01791,2024-03-21,Books,2,174.51,349.02,completed,netbanking
ORD_0007977,CUST_00522,2024-05-04,Electronics,3,445.52,1336.56,completed,card
ORD_0007978,CUST_00831,2024-01-17,Apparel,4,155.58,622.32,completed,card
ORD_0007979,CUST_01743,2024-05-23,Apparel,2,17.28,34.56,completed,netbanking
ORD_0007980,CUST_00410,2024-06-07,Beauty,1,19.49,19.49,completed,upi
ORD_0007981,CUST_00680,2024-02-09,Apparel,3,498.78,1496.34,returned,wallet
ORD_0007982,CUST_00489,2024-02-24,Sports,2,347.28,694.56,returned,upi
ORD_0007983,CUST_00638,2024-05-05,Sports,4,264.89,1059.56,returned,upi
ORD_0007984,CUST_00340,2023-08-25,Apparel,3,425.86,1277.58,completed,upi
ORD_0007985,CUST_01961,2023-12-29,Home & Kitchen,4,467.7,1870.8,completed,card
ORD_0007986,CUST_00395,2023-10-09,Electronics,5,134.84,674.2,completed,wallet
ORD_0007987,CUST_01817,2023-01-27,Books,3,268.64,805.92,returned,wallet
ORD_0007988,CUST_01492,2024-06-04,Electronics,2,89.69,179.38,returned,upi
ORD_0007989,CUST_01482,2023-11-30,Electronics,1,369.62,369.62,completed,upi
ORD_0007990,CUST_01356,2023-12-07,Electronics,2,483.12,966.24,completed,wallet
ORD_0007991,CUST_01312,2024-04-18,Apparel,5,157.83,789.15,completed,card
ORD_0007992,CUST_01626,2024-06-20,Beauty,2,57.51,115.02,completed,upi
ORD_0007993,CUST_01113,2023-09-15,Sports,4,195.0,780.0,completed,upi
ORD_0007994,CUST_00834,2024-06-26,Beauty,3,258.79,776.37,completed,netbanking
ORD_0007995,CUST_01263,2023-05-24,Sports,5,292.72,1463.6,completed,netbanking
ORD_0007996,CUST_01745,2023-08-26,Home & Kitchen,2,357.76,715.52,completed,netbanking
ORD_0007997,CUST_01487,2024-02-08,Sports,2,351.16,702.32,completed,wallet
ORD_0007998,CUST_00389,2024-06-02,Apparel,3,294.95,884.85,completed,card
ORD_0007999,CUST_01032,2024-06-05,Books,5,267.41,1337.05,completed,wallet
ORD_0008000,CUST_00820,2024-02-12,Apparel,2,408.62,817.24,completed,card
